[22Mar2026 23:26:32.818] [main/INFO] [cpw.mods.modlauncher.Launcher/MODLAUNCHER]: ModLauncher running: args [--launchTarget, forgeserver, --fml.forgeVersion, 47.4.10, --fml.mcVersion, 1.20.1, --fml.forgeGroup, net.minecraftforge, --fml.mcpVersion, 20230612.114412, nogui]
[22Mar2026 23:26:32.822] [main/INFO] [cpw.mods.modlauncher.Launcher/MODLAUNCHER]: ModLauncher 10.0.9+10.0.9+main.dcd20f30 starting: java version 17.0.18 by Ubuntu; OS Linux arch amd64 version 6.8.0-1044-azure
[22Mar2026 23:26:45.230] [main/INFO] [net.minecraftforge.fml.loading.ImmediateWindowHandler/]: ImmediateWindowProvider not loading because launch target is forgeserver
[22Mar2026 23:26:45.391] [main/INFO] [mixin/]: SpongePowered MIXIN Subsystem Version=0.8.5 Source=union:/workspaces/AYUCRAFT/servidor_minecraft/libraries/org/spongepowered/mixin/0.8.5/mixin-0.8.5.jar%2365!/ Service=ModLauncher Env=SERVER
[22Mar2026 23:26:45.781] [main/WARN] [net.minecraftforge.fml.loading.moddiscovery.ModDiscoverer/SCAN]: Locator {mods folder locator at /workspaces/AYUCRAFT/servidor_minecraft/mods} returned 2 files which are client-side-only mods, but we're on a dedicated server. They will be skipped!
[22Mar2026 23:26:46.261] [main/WARN] [net.minecraftforge.fml.loading.moddiscovery.ModFileParser/LOADING]: Mod file /workspaces/AYUCRAFT/servidor_minecraft/libraries/net/minecraftforge/fmlcore/1.20.1-47.4.10/fmlcore-1.20.1-47.4.10.jar is missing mods.toml file
[22Mar2026 23:26:46.263] [main/WARN] [net.minecraftforge.fml.loading.moddiscovery.ModFileParser/LOADING]: Mod file /workspaces/AYUCRAFT/servidor_minecraft/libraries/net/minecraftforge/javafmllanguage/1.20.1-47.4.10/javafmllanguage-1.20.1-47.4.10.jar is missing mods.toml file
[22Mar2026 23:26:46.265] [main/WARN] [net.minecraftforge.fml.loading.moddiscovery.ModFileParser/LOADING]: Mod file /workspaces/AYUCRAFT/servidor_minecraft/libraries/net/minecraftforge/lowcodelanguage/1.20.1-47.4.10/lowcodelanguage-1.20.1-47.4.10.jar is missing mods.toml file
[22Mar2026 23:26:46.266] [main/WARN] [net.minecraftforge.fml.loading.moddiscovery.ModFileParser/LOADING]: Mod file /workspaces/AYUCRAFT/servidor_minecraft/libraries/net/minecraftforge/mclanguage/1.20.1-47.4.10/mclanguage-1.20.1-47.4.10.jar is missing mods.toml file
[22Mar2026 23:26:47.272] [main/WARN] [net.minecraftforge.jarjar.selection.JarSelector/]: Attempted to select two dependency jars from JarJar which have the same identification: Mod File:  and Mod File: . Using Mod File: 
[22Mar2026 23:26:47.274] [main/INFO] [net.minecraftforge.fml.loading.moddiscovery.JarInJarDependencyLocator/]: Found 52 dependencies adding them to mods collection
[22Mar2026 23:26:51.546] [main/INFO] [mixin/]: Compatibility level set to JAVA_17
[22Mar2026 23:26:51.678] [main/ERROR] [mixin/]: Mixin config scaling_mobs.mixin.json does not specify "minVersion" property
[22Mar2026 23:26:52.097] [main/ERROR] [mixin/]: Mixin config cannibal.mixin.json does not specify "minVersion" property
[22Mar2026 23:26:52.127] [main/ERROR] [mixin/]: Mixin config yacl.mixins.json does not specify "minVersion" property
[22Mar2026 23:26:52.228] [main/INFO] [mixin/]: Successfully loaded Mixin Connector [com.sonicether.soundphysics.MixinConnector]
[22Mar2026 23:26:52.231] [main/INFO] [cpw.mods.modlauncher.LaunchServiceHandler/MODLAUNCHER]: Launching target 'forgeserver' with arguments [nogui]
[22Mar2026 23:26:52.397] [main/INFO] [C2ME Modules Manager/]: Initializing com.ishland.c2me.fixes.worldgen.threading_issues.mixin
[22Mar2026 23:26:52.587] [main/WARN] [mixin/]: Reference map 'parcool_compat_addon.refmap.json' for parcool_compat_addon.mixins.json could not be read. If this is a development environment you can ignore this message
[22Mar2026 23:26:52.594] [main/INFO] [C2ME Modules Manager/]: Initializing com.ishland.c2me.rewrites.chunk_serializer.mixin
[22Mar2026 23:26:52.595] [main/INFO] [C2ME Config System/]: Disabling config ioSystem.gcFreeChunkSerializer: Incompatible with architectury@9.2.14 (*) (defined in c2me)
[22Mar2026 23:26:52.595] [main/INFO] [C2ME Modules Manager/]: Disabling com.ishland.c2me.rewrites.chunk_serializer.mixin
[22Mar2026 23:26:52.611] [main/INFO] [C2ME Modules Manager/]: Initializing com.ishland.c2me.fixes.general.threading_issues.mixin
[22Mar2026 23:26:52.689] [main/INFO] [ModernFix/]: Loaded configuration file for ModernFix 5.26.2+mc1.20.1: 98 options available, 3 override(s) found
[22Mar2026 23:26:52.689] [main/WARN] [ModernFix/]: Option 'mixin.bugfix.paper_chunk_patches' overriden (by mods [c2me]) to 'false'
[22Mar2026 23:26:52.690] [main/WARN] [ModernFix/]: Option 'mixin.bugfix.chunk_deadlock' overriden (by mods [c2me]) to 'false'
[22Mar2026 23:26:52.690] [main/WARN] [ModernFix/]: Option 'mixin.perf.cache_strongholds' overriden (by mods [c2me]) to 'false'
[22Mar2026 23:26:52.690] [main/INFO] [ModernFix/]: Applying Nashorn fix
[22Mar2026 23:26:52.704] [main/INFO] [ModernFix/]: Applied Forge config corruption patch
[22Mar2026 23:26:52.723] [main/INFO] [C2ME Modules Manager/]: Initializing com.ishland.c2me.opts.math.mixin
[22Mar2026 23:26:52.739] [main/INFO] [C2ME Modules Manager/]: Initializing com.ishland.c2me.base.mixin
[22Mar2026 23:26:52.814] [main/INFO] [C2ME Modules Manager/]: Initializing com.ishland.c2me.fixes.worldgen.vanilla_bugs.mixin
[22Mar2026 23:26:52.826] [main/INFO] [C2ME Modules Manager/]: Initializing com.ishland.c2me.fixes.chunkio.threading_issues.mixin
[22Mar2026 23:26:52.830] [main/INFO] [C2ME Modules Manager/]: Initializing com.ishland.c2me.client.uncapvd.mixin
[22Mar2026 23:26:52.845] [main/WARN] [mixin/]: Reference map 'underground_village.refmap.json' for underground_village.mixins.json could not be read. If this is a development environment you can ignore this message
[22Mar2026 23:26:52.883] [main/INFO] [C2ME Modules Manager/]: Initializing com.ishland.c2me.rewrites.chunkio.mixin
[22Mar2026 23:26:52.883] [main/INFO] [C2ME Modules Manager/]: Disabling com.ishland.c2me.rewrites.chunkio.mixin
[22Mar2026 23:26:52.899] [main/INFO] [C2ME Modules Manager/]: Initializing com.ishland.c2me.opts.allocs.mixin
[22Mar2026 23:26:52.913] [main/INFO] [C2ME Modules Manager/]: Initializing com.ishland.c2me.threading.lighting.mixin
[22Mar2026 23:26:52.946] [main/WARN] [mixin/]: Reference map 'graveyard-FORGE-forge-refmap.json' for graveyard-forge.mixins.json could not be read. If this is a development environment you can ignore this message
[22Mar2026 23:26:52.952] [main/INFO] [C2ME Modules Manager/]: Initializing com.ishland.c2me.threading.chunkio.mixin
[22Mar2026 23:26:53.021] [main/INFO] [C2ME Modules Manager/]: Initializing com.ishland.c2me.opts.chunk_access.mixin
[22Mar2026 23:26:53.024] [main/INFO] [C2ME Modules Manager/]: Initializing com.ishland.c2me.opts.worldgen.vanilla.mixin
[22Mar2026 23:26:53.028] [main/INFO] [C2ME Modules Manager/]: Initializing com.ishland.c2me.opts.scheduling.mixin
[22Mar2026 23:26:53.083] [main/INFO] [C2ME Modules Manager/]: Initializing com.ishland.c2me.server.utils.mixin
[22Mar2026 23:26:53.097] [main/INFO] [C2ME Modules Manager/]: Initializing com.ishland.c2me.notickvd.mixin
[22Mar2026 23:26:53.138] [main/INFO] [C2ME Modules Manager/]: Initializing com.ishland.c2me.opts.worldgen.general.mixin
[22Mar2026 23:26:53.150] [main/INFO] [C2ME Modules Manager/]: Initializing com.ishland.c2me.opts.chunkio.mixin
[22Mar2026 23:26:53.177] [main/WARN] [mixin/]: Reference map 'coroutil.refmap.json' for coroutil.mixins.json could not be read. If this is a development environment you can ignore this message
[22Mar2026 23:26:53.187] [main/INFO] [C2ME Modules Manager/]: Initializing com.ishland.c2me.threading.worldgen.mixin
[22Mar2026 23:26:53.196] [main/INFO] [C2ME Modules Manager/]: Disabling com.ishland.c2me.threading.worldgen.mixin
[22Mar2026 23:26:53.352] [main/INFO] [Puzzles Lib/]: Loading 162 mods:
	- a_good_place 1.20-1.2.8
	- abridged 2.0.0
	- aiimprovements 0.5.2
	- alexsmobs 1.22.9
	- ambientsounds 6.1.11
	- ancient_elements 1.4.5
	- appleskin 2.5.1+mc1.20.1
	- architectury 9.2.14
	- atlaslib 1.1.12
	- attributefix 21.0.5
	- badmobs 19.0.4
	- badoptimizations 2.4.1
	- berezka_api 1.2.8.3
	- berezkas_save_place 1.0.3
	- bettercombat 1.8.6+1.20.1
	- betterendisland 1.20-Forge-2.0.6
	- bettermineshafts 1.20-Forge-4.0.4
	- bettermobcombat 1.3.0
	- biomesoplenty 19.0.0.96
	- block_factorys_bosses 1.0.9.1
	- bunker_down 1.1.6
	- c2me 0.2.0+alpha.12
		|-- c2me_base 0.2.0+alpha.12
		|-- c2me_client_uncapvd 0.2.0+alpha.12
		|-- c2me_fixes_chunkio_threading_issues 0.2.0+alpha.12
		|-- c2me_fixes_general_threading_issues 0.2.0+alpha.12
		|-- c2me_fixes_worldgen_threading_issues 0.2.0+alpha.12
		|-- c2me_fixes_worldgen_vanilla_bugs 0.2.0+alpha.12
		|-- c2me_notickvd 0.2.0+alpha.12
		|-- c2me_opts_allocs 0.2.0+alpha.12
		|-- c2me_opts_chunk_access 0.2.0+alpha.12
		|-- c2me_opts_chunkio 0.2.0+alpha.12
		|-- c2me_opts_math 0.2.0+alpha.12
		|-- c2me_opts_scheduling 0.2.0+alpha.12
		|-- c2me_opts_worldgen_general 0.2.0+alpha.12
		|-- c2me_opts_worldgen_vanilla 0.2.0+alpha.12
		|-- c2me_rewrites_chunk_serializer 0.2.0+alpha.12
		|-- c2me_rewrites_chunkio 0.2.0+alpha.12
		|-- c2me_server_utils 0.2.0+alpha.12
		|-- c2me_threading_chunkio 0.2.0+alpha.12
		|-- c2me_threading_lighting 0.2.0+alpha.12
		\-- c2me_threading_worldgen 0.2.0+alpha.12
	- cannibal 1.0.5-1.20.1
	- carbonconfig 1.20-1.2.8.2
	- carryon 2.1.2.7
	- caveoverhaul 1.3.4
	- cgm 1.4.19
	- citadel 2.6.2
	- cloth_config 11.1.136
	- clumps 12.0.0.4
	- collective 8.3
	- comforts 6.4.0+1.20.1
		\-- spectrelib 0.13.15+1.20.1
	- corgilib 4.0.3.4
	- coroutil 1.20.1-1.3.7
	- creativecore 2.12.32
	- curios 5.14.1+1.20.1
	- dataanchor 1.0.0.20
	- dtbop 1.20.1-3.3.4
	- dtquark 1.20.1-2.5.3
	- dynamictrees 1.20.1-1.4.10
	- enhancedai 3.3.6.3
	- enhancedcelestials 1.20.1-5.0.3.1
	- explorify 1.6.2
	- explosiveenhancement 1.1.0
	- extra_zombie_drops 1.0.0
	- extragore 5.2.3.1
	- fastipping 1.0.8
	- ferritecore 6.0.1
	- forge 47.4.10
	- framework 0.8.0
	- fzzy_config 0.7.6+1.20.1+forge
	- geckolib 4.7.3
	- glitchcore 0.0.1.1
	- graveyard 3.1
	- hammerlib 20.1.50
	- hardcoretruedarkness 4.0.0
	- hbm_m 0.1.2-alpha
	- hordes 1.5.4c
	- horrrs_pvz 1.81
	- illager_world_war 1.0.0
	- immersive_aircraft 1.4.0+1.20.1
	- improvableskills 20.1.13
	- improvedmobs 1.20.1-1.13.6
	- incontrol 1.20-9.4.6
	- insanelib 1.23.4.3
	- jade 11.13.2+forge
	- jei 15.20.0.106
	- journeymap 5.10.3
	- kiwi 11.10.1+forge
	- kotlinforforge 4.12.0
	- lcmt 1.0.10
	- lithostitched 1.4.11
	- logfilter 1.0
	- lostcities 1.20-7.4.11
	- man_of_many_planes 0.2.0+1.20.1
	- mca 7.6.15+1.20.1
	- memoryleakfix 1.1.5
	- minecraft 1.20.1
	- mining_quakes 1.1.3
		\-- conditional_mixin 0.6.4
	- mobcontrol 2.0.0-beta
	- mobplayeranimator 1.3.3
	- modelfix 1.15
	- modernfix 5.26.2+mc1.20.1
	- moonlight 1.20-2.16.28
		\-- mixinsquared 0.1.1
	- mr_limesplatus_ending 1-v1.1.0c
	- mru 1.0.4+1.20.1+forge
	- mutantmonsters 8.0.8
	- myserveriscompatible 1.0
	- nobz 1.3
	- parcool 3.4.3.0
	- parcool_compat_addon 1.1
	- particle_core 0.3.3+1.20.1+forge
	- particular 1.2.7
	- playeranimator 1.0.2-rc1+1.20
	- postapocalypse_structures 1.0.0
	- presencefootsteps 1.20.1-1.9.1-beta.1
	- puzzleslib 8.1.25
		\-- puzzlesaccessapi 8.0.7
	- quark 4.0-462
	- realmrpg_skeletons 1.1.0
	- rlovelyr 1.1.0
	- scalingmobs 2.4.3
	- securitycraft 1.10.1
	- sereneseasons 9.1.0.2
	- seriousplayeranimations 1.1.1
	- simply_traps 1.7
	- skinrestorer 2.6.0+1.20-forge
	- snowrealmagic 10.7.0
		|-- fabric_api_base 0.4.32+ef105b4977
		|-- fabric_renderer_api_v1 3.2.2+cf68abbe77
		\-- fabric_renderer_indigo 1.5.3+b5b2da4177
	- snowundertrees 1.4.12
	- sophisticatedbackpacks 3.23.19.1251
	- sophisticatedcore 1.2.68.1003
	- sound_physics_remastered 1.20.1-1.5.1
	- sparsestructures 3.0
	- spartanshields 3.1.1
	- spartanweaponry 3.2.1
	- spawnanimations 1.11.2+mod
	- starterkit 7.4
	- structurecontrol 1.8.5
	- tenshilib 1.20.1-1.7.6
	- terrablender 3.0.1.10
	- thalassophobia 1.0.0
	- tombstone 9.0.9
	- toughasnails 9.2.0.171
	- underground_bunkers 1.0.5
	- underground_village 1.5.5
	- valarian_conquest 4.1.1
	- voicechat 1.20.1-2.6.12
		\-- voicechat_api 2.6.0
	- wakes 1.0.5
	- walkietalkie 1.3.0
	- weaponmaster_ydm 4.2.3
	- wegotrunnners 1.0.0
	- yet_another_config_lib_v3 3.6.6+1.20.1-forge
	- yungsapi 1.20-Forge-4.0.6
	- zeta 1.0-30
	- zombieawareness 1.20.1-1.13.1
	- zombiesmore 2.0.0
[22Mar2026 23:26:54.351] [main/WARN] [mixin/]: Error loading class: dev/latvian/mods/kubejs/recipe/RecipesEventJS (java.lang.ClassNotFoundException: dev.latvian.mods.kubejs.recipe.RecipesEventJS)
[22Mar2026 23:26:54.351] [main/WARN] [mixin/]: @Mixin target dev.latvian.mods.kubejs.recipe.RecipesEventJS was not found mixins.hammerlib.json:bs.kubejs.RecipeEventJSMixin
[22Mar2026 23:26:55.059] [main/WARN] [mixin/]: Error loading class: net/minecraft/client/multiplayer/resolver/ServerAddressResolver (java.lang.ClassNotFoundException: net.minecraft.client.multiplayer.resolver.ServerAddressResolver)
[22Mar2026 23:26:55.060] [main/WARN] [mixin/]: @Mixin target net.minecraft.client.multiplayer.resolver.ServerAddressResolver was not found fastipping.mixins.json:AddressResolverMixin
[22Mar2026 23:26:55.063] [main/WARN] [mixin/]: Error loading class: net/minecraft/client/OptionInstance (java.lang.ClassNotFoundException: net.minecraft.client.OptionInstance)
[22Mar2026 23:26:55.063] [main/WARN] [mixin/]: @Mixin target net.minecraft.client.OptionInstance was not found c2me_client_uncapvd.mixins.json:ISimpleOption
[22Mar2026 23:26:55.067] [main/ERROR] [net.minecraftforge.fml.loading.RuntimeDistCleaner/DISTXFORM]: Attempted to load class net/minecraft/client/Options for invalid dist DEDICATED_SERVER
[22Mar2026 23:26:55.068] [main/WARN] [mixin/]: Error loading class: net/minecraft/client/Options (java.lang.RuntimeException: Attempted to load class net/minecraft/client/Options for invalid dist DEDICATED_SERVER)
[22Mar2026 23:26:55.068] [main/WARN] [mixin/]: @Mixin target net.minecraft.client.Options was not found c2me_client_uncapvd.mixins.json:MixinGameOptions
[22Mar2026 23:26:55.073] [main/WARN] [mixin/]: Error loading class: me/jellysquid/mods/sodium/client/gui/SodiumGameOptionPages (java.lang.ClassNotFoundException: me.jellysquid.mods.sodium.client.gui.SodiumGameOptionPages)
[22Mar2026 23:26:55.077] [main/WARN] [mixin/]: Error loading class: net/caffeinemc/sodium/config/user/UserConfigCategories (java.lang.ClassNotFoundException: net.caffeinemc.sodium.config.user.UserConfigCategories)
[22Mar2026 23:26:55.216] [main/WARN] [mixin/]: Error loading class: jeresources/api/util/LootConditionHelper (java.lang.ClassNotFoundException: jeresources.api.util.LootConditionHelper)
[22Mar2026 23:26:55.217] [main/WARN] [mixin/]: @Mixin target jeresources.api.util.LootConditionHelper was not found mixins.improvableskills.json:jer.LootConditionHelperMixin
[22Mar2026 23:26:55.404] [main/WARN] [mixin/]: Error loading class: net/fabricmc/fabric/impl/datagen/FabricDataGenHelper (java.lang.ClassNotFoundException: net.fabricmc.fabric.impl.datagen.FabricDataGenHelper)
[22Mar2026 23:26:55.640] [main/WARN] [mixin/]: Error loading class: xyz/przemyk/simpleplanes/upgrades/shooter/ShooterUpgrade (java.lang.ClassNotFoundException: xyz.przemyk.simpleplanes.upgrades.shooter.ShooterUpgrade)
[22Mar2026 23:26:55.641] [main/WARN] [mixin/]: @Mixin target xyz.przemyk.simpleplanes.upgrades.shooter.ShooterUpgrade was not found cgm.mixins.json:common.simpleplanes.ShooterUpgradeMixin
[22Mar2026 23:26:55.687] [main/WARN] [mixin/]: Error loading class: noppes/npcs/client/model/animation/AnimationHandler (java.lang.ClassNotFoundException: noppes.npcs.client.model.animation.AnimationHandler)
[22Mar2026 23:26:55.705] [main/WARN] [mixin/]: Error loading class: noppes/npcs/ai/EntityAIAttackTarget (java.lang.ClassNotFoundException: noppes.npcs.ai.EntityAIAttackTarget)
[22Mar2026 23:26:55.708] [main/WARN] [mixin/]: Error loading class: tallestegg/guardvillagers/entities/Guard$GuardMeleeGoal (java.lang.ClassNotFoundException: tallestegg.guardvillagers.entities.Guard$GuardMeleeGoal)
[22Mar2026 23:26:55.712] [main/WARN] [mixin/]: Error loading class: io/redspace/ironsspellbooks/entity/mobs/goals/WarlockAttackGoal (java.lang.ClassNotFoundException: io.redspace.ironsspellbooks.entity.mobs.goals.WarlockAttackGoal)
[22Mar2026 23:26:55.715] [main/WARN] [mixin/]: Error loading class: com/minecolonies/core/entity/ai/combat/AttackMoveAI (java.lang.ClassNotFoundException: com.minecolonies.core.entity.ai.combat.AttackMoveAI)
[22Mar2026 23:26:55.718] [main/WARN] [mixin/]: Error loading class: com/minecolonies/core/entity/ai/workers/guard/KnightCombatAI (java.lang.ClassNotFoundException: com.minecolonies.core.entity.ai.workers.guard.KnightCombatAI)
[22Mar2026 23:26:55.721] [main/WARN] [mixin/]: Error loading class: com/minecolonies/core/entity/mobs/aitasks/RaiderMeleeAI (java.lang.ClassNotFoundException: com.minecolonies.core.entity.mobs.aitasks.RaiderMeleeAI)
[22Mar2026 23:26:55.726] [main/WARN] [mixin/]: Error loading class: dev/xkmc/modulargolems/content/entity/goals/GolemMeleeGoal (java.lang.ClassNotFoundException: dev.xkmc.modulargolems.content.entity.goals.GolemMeleeGoal)
[22Mar2026 23:26:55.730] [main/WARN] [mixin/]: Error loading class: com/talhanation/recruits/entities/AbstractRecruitEntity (java.lang.ClassNotFoundException: com.talhanation.recruits.entities.AbstractRecruitEntity)
[22Mar2026 23:26:55.738] [main/WARN] [mixin/]: Error loading class: com/talhanation/recruits/util/AttackUtil (java.lang.ClassNotFoundException: com.talhanation.recruits.util.AttackUtil)
[22Mar2026 23:26:55.744] [main/WARN] [mixin/]: Error loading class: com/talhanation/recruits/entities/ai/HorsemanAttackAI (java.lang.ClassNotFoundException: com.talhanation.recruits.entities.ai.HorsemanAttackAI)
[22Mar2026 23:26:55.748] [main/WARN] [mixin/]: Error loading class: com/talhanation/recruits/entities/ai/pillager/PillagerMeleeAttackGoal (java.lang.ClassNotFoundException: com.talhanation.recruits.entities.ai.pillager.PillagerMeleeAttackGoal)
[22Mar2026 23:26:55.752] [main/WARN] [mixin/]: Error loading class: com/talhanation/recruits/entities/ai/RecruitEatGoal (java.lang.ClassNotFoundException: com.talhanation.recruits.entities.ai.RecruitEatGoal)
[22Mar2026 23:26:55.757] [main/WARN] [mixin/]: Error loading class: com/talhanation/recruits/entities/ai/RecruitMeleeAttackGoal (java.lang.ClassNotFoundException: com.talhanation.recruits.entities.ai.RecruitMeleeAttackGoal)
[22Mar2026 23:26:55.761] [main/WARN] [mixin/]: Error loading class: com/talhanation/recruits/entities/ai/UseShield (java.lang.ClassNotFoundException: com.talhanation.recruits.entities.ai.UseShield)
[22Mar2026 23:26:55.793] [main/WARN] [mixin/]: Error loading class: net/minecraft/client/model/PlayerModel (java.lang.ClassNotFoundException: net.minecraft.client.model.PlayerModel)
[22Mar2026 23:26:55.794] [main/WARN] [mixin/]: @Mixin target net.minecraft.client.model.PlayerModel was not found mixins.block_factorys_bosses.json:PlayerRollMixin
[22Mar2026 23:26:55.880] [main/WARN] [mixin/]: Error loading class: net/minecraft/client/renderer/entity/layers/CapeLayer (java.lang.ClassNotFoundException: net.minecraft.client.renderer.entity.layers.CapeLayer)
[22Mar2026 23:26:55.881] [main/WARN] [mixin/]: @Mixin target net.minecraft.client.renderer.entity.layers.CapeLayer was not found seriousplayeranimations.mixins.json:CapeRenderMixin
[22Mar2026 23:26:56.093] [main/WARN] [mixin/]: Error loading class: noobanidus/mods/lootr/config/ConfigManager (java.lang.ClassNotFoundException: noobanidus.mods.lootr.config.ConfigManager)
[22Mar2026 23:26:56.093] [main/WARN] [mixin/]: @Mixin target noobanidus.mods.lootr.config.ConfigManager was not found quark_integrations.mixins.json:lootr.ConfigManagerMixin
[22Mar2026 23:26:56.256] [main/INFO] [memoryleakfix/]: [MemoryLeakFix] Will be applying 1 memory leak fixes!
[22Mar2026 23:26:56.256] [main/INFO] [memoryleakfix/]: [MemoryLeakFix] Currently enabled memory leak fixes: [biomeTemperatureLeak]
[22Mar2026 23:26:56.831] [main/INFO] [MixinExtras|Service/]: Initializing MixinExtras via com.llamalad7.mixinextras.service.MixinExtrasServiceImpl(version=0.5.3).
[22Mar2026 23:26:57.744] [main/INFO] [net.minecraft.server.Bootstrap/]: ModernFix reached bootstrap stage (32.03 s after launch)
[22Mar2026 23:26:58.117] [main/WARN] [mixin/]: @Final field delegatesByName:Ljava/util/Map; in modernfix-modernfix.mixins.json:perf.forge_registry_alloc.ForgeRegistryMixin should be final
[22Mar2026 23:26:58.118] [main/WARN] [mixin/]: @Final field delegatesByValue:Ljava/util/Map; in modernfix-modernfix.mixins.json:perf.forge_registry_alloc.ForgeRegistryMixin should be final
[22Mar2026 23:27:00.439] [main/INFO] [net.minecraft.server.Bootstrap/]: Vanilla bootstrap took 2690 milliseconds
[22Mar2026 23:27:03.639] [main/WARN] [mixin/]: Static binding violation: PRIVATE @Overwrite method m_47505_ in modernfix-modernfix.mixins.json:perf.remove_biome_temperature_cache.BiomeMixin cannot reduce visibiliy of PUBLIC target method, visibility will be upgraded.
[22Mar2026 23:27:04.248] [modloading-worker-0/INFO] [Structure Control/]: Structure Control, Forge Init
[22Mar2026 23:27:04.252] [modloading-worker-0/INFO] [Structure Control/]: Structure Control, Platform: Forge, Env: production
[22Mar2026 23:27:04.276] [modloading-worker-0/INFO] [com.hbm_m.main.MainRegistry/]: Initializing Hbm's Nuclear Tech Mod Modernized
[22Mar2026 23:27:04.465] [modloading-worker-0/INFO] [insane96mcp.insanelib.InsaneLib/]: Found (COMMON) InsaneLib Feature class insane96mcp.insanelib.module.base.FixesFeature
[22Mar2026 23:27:04.470] [modloading-worker-0/INFO] [insane96mcp.insanelib.InsaneLib/]: Found (COMMON) InsaneLib Feature class insane96mcp.insanelib.module.base.TagsFeature
[22Mar2026 23:27:04.482] [modloading-worker-0/INFO] [insane96mcp.insanelib.InsaneLib/]: Found (COMMON) InsaneLib Feature class insane96mcp.insanelib.module.base.TimeStopNoPlayerOnline
[22Mar2026 23:27:04.510] [modloading-worker-0/INFO] [insane96mcp.insanelib.InsaneLib/]: Found (COMMON) InsaneLib Feature class insane96mcp.insanelib.module.base.betterfallingblocks.BetterFallingBlocks
[22Mar2026 23:27:04.679] [modloading-worker-0/INFO] [com.hbm_m.main.MainRegistry/]: Registered MobEffects for hbm_m
[22Mar2026 23:27:04.728] [modloading-worker-0/INFO] [com.hbm_m.main.MainRegistry/]: Radiation handlers registered. Using ChunkRadiationHandlerSimple.
[22Mar2026 23:27:04.729] [modloading-worker-0/INFO] [com.hbm_m.main.MainRegistry/]: Registered event listeners for Radiation System.
[22Mar2026 23:27:04.729] [modloading-worker-0/INFO] [com.hbm_m.main.MainRegistry/]: !!! MainRegistry: ClientSetup instance created, its Forge listeners should now be registered !!!
[22Mar2026 23:27:05.014] [modloading-worker-0/INFO] [coroutil/]: forge loader environment detected
[22Mar2026 23:27:05.349] [modloading-worker-0/INFO] [hordes/]: Trying to load common config
[22Mar2026 23:27:05.355] [modloading-worker-0/INFO] [hordes/]: Trying to load client config
[22Mar2026 23:27:05.367] [modloading-worker-0/INFO] [hordes/]: Config files are up to date, skipping data/asset generation
[22Mar2026 23:27:05.405] [modloading-worker-0/INFO] [snownee.snow.SnowRealMagic/]: SereneSeasons detected. Overriding weather behavior.
[22Mar2026 23:27:05.445] [modloading-worker-0/INFO] [net.hyrrx.hardcoretruedarkness.HardcoreTrueDarkness/]: hardcoretruedarkness Mod Initialized using hardcoded defaults. No configuration file is used.
[22Mar2026 23:27:05.467] [modloading-worker-0/INFO] [me.fallenbreath.fastipping.FastIpPingMod/]: ping & connect fast!
[22Mar2026 23:27:05.592] [modloading-worker-0/INFO] [Collective/]: Loading Collective version 8.3.
[22Mar2026 23:27:05.602] [modloading-worker-0/INFO] [HammerLib/]: Registered charge handler for type org.zeith.hammerlib.util.charging.fluid.FluidCharge - org.zeith.hammerlib.util.charging.impl.FluidChargeHandler@62154fa5
[22Mar2026 23:27:05.604] [modloading-worker-0/INFO] [HammerLib/]: Registered charge handler for type org.zeith.hammerlib.util.charging.fe.FECharge - org.zeith.hammerlib.util.charging.impl.FEChargeHandler@36846ee0
[22Mar2026 23:27:05.604] [modloading-worker-0/INFO] [HammerLib/]: Registered inventory lister org.zeith.hammerlib.util.charging.impl.VanillaPlayerInvLister
[22Mar2026 23:27:05.615] [modloading-worker-0/INFO] [HammerLib/]: Hooked Lorg/zeith/hammerlib/core/test/machine/TileTestMachine; from hammerlib to register it's stuff.
[22Mar2026 23:27:05.616] [modloading-worker-0/INFO] [HammerLib/]: Hooked Lorg/zeith/hammerlib/core/test/machine/RecipeTestMachine; from hammerlib to register it's stuff.
[22Mar2026 23:27:05.616] [modloading-worker-0/INFO] [HammerLib/]: Hooked Lorg/zeith/hammerlib/core/test/machine/BlockTestMachine; from hammerlib to register it's stuff.
[22Mar2026 23:27:05.616] [modloading-worker-0/INFO] [HammerLib/]: Hooked Lorg/zeith/hammerlib/core/recipes/replacers/WaterBottleReplacer; from hammerlib to register it's stuff.
[22Mar2026 23:27:05.617] [modloading-worker-0/INFO] [HammerLib/]: Hooked Lorg/zeith/hammerlib/core/recipes/replacers/RemainingReplacerRegistrar; from hammerlib to register it's stuff.
[22Mar2026 23:27:05.617] [modloading-worker-0/INFO] [HammerLib/]: Hooked Lorg/zeith/hammerlib/core/init/SourceTypesHL; from hammerlib to register it's stuff.
[22Mar2026 23:27:05.617] [modloading-worker-0/INFO] [HammerLib/]: Hooked Lorg/zeith/hammerlib/core/init/RecipesHL; from hammerlib to register it's stuff.
[22Mar2026 23:27:05.617] [modloading-worker-0/INFO] [HammerLib/]: Hooked Lorg/zeith/hammerlib/core/init/LevelActionTypesHL; from hammerlib to register it's stuff.
[22Mar2026 23:27:05.617] [modloading-worker-0/INFO] [HammerLib/]: Hooked Lorg/zeith/hammerlib/core/init/ItemsHL; from hammerlib to register it's stuff.
[22Mar2026 23:27:05.617] [modloading-worker-0/INFO] [HammerLib/]: Hooked Lorg/zeith/hammerlib/core/init/GearsHL; from hammerlib to register it's stuff.
[22Mar2026 23:27:05.618] [modloading-worker-0/INFO] [HammerLib/]: Hooked Lorg/zeith/hammerlib/api/forge/ContainerAPI; from hammerlib to register it's stuff.
[22Mar2026 23:27:05.618] [modloading-worker-0/INFO] [HammerLib/]: Injecting setup into org.zeith.hammerlib.net.Network
[22Mar2026 23:27:05.680] [modloading-worker-0/INFO] [lostcities/]: Creating standard profiles into 'config/lostcities/profiles'
[22Mar2026 23:27:05.692] [modloading-worker-0/INFO] [HammerLib/]: Hooked Lorg/zeith/improvableskills/init/SkillsIS; from improvableskills to register it's stuff.
[22Mar2026 23:27:05.692] [modloading-worker-0/INFO] [HammerLib/]: Hooked Lorg/zeith/improvableskills/init/RecipeTypesIS; from improvableskills to register it's stuff.
[22Mar2026 23:27:05.692] [modloading-worker-0/INFO] [HammerLib/]: Hooked Lorg/zeith/improvableskills/init/ParticleTypesIS; from improvableskills to register it's stuff.
[22Mar2026 23:27:05.692] [modloading-worker-0/INFO] [HammerLib/]: Hooked Lorg/zeith/improvableskills/init/PageletsIS; from improvableskills to register it's stuff.
[22Mar2026 23:27:05.692] [modloading-worker-0/INFO] [HammerLib/]: Hooked Lorg/zeith/improvableskills/init/ItemsIS; from improvableskills to register it's stuff.
[22Mar2026 23:27:05.692] [modloading-worker-0/INFO] [HammerLib/]: Hooked Lorg/zeith/improvableskills/init/GuiHooksIS; from improvableskills to register it's stuff.
[22Mar2026 23:27:05.694] [modloading-worker-0/INFO] [HammerLib/]: Hooked Lorg/zeith/improvableskills/init/AbilitiesIS; from improvableskills to register it's stuff.
[22Mar2026 23:27:05.696] [modloading-worker-0/INFO] [HammerLib/]: Injecting config setup into class org.zeith.improvableskills.cfg.ConfigsIS
[22Mar2026 23:27:05.799] [modloading-worker-0/INFO] [lostcities/]: Reading existing profiles from 'config/lostcities/profiles'
[22Mar2026 23:27:05.890] [modloading-worker-0/INFO] [Spartan Weaponry/]: Constructing Mod: Spartan Weaponry
[22Mar2026 23:27:05.890] [modloading-worker-0/INFO] [Spartan Weaponry/]: Initialising API! Version: 12
[22Mar2026 23:27:05.893] [modloading-worker-0/INFO] [Spartan Weaponry/]: Spartan Weaponry API version 12 has been initalized!
[22Mar2026 23:27:05.957] [modloading-worker-0/INFO] [insane96mcp.insanelib.InsaneLib/]: Found (COMMON) InsaneLib Feature class insane96mcp.enhancedai.modules.animal.AnimalScaredAttack
[22Mar2026 23:27:05.971] [modloading-worker-0/INFO] [insane96mcp.insanelib.InsaneLib/]: Found (COMMON) InsaneLib Feature class insane96mcp.enhancedai.modules.animal.AnimalsPanic
[22Mar2026 23:27:05.977] [modloading-worker-0/INFO] [insane96mcp.insanelib.InsaneLib/]: Found (COMMON) InsaneLib Feature class insane96mcp.enhancedai.modules.animal.NotTemptedAnimals
[22Mar2026 23:27:05.982] [modloading-worker-0/INFO] [insane96mcp.insanelib.InsaneLib/]: Found (COMMON) InsaneLib Feature class insane96mcp.enhancedai.modules.blaze.BlazeAttack
[22Mar2026 23:27:05.985] [modloading-worker-0/INFO] [insane96mcp.insanelib.InsaneLib/]: Found (COMMON) InsaneLib Feature class insane96mcp.enhancedai.modules.bugs.silverfish.mergewithstone.SilverfishMergeWithStone
[22Mar2026 23:27:05.992] [modloading-worker-0/INFO] [insane96mcp.insanelib.InsaneLib/]: Found (COMMON) InsaneLib Feature class insane96mcp.enhancedai.modules.bugs.silverfish.wakeupfriends.SilverfishWakeUpFriends
[22Mar2026 23:27:05.994] [modloading-worker-0/INFO] [insane96mcp.insanelib.InsaneLib/]: Found (COMMON) InsaneLib Feature class insane96mcp.enhancedai.modules.creeper.DisableFallingSwelling
[22Mar2026 23:27:06.000] [modloading-worker-0/INFO] [insane96mcp.insanelib.InsaneLib/]: Found (COMMON) InsaneLib Feature class insane96mcp.enhancedai.modules.creeper.TNTLike
[22Mar2026 23:27:06.007] [modloading-worker-0/INFO] [insane96mcp.insanelib.InsaneLib/]: Found (COMMON) InsaneLib Feature class insane96mcp.enhancedai.modules.creeper.launch.CreeperLaunch
[22Mar2026 23:27:06.030] [modloading-worker-0/INFO] [insane96mcp.insanelib.InsaneLib/]: Found (COMMON) InsaneLib Feature class insane96mcp.enhancedai.modules.creeper.swell.CreeperSwell
[22Mar2026 23:27:06.037] [modloading-worker-0/INFO] [dev.architectury.networking.forge.NetworkManagerImpl/]: Registering C2S receiver with id architectury:sync_ids
[22Mar2026 23:27:06.078] [modloading-worker-0/INFO] [insane96mcp.insanelib.InsaneLib/]: Found (COMMON) InsaneLib Feature class insane96mcp.enhancedai.modules.drowned.BetterDrownedSwimUp
[22Mar2026 23:27:06.084] [modloading-worker-0/INFO] [insane96mcp.insanelib.InsaneLib/]: Found (COMMON) InsaneLib Feature class insane96mcp.enhancedai.modules.drowned.DrownedAttackDuringDay
[22Mar2026 23:27:06.085] [modloading-worker-0/INFO] [insane96mcp.insanelib.InsaneLib/]: Found (COMMON) InsaneLib Feature class insane96mcp.enhancedai.modules.drowned.SunResistantDrowned
[22Mar2026 23:27:06.090] [modloading-worker-0/INFO] [insane96mcp.insanelib.InsaneLib/]: Found (COMMON) InsaneLib Feature class insane96mcp.enhancedai.modules.drowned.drowningtargets.DrowningTargets
[22Mar2026 23:27:06.106] [modloading-worker-0/INFO] [insane96mcp.insanelib.InsaneLib/]: Found (COMMON) InsaneLib Feature class insane96mcp.enhancedai.modules.ghast.GhastShooting
[22Mar2026 23:27:06.108] [modloading-worker-0/INFO] [insane96mcp.insanelib.InsaneLib/]: Found (COMMON) InsaneLib Feature class insane96mcp.enhancedai.modules.illager.RavagerFeature
[22Mar2026 23:27:06.110] [modloading-worker-0/INFO] [insane96mcp.insanelib.InsaneLib/]: Found (COMMON) InsaneLib Feature class insane96mcp.enhancedai.modules.illager.shoot.PillagerShoot
[22Mar2026 23:27:06.132] [modloading-worker-0/INFO] [insane96mcp.insanelib.InsaneLib/]: Found (COMMON) InsaneLib Feature class insane96mcp.enhancedai.modules.mobs.AirSteal
[22Mar2026 23:27:06.134] [modloading-worker-0/INFO] [insane96mcp.insanelib.InsaneLib/]: Found (COMMON) InsaneLib Feature class insane96mcp.enhancedai.modules.mobs.BitingMobs
[22Mar2026 23:27:06.138] [modloading-worker-0/INFO] [insane96mcp.insanelib.InsaneLib/]: Found (COMMON) InsaneLib Feature class insane96mcp.enhancedai.modules.mobs.FireImmuneTicks
[22Mar2026 23:27:06.166] [modloading-worker-0/INFO] [insane96mcp.insanelib.InsaneLib/]: Found (COMMON) InsaneLib Feature class insane96mcp.enhancedai.modules.mobs.FleeTarget
[22Mar2026 23:27:06.176] [modloading-worker-0/INFO] [insane96mcp.insanelib.InsaneLib/]: Found (COMMON) InsaneLib Feature class insane96mcp.enhancedai.modules.mobs.ItemDisruption
[22Mar2026 23:27:06.189] [modloading-worker-0/INFO] [insane96mcp.insanelib.InsaneLib/]: Found (COMMON) InsaneLib Feature class insane96mcp.enhancedai.modules.mobs.Jump
[22Mar2026 23:27:06.199] [modloading-worker-0/INFO] [insane96mcp.insanelib.InsaneLib/]: Found (COMMON) InsaneLib Feature class insane96mcp.enhancedai.modules.mobs.Leaders
[22Mar2026 23:27:06.207] [modloading-worker-0/INFO] [insane96mcp.insanelib.InsaneLib/]: Found (COMMON) InsaneLib Feature class insane96mcp.enhancedai.modules.mobs.MPRDataPack
[22Mar2026 23:27:06.213] [modloading-worker-0/INFO] [insane96mcp.insanelib.InsaneLib/]: Found (COMMON) InsaneLib Feature class insane96mcp.enhancedai.modules.mobs.MeleeAttacking
[22Mar2026 23:27:06.215] [modloading-worker-0/INFO] [insane96mcp.insanelib.InsaneLib/]: Found (COMMON) InsaneLib Feature class insane96mcp.enhancedai.modules.mobs.OpenDoors
[22Mar2026 23:27:06.219] [modloading-worker-0/INFO] [insane96mcp.insanelib.InsaneLib/]: Found (COMMON) InsaneLib Feature class insane96mcp.enhancedai.modules.mobs.Panic
[22Mar2026 23:27:06.222] [modloading-worker-0/INFO] [insane96mcp.insanelib.InsaneLib/]: Found (COMMON) InsaneLib Feature class insane96mcp.enhancedai.modules.mobs.Pathfinding
[22Mar2026 23:27:06.223] [modloading-worker-0/INFO] [insane96mcp.insanelib.InsaneLib/]: Found (COMMON) InsaneLib Feature class insane96mcp.enhancedai.modules.mobs.PushResistance
[22Mar2026 23:27:06.224] [modloading-worker-0/INFO] [insane96mcp.insanelib.InsaneLib/]: Found (COMMON) InsaneLib Feature class insane96mcp.enhancedai.modules.mobs.RandomStroll
[22Mar2026 23:27:06.228] [modloading-worker-0/INFO] [insane96mcp.insanelib.InsaneLib/]: Found (COMMON) InsaneLib Feature class insane96mcp.enhancedai.modules.mobs.Shielding
[22Mar2026 23:27:06.245] [modloading-worker-0/INFO] [insane96mcp.insanelib.InsaneLib/]: Found (COMMON) InsaneLib Feature class insane96mcp.enhancedai.modules.mobs.Spawning
[22Mar2026 23:27:06.250] [modloading-worker-0/INFO] [insane96mcp.insanelib.InsaneLib/]: Found (COMMON) InsaneLib Feature class insane96mcp.enhancedai.modules.mobs.Swimmers
[22Mar2026 23:27:06.252] [modloading-worker-0/INFO] [insane96mcp.insanelib.InsaneLib/]: Found (COMMON) InsaneLib Feature class insane96mcp.enhancedai.modules.mobs.anticheese.VehicleAntiCheese
[22Mar2026 23:27:06.258] [modloading-worker-0/INFO] [insane96mcp.insanelib.InsaneLib/]: Found (COMMON) InsaneLib Feature class insane96mcp.enhancedai.modules.mobs.avoidexplosion.AvoidExplosions
[22Mar2026 23:27:06.261] [modloading-worker-0/INFO] [insane96mcp.insanelib.InsaneLib/]: Found (COMMON) InsaneLib Feature class insane96mcp.enhancedai.modules.mobs.blindnessaffected.ActualBlindness
[22Mar2026 23:27:06.264] [modloading-worker-0/INFO] [insane96mcp.insanelib.InsaneLib/]: Found (COMMON) InsaneLib Feature class insane96mcp.enhancedai.modules.mobs.breakanger.BreakAnger
[22Mar2026 23:27:06.267] [modloading-worker-0/INFO] [insane96mcp.insanelib.InsaneLib/]: Found (COMMON) InsaneLib Feature class insane96mcp.enhancedai.modules.mobs.climbing.Climbing
[22Mar2026 23:27:06.270] [modloading-worker-0/INFO] [insane96mcp.insanelib.InsaneLib/]: Found (COMMON) InsaneLib Feature class insane96mcp.enhancedai.modules.mobs.fallingshockwave.FallingShockwave
[22Mar2026 23:27:06.279] [modloading-worker-0/INFO] [insane96mcp.insanelib.InsaneLib/]: Found (COMMON) InsaneLib Feature class insane96mcp.enhancedai.modules.mobs.fisher.FisherMobs
[22Mar2026 23:27:06.283] [modloading-worker-0/INFO] [insane96mcp.insanelib.InsaneLib/]: Found (COMMON) InsaneLib Feature class insane96mcp.enhancedai.modules.mobs.miner.MinerMobs
[22Mar2026 23:27:06.291] [modloading-worker-0/INFO] [insane96mcp.insanelib.InsaneLib/]: Found (COMMON) InsaneLib Feature class insane96mcp.enhancedai.modules.mobs.parkour.Parkour
[22Mar2026 23:27:06.299] [modloading-worker-0/INFO] [insane96mcp.insanelib.InsaneLib/]: Found (COMMON) InsaneLib Feature class insane96mcp.enhancedai.modules.mobs.pearler.PearlerMobs
[22Mar2026 23:27:06.309] [modloading-worker-0/INFO] [insane96mcp.insanelib.InsaneLib/]: Found (COMMON) InsaneLib Feature class insane96mcp.enhancedai.modules.mobs.pickandthrow.PickUpAndThrow
[22Mar2026 23:27:06.320] [modloading-worker-0/INFO] [insane96mcp.insanelib.InsaneLib/]: Found (COMMON) InsaneLib Feature class insane96mcp.enhancedai.modules.mobs.riding.Riding
[22Mar2026 23:27:06.330] [modloading-worker-0/INFO] [insane96mcp.insanelib.InsaneLib/]: Found (COMMON) InsaneLib Feature class insane96mcp.enhancedai.modules.mobs.sprint.Sprint
[22Mar2026 23:27:06.337] [modloading-worker-0/INFO] [insane96mcp.insanelib.InsaneLib/]: Found (COMMON) InsaneLib Feature class insane96mcp.enhancedai.modules.mobs.targeting.Targeting
[22Mar2026 23:27:06.345] [modloading-worker-0/INFO] [insane96mcp.insanelib.InsaneLib/]: Found (COMMON) InsaneLib Feature class insane96mcp.enhancedai.modules.mobs.teleportanticheese.TeleportAntiCheese
[22Mar2026 23:27:06.348] [modloading-worker-0/INFO] [insane96mcp.insanelib.InsaneLib/]: Found (COMMON) InsaneLib Feature class insane96mcp.enhancedai.modules.mobs.teleporttotarget.TeleportToTarget
[22Mar2026 23:27:06.351] [modloading-worker-0/INFO] [insane96mcp.insanelib.InsaneLib/]: Found (COMMON) InsaneLib Feature class insane96mcp.enhancedai.modules.mobs.webber.ThrowingWeb
[22Mar2026 23:27:06.354] [modloading-worker-0/INFO] [insane96mcp.insanelib.InsaneLib/]: Found (COMMON) InsaneLib Feature class insane96mcp.enhancedai.modules.shulker.ShulkerArmor
[22Mar2026 23:27:06.356] [modloading-worker-0/INFO] [insane96mcp.insanelib.InsaneLib/]: Found (COMMON) InsaneLib Feature class insane96mcp.enhancedai.modules.shulker.ShulkerBullets
[22Mar2026 23:27:06.357] [modloading-worker-0/INFO] [insane96mcp.insanelib.InsaneLib/]: Found (COMMON) InsaneLib Feature class insane96mcp.enhancedai.modules.shulker.shulkerattack.ShulkerAttack
[22Mar2026 23:27:06.360] [modloading-worker-0/INFO] [insane96mcp.insanelib.InsaneLib/]: Found (COMMON) InsaneLib Feature class insane96mcp.enhancedai.modules.skeleton.SkeletonFleeTarget
[22Mar2026 23:27:06.361] [modloading-worker-0/INFO] [insane96mcp.insanelib.InsaneLib/]: Found (COMMON) InsaneLib Feature class insane96mcp.enhancedai.modules.skeleton.WitherSkeletons
[22Mar2026 23:27:06.362] [modloading-worker-0/INFO] [insane96mcp.insanelib.InsaneLib/]: Found (COMMON) InsaneLib Feature class insane96mcp.enhancedai.modules.skeleton.shoot.SkeletonShoot
[22Mar2026 23:27:06.364] [modloading-worker-0/INFO] [insane96mcp.insanelib.InsaneLib/]: Found (COMMON) InsaneLib Feature class insane96mcp.enhancedai.modules.slime.MagmaCubeSurfSpeed
[22Mar2026 23:27:06.364] [modloading-worker-0/INFO] [insane96mcp.insanelib.InsaneLib/]: Found (COMMON) InsaneLib Feature class insane96mcp.enhancedai.modules.slime.SlimeAttackFix
[22Mar2026 23:27:06.366] [modloading-worker-0/INFO] [insane96mcp.insanelib.InsaneLib/]: Found (COMMON) InsaneLib Feature class insane96mcp.enhancedai.modules.slime.SlimeJumpDelay
[22Mar2026 23:27:06.368] [modloading-worker-0/INFO] [insane96mcp.insanelib.InsaneLib/]: Found (COMMON) InsaneLib Feature class insane96mcp.enhancedai.modules.slime.SlimeSize
[22Mar2026 23:27:06.371] [modloading-worker-0/INFO] [insane96mcp.insanelib.InsaneLib/]: Found (COMMON) InsaneLib Feature class insane96mcp.enhancedai.modules.snowgolem.SnowGolemsDamagingSnowballs
[22Mar2026 23:27:06.377] [modloading-worker-0/INFO] [insane96mcp.insanelib.InsaneLib/]: Found (COMMON) InsaneLib Feature class insane96mcp.enhancedai.modules.snowgolem.SnowGolemsFreezingSnowballs
[22Mar2026 23:27:06.379] [modloading-worker-0/INFO] [insane96mcp.insanelib.InsaneLib/]: Found (COMMON) InsaneLib Feature class insane96mcp.enhancedai.modules.snowgolem.SnowGolemsHealedBySnowballs
[22Mar2026 23:27:06.385] [modloading-worker-0/INFO] [insane96mcp.insanelib.InsaneLib/]: Found (COMMON) InsaneLib Feature class insane96mcp.enhancedai.modules.snowgolem.SnowballsInvulnerabilityFrames
[22Mar2026 23:27:06.388] [modloading-worker-0/INFO] [insane96mcp.insanelib.InsaneLib/]: Found (COMMON) InsaneLib Feature class insane96mcp.enhancedai.modules.spider.StuckFix
[22Mar2026 23:27:06.395] [modloading-worker-0/INFO] [insane96mcp.insanelib.InsaneLib/]: Found (COMMON) InsaneLib Feature class insane96mcp.enhancedai.modules.villager.VillagerAlertProtectors
[22Mar2026 23:27:06.398] [modloading-worker-0/INFO] [insane96mcp.insanelib.InsaneLib/]: Found (COMMON) InsaneLib Feature class insane96mcp.enhancedai.modules.villager.VillagerAttacking
[22Mar2026 23:27:06.403] [modloading-worker-0/INFO] [insane96mcp.insanelib.InsaneLib/]: Found (COMMON) InsaneLib Feature class insane96mcp.enhancedai.modules.warden.WardenDarknessRange
[22Mar2026 23:27:06.405] [modloading-worker-0/INFO] [insane96mcp.insanelib.InsaneLib/]: Found (COMMON) InsaneLib Feature class insane96mcp.enhancedai.modules.warden.WardenListenRange
[22Mar2026 23:27:06.414] [modloading-worker-0/INFO] [insane96mcp.insanelib.InsaneLib/]: Found (COMMON) InsaneLib Feature class insane96mcp.enhancedai.modules.warden.WardenSonicBoomRange
[22Mar2026 23:27:06.418] [modloading-worker-0/INFO] [insane96mcp.insanelib.InsaneLib/]: Found (COMMON) InsaneLib Feature class insane96mcp.enhancedai.modules.witch.ThirstyWitches
[22Mar2026 23:27:06.420] [modloading-worker-0/INFO] [insane96mcp.insanelib.InsaneLib/]: Found (COMMON) InsaneLib Feature class insane96mcp.enhancedai.modules.witch.alliedmonsters.AlliedMonsters
[22Mar2026 23:27:06.423] [modloading-worker-0/INFO] [insane96mcp.insanelib.InsaneLib/]: Found (COMMON) InsaneLib Feature class insane96mcp.enhancedai.modules.witch.darkart.DarkArt
[22Mar2026 23:27:06.429] [modloading-worker-0/INFO] [insane96mcp.insanelib.InsaneLib/]: Found (COMMON) InsaneLib Feature class insane96mcp.enhancedai.modules.witch.throwing.WitchPotionThrowing
[22Mar2026 23:27:06.482] [modloading-worker-0/INFO] [Mob Control/]: Mob Control, Platform: Forge, Env: production
[22Mar2026 23:27:06.556] [modloading-worker-0/INFO] [Puzzles Lib/]: Constructing common components for mutantmonsters:main
[22Mar2026 23:27:06.891] [modloading-worker-0/INFO] [snownee.kiwi.Kiwi/INIT]: Processing 7 KiwiModule annotations
[22Mar2026 23:27:07.407] [modloading-worker-0/INFO] [graveyard/]: Registered JSON trade offer adapter.
[22Mar2026 23:27:07.471] [modloading-worker-0/INFO] [org.berezka.berezka_api.Berezka_api/]: [Berezka API] Berezka is loading...
[22Mar2026 23:27:07.475] [modloading-worker-0/INFO] [org.berezka.berezka_api.berezka_api_main/]: [Berezka API] info: loading old plugins from folder: /workspaces/AYUCRAFT/servidor_minecraft/berezka_plugins/berezka_api directory exist: false
[22Mar2026 23:27:07.475] [modloading-worker-0/INFO] [org.berezka.berezka_api.berezka_api_main/]: [Berezka API] createConfig info: language is null, modid:berezka_api, configName: BerezkaAPI
[22Mar2026 23:27:07.475] [modloading-worker-0/INFO] [org.berezka.berezka_api.berezka_api_main/]: [Berezka API] Config param list for berezka_api is {DebugMode=[class java.lang.Boolean, Just debug mode, false, null, null], DevMode=[class java.lang.Boolean, Dev mode adds some commands, must be turned off for release version of modpack., false, null, null], DefaultDoExtraChecksValue=[class java.lang.Boolean, Default value of doExtraChecks (if value isn't provided), true, null, null], UseFolderPluginSystem=[class java.lang.Boolean, Creates berezka_plugins folder and loads data from it., false, null, null], FolderPluginSystemList=[interface java.util.List, Defines loot tables to replace: modid:path:target.json (path from loot_tables folder to target, target - name of loot table, required file must be in berezka_plugins/modid/target.json, example: berezka_api:chests/:berezkahousesmall_0.json), [], null, null], SpawnLessLoot=[class java.lang.Boolean, Spawns less loot., false, null, null], MaxSizeOfStructuresCache=[long, Maximum size of cache, 500, null, null], LifeTimeOfStricturesCacheEntry=[long, LifeTimeOfStricturesCacheEntry., 20000, null, null], StructuresRarityMultiplier=[class java.lang.Double, Multiplier of Structures Spacing and Separation., 1.0, null, null]}
[22Mar2026 23:27:07.479] [modloading-worker-0/INFO] [org.berezka.berezka_api.berezka_api_main/]: [Berezka API] Config for berezka_api successfully registered!
[22Mar2026 23:27:07.479] [modloading-worker-0/INFO] [org.berezka.berezka_api.berezka_api_main/]: [Berezka API] Config spec: net.minecraftforge.common.ForgeConfigSpec@259c3449
[22Mar2026 23:27:07.479] [modloading-worker-0/INFO] [org.berezka.berezka_api.berezka_api_main/]: [Berezka API] Config file path: /workspaces/AYUCRAFT/servidor_minecraft/config/BerezkaAPI.toml
[22Mar2026 23:27:07.479] [modloading-worker-0/INFO] [org.berezka.berezka_api.berezka_api_main/]: [Berezka API] config for berezka_api was created in 4ms
[22Mar2026 23:27:07.484] [modloading-worker-0/INFO] [org.berezka.berezka_api.Berezka_api/]: [Berezka API] API version 1.2.8.3 was loaded in 12ms
[22Mar2026 23:27:07.568] [modloading-worker-0/INFO] [particular/]: I am quite particular about the effects I choose to add :3
[22Mar2026 23:27:07.594] [modloading-worker-0/WARN] [fzzy_config/]: >>>>>>>>>>>>>>>
[22Mar2026 23:27:07.595] [modloading-worker-0/WARN] [fzzy_config/]: Error(s) found while deserializing config [particle_core_config]!
[22Mar2026 23:27:07.597] [modloading-worker-0/WARN] [fzzy_config/]:   Critical Deserialization Error: Exception encountered while deserializing TOML
java.lang.NoClassDefFoundError: net/minecraft/client/ParticleStatus
	at java.lang.Class.getDeclaredMethods0(Native Method) ~[?:?]
	at java.lang.Class.privateGetDeclaredMethods(Class.java:3404) ~[?:?]
	at java.lang.Class.getDeclaredMethod(Class.java:2675) ~[?:?]
	at kotlin.reflect.jvm.internal.KDeclarationContainerImpl.tryGetMethod(KDeclarationContainerImpl.kt:189) ~[kotlinforforge-4.12.0-all.jar%23305!/:?]
	at kotlin.reflect.jvm.internal.KDeclarationContainerImpl.lookupMethod(KDeclarationContainerImpl.kt:166) ~[kotlinforforge-4.12.0-all.jar%23305!/:?]
	at kotlin.reflect.jvm.internal.KDeclarationContainerImpl.findMethodBySignature(KDeclarationContainerImpl.kt:218) ~[kotlinforforge-4.12.0-all.jar%23305!/:?]
	at kotlin.reflect.jvm.internal.KPropertyImplKt.computeCallerForAccessor(KPropertyImpl.kt:263) ~[kotlinforforge-4.12.0-all.jar%23305!/:?]
	at kotlin.reflect.jvm.internal.KPropertyImplKt.access$computeCallerForAccessor(KPropertyImpl.kt:1) ~[kotlinforforge-4.12.0-all.jar%23305!/:?]
	at kotlin.reflect.jvm.internal.KPropertyImpl$Getter.caller_delegate$lambda$0(KPropertyImpl.kt:180) ~[kotlinforforge-4.12.0-all.jar%23305!/:?]
	at kotlin.reflect.jvm.internal.KPropertyImpl$Getter.accessor$KPropertyImpl$Getter$lambda1(KPropertyImpl.kt) ~[kotlinforforge-4.12.0-all.jar%23305!/:?]
	at kotlin.reflect.jvm.internal.KPropertyImpl$Getter$$Lambda$1.invoke(Unknown Source) ~[kotlinforforge-4.12.0-all.jar%23305!/:?]
	at kotlin.SafePublicationLazyImpl.getValue(LazyJVM.kt:125) ~[kotlinforforge-4.12.0-all.jar%23305!/:?]
	at kotlin.reflect.jvm.internal.KPropertyImpl$Getter.getCaller(KPropertyImpl.kt:179) ~[kotlinforforge-4.12.0-all.jar%23305!/:?]
	at kotlin.reflect.jvm.ReflectJvmMapping.getJavaMethod(ReflectJvmMapping.kt:60) ~[kotlinforforge-4.12.0-all.jar%23305!/:?]
	at kotlin.reflect.jvm.ReflectJvmMapping.getJavaGetter(ReflectJvmMapping.kt:45) ~[kotlinforforge-4.12.0-all.jar%23305!/:?]
	at me.fzzyhmstrs.fzzy_config.impl.ConfigApiImpl.trySetAccessible(ConfigApiImpl.kt:1259) ~[fzzy_config-0.7.6+1.20.1+forge.jar%23288!/:?]
	at me.fzzyhmstrs.fzzy_config.impl.ConfigApiImpl.deserializeFromToml$fzzy_config(ConfigApiImpl.kt:612) ~[fzzy_config-0.7.6+1.20.1+forge.jar%23288!/:?]
	at me.fzzyhmstrs.fzzy_config.impl.ConfigApiImpl.deserializeConfig$fzzy_config(ConfigApiImpl.kt:727) ~[fzzy_config-0.7.6+1.20.1+forge.jar%23288!/:?]
	at me.fzzyhmstrs.fzzy_config.impl.ConfigApiImpl.readOrCreateAndValidate$fzzy_config(ConfigApiImpl.kt:275) ~[fzzy_config-0.7.6+1.20.1+forge.jar%23288!/:?]
	at me.fzzyhmstrs.fzzy_config.impl.ConfigApiImpl.readOrCreateAndValidate$fzzy_config$default(ConfigApiImpl.kt:249) ~[fzzy_config-0.7.6+1.20.1+forge.jar%23288!/:?]
	at me.fzzyhmstrs.fzzy_config.impl.ConfigApiImpl.registerAndLoadClient(ConfigApiImpl.kt:196) ~[fzzy_config-0.7.6+1.20.1+forge.jar%23288!/:?]
	at me.fzzyhmstrs.fzzy_config.impl.ConfigApiImpl.registerAndLoadConfig$fzzy_config(ConfigApiImpl.kt:185) ~[fzzy_config-0.7.6+1.20.1+forge.jar%23288!/:?]
	at me.fzzyhmstrs.fzzy_config.impl.ConfigApiImpl.registerAndLoadConfig$fzzy_config$default(ConfigApiImpl.kt:181) ~[fzzy_config-0.7.6+1.20.1+forge.jar%23288!/:?]
	at me.fzzyhmstrs.fzzy_config.api.ConfigApi.registerAndLoadConfig(ConfigApi.kt:116) ~[fzzy_config-0.7.6+1.20.1+forge.jar%23288!/:?]
	at me.fzzyhmstrs.particle_core.PcConfig.<clinit>(PcConfig.kt:35) ~[particle_core-0.3.3+1.20.1+forge.jar%23327!/:?]
	at me.fzzyhmstrs.particle_core.ParticleCoreForge.<init>(PcConfig.kt:19) ~[particle_core-0.3.3+1.20.1+forge.jar%23327!/:?]
	at jdk.internal.reflect.NativeConstructorAccessorImpl.newInstance0(Native Method) ~[?:?]
	at jdk.internal.reflect.NativeConstructorAccessorImpl.newInstance(NativeConstructorAccessorImpl.java:77) ~[?:?]
	at jdk.internal.reflect.DelegatingConstructorAccessorImpl.newInstance(DelegatingConstructorAccessorImpl.java:45) ~[?:?]
	at java.lang.reflect.Constructor.newInstanceWithCaller(Constructor.java:500) ~[?:?]
	at java.lang.reflect.Constructor.newInstance(Constructor.java:481) ~[?:?]
	at net.minecraftforge.fml.javafmlmod.FMLModContainer.constructMod(FMLModContainer.java:77) ~[javafmllanguage-1.20.1-47.4.10.jar%23379!/:?]
	at net.minecraftforge.fml.ModContainer.lambda$buildTransitionHandler$5(ModContainer.java:126) ~[fmlcore-1.20.1-47.4.10.jar%23378!/:?]
	at java.util.concurrent.CompletableFuture$AsyncRun.run(CompletableFuture.java:1804) ~[?:?]
	at java.util.concurrent.CompletableFuture$AsyncRun.exec(CompletableFuture.java:1796) ~[?:?]
	at java.util.concurrent.ForkJoinTask.doExec(ForkJoinTask.java:373) ~[?:?]
	at java.util.concurrent.ForkJoinPool$WorkQueue.topLevelExec(ForkJoinPool.java:1182) ~[?:?]
	at java.util.concurrent.ForkJoinPool.scan(ForkJoinPool.java:1655) ~[?:?]
	at java.util.concurrent.ForkJoinPool.runWorker(ForkJoinPool.java:1622) ~[?:?]
	at java.util.concurrent.ForkJoinWorkerThread.run(ForkJoinWorkerThread.java:165) ~[?:?]
Caused by: java.lang.ClassNotFoundException: net.minecraft.client.ParticleStatus
	at cpw.mods.cl.ModuleClassLoader.loadClass(ModuleClassLoader.java:141) ~[securejarhandler-2.1.10.jar:?]
	at java.lang.ClassLoader.loadClass(ClassLoader.java:525) ~[?:?]
	... 40 more
[22Mar2026 23:27:07.602] [modloading-worker-0/WARN] [fzzy_config/]: >>>>>>>>>>>>>>>
[22Mar2026 23:27:07.625] [modloading-worker-0/INFO] [net.minecraftforge.common.ForgeMod/FORGEMOD]: Forge mod loading, version 47.4.10, for MC 1.20.1 with MCP 20230612.114412
[22Mar2026 23:27:07.625] [modloading-worker-0/INFO] [net.minecraftforge.common.MinecraftForge/FORGE]: MinecraftForge v47.4.10 Initialized
[22Mar2026 23:27:07.639] [modloading-worker-0/INFO] [fzzy_config/]: Loaded config :particle_core_config in 1080ms
[22Mar2026 23:27:07.745] [modloading-worker-0/INFO] [org.berezka.berezkas_save_place.Berezkas_save_place/]: mod berezka_api is founded. access to API...
[22Mar2026 23:27:07.746] [modloading-worker-0/INFO] [org.berezka.berezkas_save_place.Berezkas_save_place/]: clazz: class org.berezka.berezka_api.Berezka_api is loaded: true
[22Mar2026 23:27:07.756] [modloading-worker-0/INFO] [org.berezka.berezkas_save_place.Berezkas_save_place/]: API version is 3
[22Mar2026 23:27:07.756] [modloading-worker-0/INFO] [org.berezka.berezkas_save_place.Berezkas_save_place/]: Mod berezkas_save_place is loaded
[22Mar2026 23:27:07.756] [modloading-worker-0/INFO] [org.berezka.berezkas_save_place.Berezkas_save_place/]: param list: {BunkerSpacing=[class java.lang.Integer, Average distance between two neighboring generation attempts., 20, 0, 4096], BunkerSeparation=[class java.lang.Integer, Minimum distance between two neighboring attempts., 2, 0, 4096], BunkerBiomes=[interface java.util.List, Defines the list of biomes where this structure can spawn., [plains, snowy_plains, sunflower_plains], null, null]}
[22Mar2026 23:27:07.758] [modloading-worker-0/WARN] [org.berezka.berezkas_save_place.Berezkas_save_place/]: Method createConfig: public static void org.berezka.berezka_api.berezka_api_main.createConfig(java.lang.String,java.lang.String,net.minecraftforge.fml.javafmlmod.FMLJavaModLoadingContext,java.util.Map)
[22Mar2026 23:27:07.758] [modloading-worker-0/INFO] [org.berezka.berezka_api.berezka_api_main/]: [Berezka API] createConfig info: language is null, modid:berezkas_save_place, configName: BerezkasBunker
[22Mar2026 23:27:07.759] [modloading-worker-0/INFO] [org.berezka.berezka_api.berezka_api_main/]: [Berezka API] Config param list for berezkas_save_place is {BunkerSpacing=[class java.lang.Integer, Average distance between two neighboring generation attempts., 20, 0, 4096], BunkerSeparation=[class java.lang.Integer, Minimum distance between two neighboring attempts., 2, 0, 4096], BunkerBiomes=[interface java.util.List, Defines the list of biomes where this structure can spawn., [plains, snowy_plains, sunflower_plains], null, null]}
[22Mar2026 23:27:07.760] [modloading-worker-0/INFO] [org.berezka.berezka_api.berezka_api_main/]: [Berezka API] Config for berezkas_save_place successfully registered!
[22Mar2026 23:27:07.760] [modloading-worker-0/INFO] [org.berezka.berezka_api.berezka_api_main/]: [Berezka API] Config spec: net.minecraftforge.common.ForgeConfigSpec@2ff9cc27
[22Mar2026 23:27:07.760] [modloading-worker-0/INFO] [org.berezka.berezka_api.berezka_api_main/]: [Berezka API] Config file path: /workspaces/AYUCRAFT/servidor_minecraft/config/BerezkasBunker.toml
[22Mar2026 23:27:07.760] [modloading-worker-0/INFO] [org.berezka.berezka_api.berezka_api_main/]: [Berezka API] config for berezkas_save_place was created in 2ms
[22Mar2026 23:27:07.761] [modloading-worker-0/INFO] [org.berezka.berezka_api.berezka_api_main/]: [Berezka API] register mod: berezkas_save_place class: org.berezka.berezkas_save_place.Berezkas_save_place
[22Mar2026 23:27:07.762] [modloading-worker-0/INFO] [org.berezka.berezka_api.berezka_api_main/]: [Berezka API] Register: berezkas_save_place
[22Mar2026 23:27:07.762] [modloading-worker-0/INFO] [org.berezka.berezka_api.berezka_api_main/]: [Berezka API] Registered mods: [berezka_api, berezkas_save_place]
[22Mar2026 23:27:07.763] [modloading-worker-0/INFO] [org.berezka.berezka_api.berezka_api_main/]: [Berezka API] mod berezkas_save_place was registered in 2ms
[22Mar2026 23:27:07.813] [Fzzy Config Worker-1/WARN] [fzzy_config/]: >>>>>>>>>>>>>>>
[22Mar2026 23:27:07.813] [Fzzy Config Worker-1/WARN] [fzzy_config/]: Error(s) encountered while re-serializing corrected config [particle_core_config]! Output may not be complete.
[22Mar2026 23:27:07.814] [Fzzy Config Worker-1/WARN] [fzzy_config/]:   Critical Serialization Error: Exception encountered while serializing config, output may not be complete!
java.lang.NoClassDefFoundError: net/minecraft/client/ParticleStatus
	at java.lang.Class.getDeclaredMethods0(Native Method) ~[?:?]
	at java.lang.Class.privateGetDeclaredMethods(Class.java:3404) ~[?:?]
	at java.lang.Class.getDeclaredMethod(Class.java:2675) ~[?:?]
	at kotlin.reflect.jvm.internal.KDeclarationContainerImpl.tryGetMethod(KDeclarationContainerImpl.kt:189) ~[kotlinforforge-4.12.0-all.jar%23305!/:?]
	at kotlin.reflect.jvm.internal.KDeclarationContainerImpl.lookupMethod(KDeclarationContainerImpl.kt:166) ~[kotlinforforge-4.12.0-all.jar%23305!/:?]
	at kotlin.reflect.jvm.internal.KDeclarationContainerImpl.findMethodBySignature(KDeclarationContainerImpl.kt:218) ~[kotlinforforge-4.12.0-all.jar%23305!/:?]
	at kotlin.reflect.jvm.internal.KPropertyImplKt.computeCallerForAccessor(KPropertyImpl.kt:263) ~[kotlinforforge-4.12.0-all.jar%23305!/:?]
	at kotlin.reflect.jvm.internal.KPropertyImplKt.access$computeCallerForAccessor(KPropertyImpl.kt:1) ~[kotlinforforge-4.12.0-all.jar%23305!/:?]
	at kotlin.reflect.jvm.internal.KPropertyImpl$Getter.caller_delegate$lambda$0(KPropertyImpl.kt:180) ~[kotlinforforge-4.12.0-all.jar%23305!/:?]
	at kotlin.reflect.jvm.internal.KPropertyImpl$Getter.accessor$KPropertyImpl$Getter$lambda1(KPropertyImpl.kt) ~[kotlinforforge-4.12.0-all.jar%23305!/:?]
	at kotlin.reflect.jvm.internal.KPropertyImpl$Getter$$Lambda$1.invoke(Unknown Source) ~[kotlinforforge-4.12.0-all.jar%23305!/:?]
	at kotlin.SafePublicationLazyImpl.getValue(LazyJVM.kt:125) ~[kotlinforforge-4.12.0-all.jar%23305!/:?]
	at kotlin.reflect.jvm.internal.KPropertyImpl$Getter.getCaller(KPropertyImpl.kt:179) ~[kotlinforforge-4.12.0-all.jar%23305!/:?]
	at kotlin.reflect.jvm.ReflectJvmMapping.getJavaMethod(ReflectJvmMapping.kt:60) ~[kotlinforforge-4.12.0-all.jar%23305!/:?]
	at kotlin.reflect.jvm.ReflectJvmMapping.getJavaGetter(ReflectJvmMapping.kt:45) ~[kotlinforforge-4.12.0-all.jar%23305!/:?]
	at kotlin.reflect.jvm.KCallablesJvm.isAccessible(KCallablesJvm.kt:44) ~[kotlinforforge-4.12.0-all.jar%23305!/:?]
	at me.fzzyhmstrs.fzzy_config.impl.ConfigApiImpl.trySetAccessible(ConfigApiImpl.kt:1257) ~[fzzy_config-0.7.6+1.20.1+forge.jar%23288!/:?]
	at me.fzzyhmstrs.fzzy_config.impl.ConfigApiImpl.serializeToToml$fzzy_config(ConfigApiImpl.kt:477) ~[fzzy_config-0.7.6+1.20.1+forge.jar%23288!/:?]
	at me.fzzyhmstrs.fzzy_config.impl.ConfigApiImpl.serializeConfig$fzzy_config(ConfigApiImpl.kt:538) ~[fzzy_config-0.7.6+1.20.1+forge.jar%23288!/:?]
	at me.fzzyhmstrs.fzzy_config.impl.ConfigApiImpl.serializeConfig$fzzy_config$default(ConfigApiImpl.kt:537) ~[fzzy_config-0.7.6+1.20.1+forge.jar%23288!/:?]
	at me.fzzyhmstrs.fzzy_config.impl.ConfigApiImpl.writeFile$lambda$52(ConfigApiImpl.kt:1042) ~[fzzy_config-0.7.6+1.20.1+forge.jar%23288!/:?]
	at java.util.concurrent.CompletableFuture$AsyncRun.run(CompletableFuture.java:1804) ~[?:?]
	at java.util.concurrent.ThreadPoolExecutor.runWorker(ThreadPoolExecutor.java:1136) ~[?:?]
	at java.util.concurrent.ThreadPoolExecutor$Worker.run(ThreadPoolExecutor.java:635) ~[?:?]
	at java.lang.Thread.run(Thread.java:840) ~[?:?]
Caused by: java.lang.ClassNotFoundException: net.minecraft.client.ParticleStatus
	at cpw.mods.cl.ModuleClassLoader.loadClass(ModuleClassLoader.java:141) ~[securejarhandler-2.1.10.jar:?]
	at java.lang.ClassLoader.loadClass(ClassLoader.java:525) ~[?:?]
	... 25 more
[22Mar2026 23:27:07.816] [Fzzy Config Worker-1/WARN] [fzzy_config/]: >>>>>>>>>>>>>>>
[22Mar2026 23:27:08.091] [modloading-worker-0/INFO] [dev.architectury.networking.forge.NetworkManagerImpl/]: Registering C2S receiver with id walkietalkie:updatewalkietalkie_c2s
[22Mar2026 23:27:08.093] [modloading-worker-0/INFO] [dev.architectury.networking.forge.NetworkManagerImpl/]: Registering C2S receiver with id walkietalkie:updatespeaker_c2s
[22Mar2026 23:27:08.096] [modloading-worker-0/INFO] [dev.architectury.networking.forge.NetworkManagerImpl/]: Registering C2S receiver with id walkietalkie:activatekeypressed_c2s
[22Mar2026 23:27:08.098] [modloading-worker-0/INFO] [seriousplayeranimations/]: Loading up some Serious Animations.
[22Mar2026 23:27:08.117] [modloading-worker-0/INFO] [Spartan Shields/]: Constructing Mod: Spartan Shields
[22Mar2026 23:27:08.119] [modloading-worker-0/INFO] [thedarkcolour.kotlinforforge.test.KotlinForForge/]: Kotlin For Forge Enabled!
[22Mar2026 23:27:08.297] [modloading-worker-0/INFO] [quark/]: Initializing TerraBlender underground biome compat
[22Mar2026 23:27:08.357] [modloading-worker-0/INFO] [zeta/]: Doing super early config setup for zeta
[22Mar2026 23:27:08.396] [modloading-worker-0/INFO] [toughasnails/]: Serene Seasons detected. Enabling season modifier.
[22Mar2026 23:27:08.397] [modloading-worker-0/INFO] [spawnanimations/]: [Spawn Animations] Registering server started event ...
[22Mar2026 23:27:08.507] [modloading-worker-0/INFO] [YetAnotherConfigLib/]: Deserializing YACLConfig from '/workspaces/AYUCRAFT/servidor_minecraft/config/yacl.json5'
[22Mar2026 23:27:08.532] [modloading-worker-0/INFO] [quark-zeta/]: Discovered 164 modules to load.
[22Mar2026 23:27:08.532] [modloading-worker-0/INFO] [quark-zeta/]: Constructing module Abacus...
[22Mar2026 23:27:08.546] [modloading-worker-0/INFO] [quark-zeta/]: Constructing module Adjustable Chat...
[22Mar2026 23:27:08.546] [modloading-worker-0/INFO] [quark-zeta/]: Constructing module Ambient Discs...
[22Mar2026 23:27:08.547] [modloading-worker-0/INFO] [quark-zeta/]: Constructing module Ancient Tomes...
[22Mar2026 23:27:08.562] [modloading-worker-0/INFO] [quark-zeta/]: Constructing module Ancient Wood...
[22Mar2026 23:27:08.579] [modloading-worker-0/INFO] [Puzzles Lib/]: Constructing common components for puzzleslib:main
[22Mar2026 23:27:08.580] [modloading-worker-0/INFO] [quark-zeta/]: Constructing module Armed Armor Stands...
[22Mar2026 23:27:08.581] [modloading-worker-0/INFO] [quark-zeta/]: Constructing module Auto Walk Keybind...
[22Mar2026 23:27:08.582] [modloading-worker-0/INFO] [quark-zeta/]: Constructing module Automatic Recipe Unlock...
[22Mar2026 23:27:08.582] [modloading-worker-0/INFO] [quark-zeta/]: Constructing module Automatic Tool Restock...
[22Mar2026 23:27:08.585] [modloading-worker-0/INFO] [quark-zeta/]: Constructing module Azalea Wood...
[22Mar2026 23:27:08.585] [modloading-worker-0/INFO] [quark-zeta/]: Constructing module Back Button Keybind...
[22Mar2026 23:27:08.585] [modloading-worker-0/INFO] [quark-zeta/]: Constructing module Backpack...
[22Mar2026 23:27:08.593] [modloading-worker-0/INFO] [quark-zeta/]: Constructing module Beacon Redirection...
[22Mar2026 23:27:08.594] [modloading-worker-0/INFO] [quark-zeta/]: Constructing module Better Elytra Rocket...
[22Mar2026 23:27:08.594] [modloading-worker-0/INFO] [quark-zeta/]: Constructing module Big Stone Clusters...
[22Mar2026 23:27:08.602] [modloading-worker-0/INFO] [quark-zeta/]: Constructing module Blossom Trees...
[22Mar2026 23:27:08.605] [modloading-worker-0/INFO] [quark-zeta/]: Constructing module Bottled Cloud...
[22Mar2026 23:27:08.607] [modloading-worker-0/INFO] [quark-zeta/]: Constructing module Buckets Show Inhabitants...
[22Mar2026 23:27:08.607] [modloading-worker-0/INFO] [quark-zeta/]: Constructing module Camera...
[22Mar2026 23:27:08.609] [modloading-worker-0/INFO] [quark-zeta/]: Constructing module Campfires Boost Elytra...
[22Mar2026 23:27:08.609] [modloading-worker-0/INFO] [quark-zeta/]: Constructing module Celebratory Lamps...
[22Mar2026 23:27:08.610] [modloading-worker-0/INFO] [quark-zeta/]: Constructing module Chains Connect Blocks...
[22Mar2026 23:27:08.610] [modloading-worker-0/INFO] [quark-zeta/]: Constructing module Chest Searching...
[22Mar2026 23:27:08.610] [modloading-worker-0/INFO] [quark-zeta/]: Constructing module Chorus Vegetation...
[22Mar2026 23:27:08.613] [modloading-worker-0/INFO] [quark-zeta/]: Constructing module Chute...
[22Mar2026 23:27:08.614] [modloading-worker-0/INFO] [quark-zeta/]: Constructing module Climate Control Remover...
[22Mar2026 23:27:08.615] [modloading-worker-0/INFO] [quark-zeta/]: Constructing module Color Runes...
[22Mar2026 23:27:08.620] [modloading-worker-0/INFO] [quark-zeta/]: Constructing module Compasses Work Everywhere...
[22Mar2026 23:27:08.620] [modloading-worker-0/INFO] [quark-zeta/]: Constructing module Compressed Blocks...
[22Mar2026 23:27:08.621] [modloading-worker-0/INFO] [quark-zeta/]: Constructing module Coral On Cactus...
[22Mar2026 23:27:08.621] [modloading-worker-0/INFO] [quark-zeta/]: Constructing module Corundum...
[22Mar2026 23:27:08.723] [modloading-worker-0/INFO] [quark-zeta/]: Constructing module Crabs...
[22Mar2026 23:27:08.725] [modloading-worker-0/INFO] [quark-zeta/]: Constructing module Crafter...
[22Mar2026 23:27:08.726] [modloading-worker-0/INFO] [quark-zeta/]: Constructing module Crate...
[22Mar2026 23:27:08.728] [modloading-worker-0/INFO] [quark-zeta/]: Constructing module Diamond Repair...
[22Mar2026 23:27:08.728] [modloading-worker-0/INFO] [quark-zeta/]: Constructing module Dispensers Place Blocks...
[22Mar2026 23:27:08.729] [modloading-worker-0/INFO] [quark-zeta/]: Constructing module Double Door Opening...
[22Mar2026 23:27:08.729] [modloading-worker-0/INFO] [quark-zeta/]: Constructing module Dragon Scales...
[22Mar2026 23:27:08.730] [modloading-worker-0/INFO] [quark-zeta/]: Constructing module Duskbound Blocks...
[22Mar2026 23:27:08.730] [modloading-worker-0/INFO] [quark-zeta/]: Constructing module Dyeable Item Frames...
[22Mar2026 23:27:08.731] [modloading-worker-0/INFO] [quark-zeta/]: Constructing module Easy Transfering...
[22Mar2026 23:27:08.732] [modloading-worker-0/INFO] [quark-zeta/]: Constructing module Elytra Indicator...
[22Mar2026 23:27:08.732] [modloading-worker-0/INFO] [quark-zeta/]: Constructing module Emotes...
[22Mar2026 23:27:08.733] [modloading-worker-0/INFO] [quark-zeta/]: Constructing module Enchantment Predicates...
[22Mar2026 23:27:08.733] [modloading-worker-0/INFO] [quark-zeta/]: Constructing module Enchantments Begone...
[22Mar2026 23:27:08.734] [modloading-worker-0/INFO] [quark-zeta/]: Constructing module Ender Watcher...
[22Mar2026 23:27:08.735] [modloading-worker-0/INFO] [quark-zeta/]: Constructing module Endermosh Music Disc...
[22Mar2026 23:27:08.736] [modloading-worker-0/INFO] [quark-zeta/]: Constructing module Enhanced Ladders...
[22Mar2026 23:27:08.736] [modloading-worker-0/INFO] [quark-zeta/]: Constructing module Expanded Item Interactions...
[22Mar2026 23:27:08.737] [modloading-worker-0/INFO] [quark-zeta/]: Constructing module Fairy Rings...
[22Mar2026 23:27:08.738] [modloading-worker-0/INFO] [quark-zeta/]: Constructing module Fallen Logs...
[22Mar2026 23:27:08.740] [modloading-worker-0/INFO] [quark-zeta/]: Constructing module Feeding Trough...
[22Mar2026 23:27:08.742] [modloading-worker-0/INFO] [quark-zeta/]: Constructing module Forgotten...
[22Mar2026 23:27:08.756] [modloading-worker-0/INFO] [quark-zeta/]: Constructing module Foxhound...
[22Mar2026 23:27:08.757] [modloading-worker-0/INFO] [quark-zeta/]: Constructing module Framed Glass...
[22Mar2026 23:27:08.757] [modloading-worker-0/INFO] [quark-zeta/]: Constructing module Game Nerfs...
[22Mar2026 23:27:08.757] [modloading-worker-0/INFO] [quark-zeta/]: Constructing module Glass Item Frame...
[22Mar2026 23:27:08.759] [modloading-worker-0/INFO] [quark-zeta/]: Constructing module Glass Shard...
[22Mar2026 23:27:08.760] [modloading-worker-0/INFO] [quark-zeta/]: Constructing module Glimmering Weald...
[22Mar2026 23:27:08.774] [modloading-worker-0/INFO] [quark-zeta/]: Constructing module Gold Bars...
[22Mar2026 23:27:08.774] [modloading-worker-0/INFO] [quark-zeta/]: Constructing module Gold Tools Have Fortune...
[22Mar2026 23:27:08.775] [modloading-worker-0/INFO] [quark-zeta/]: Constructing module Grab Chickens...
[22Mar2026 23:27:08.776] [modloading-worker-0/INFO] [quark-zeta/]: Constructing module Grate...
[22Mar2026 23:27:08.777] [modloading-worker-0/INFO] [quark-zeta/]: Constructing module Gravisand...
[22Mar2026 23:27:08.778] [modloading-worker-0/INFO] [quark-zeta/]: Constructing module Greener Grass...
[22Mar2026 23:27:08.779] [modloading-worker-0/INFO] [quark-zeta/]: Constructing module Hedges...
[22Mar2026 23:27:08.780] [modloading-worker-0/INFO] [quark-zeta/]: Constructing module Hoe Harvesting...
[22Mar2026 23:27:08.781] [modloading-worker-0/INFO] [quark-zeta/]: Constructing module Hollow Logs...
[22Mar2026 23:27:08.781] [modloading-worker-0/INFO] [quark-zeta/]: Constructing module Horses Swim...
[22Mar2026 23:27:08.781] [modloading-worker-0/INFO] [quark-zeta/]: Constructing module Hotbar Changer...
[22Mar2026 23:27:08.782] [modloading-worker-0/INFO] [quark-zeta/]: Constructing module Improved Sponges...
[22Mar2026 23:27:08.782] [modloading-worker-0/INFO] [quark-zeta/]: Constructing module Improved Tooltips...
[22Mar2026 23:27:08.783] [modloading-worker-0/INFO] [quark-zeta/]: Constructing module Industrial Palette...
[22Mar2026 23:27:08.785] [modloading-worker-0/INFO] [quark-zeta/]: Constructing module Inventory Sorting...
[22Mar2026 23:27:08.785] [modloading-worker-0/INFO] [quark-zeta/]: Constructing module Iron Rod...
[22Mar2026 23:27:08.791] [modloading-worker-0/INFO] [quark-zeta/]: Constructing module Item Sharing...
[22Mar2026 23:27:08.792] [modloading-worker-0/INFO] [quark-zeta/]: Constructing module Japanese Palette...
[22Mar2026 23:27:08.792] [modloading-worker-0/INFO] [quark-zeta/]: Constructing module Leaf Carpet...
[22Mar2026 23:27:08.793] [modloading-worker-0/INFO] [quark-zeta/]: Constructing module Lock Rotation...
[22Mar2026 23:27:08.793] [modloading-worker-0/INFO] [quark-zeta/]: Constructing module Long Range Pick Block...
[22Mar2026 23:27:08.794] [modloading-worker-0/INFO] [quark-zeta/]: Constructing module Magma Keeps Concrete Powder...
[22Mar2026 23:27:08.794] [modloading-worker-0/INFO] [quark-zeta/]: Constructing module Magnets...
[22Mar2026 23:27:08.797] [modloading-worker-0/INFO] [quark-zeta/]: Constructing module Map Washing...
[22Mar2026 23:27:08.798] [modloading-worker-0/INFO] [quark-zeta/]: Constructing module Matrix Enchanting...
[22Mar2026 23:27:08.804] [modloading-worker-0/INFO] [quark-zeta/]: Constructing module Metal Buttons...
[22Mar2026 23:27:08.805] [modloading-worker-0/INFO] [quark-zeta/]: Constructing module Microcrafting Helper...
[22Mar2026 23:27:08.805] [modloading-worker-0/INFO] [quark-zeta/]: Constructing module Midori...
[22Mar2026 23:27:08.806] [modloading-worker-0/INFO] [quark-zeta/]: Constructing module Monster Box...
[22Mar2026 23:27:08.806] [modloading-worker-0/INFO] [quark-zeta/]: Constructing module More Banner Layers...
[22Mar2026 23:27:08.807] [modloading-worker-0/INFO] [quark-zeta/]: Constructing module More Brick Types...
[22Mar2026 23:27:08.807] [modloading-worker-0/INFO] [quark-zeta/]: Constructing module More Mud Blocks...
[22Mar2026 23:27:08.807] [modloading-worker-0/INFO] [quark-zeta/]: Constructing module More Note Block Sounds...
[22Mar2026 23:27:08.808] [modloading-worker-0/INFO] [quark-zeta/]: Constructing module More Potted Plants...
[22Mar2026 23:27:08.808] [modloading-worker-0/INFO] [quark-zeta/]: Constructing module More Villagers...
[22Mar2026 23:27:08.808] [modloading-worker-0/INFO] [quark-zeta/]: Constructing module Narrator Readout...
[22Mar2026 23:27:08.809] [modloading-worker-0/INFO] [quark-zeta/]: Constructing module Nether Brick Fence Gate...
[22Mar2026 23:27:08.809] [modloading-worker-0/INFO] [quark-zeta/]: Constructing module Nether Obsidian Spikes...
[22Mar2026 23:27:08.810] [modloading-worker-0/INFO] [quark-zeta/]: Constructing module New Stone Types...
[22Mar2026 23:27:08.812] [modloading-worker-0/INFO] [quark-zeta/]: Constructing module No Durability On Cosmetics...
[22Mar2026 23:27:08.812] [modloading-worker-0/INFO] [quark-zeta/]: Constructing module No More Lava Pockets...
[22Mar2026 23:27:08.812] [modloading-worker-0/INFO] [quark-zeta/]: Constructing module Obsidian Plate...
[22Mar2026 23:27:08.813] [modloading-worker-0/INFO] [quark-zeta/]: Constructing module Overlay Shader...
[22Mar2026 23:27:08.813] [modloading-worker-0/INFO] [quark-zeta/]: Constructing module Parrot Eggs...
[22Mar2026 23:27:08.814] [modloading-worker-0/INFO] [quark-zeta/]: Constructing module Pat The Dogs...
[22Mar2026 23:27:08.815] [modloading-worker-0/INFO] [quark-zeta/]: Constructing module Pathfinder Maps...
[22Mar2026 23:27:08.819] [modloading-worker-0/INFO] [quark-zeta/]: Constructing module Permafrost...
[22Mar2026 23:27:08.819] [modloading-worker-0/INFO] [quark-zeta/]: Constructing module Petals On Water...
[22Mar2026 23:27:08.821] [modloading-worker-0/INFO] [quark-zeta/]: Constructing module Pickarang...
[22Mar2026 23:27:08.822] [modloading-worker-0/INFO] [quark-zeta/]: Constructing module Pig Litters...
[22Mar2026 23:27:08.823] [modloading-worker-0/INFO] [quark-zeta/]: Constructing module Pipes...
[22Mar2026 23:27:08.825] [modloading-worker-0/INFO] [quark-zeta/]: Constructing module Pistons Move Tile Entities...
[22Mar2026 23:27:08.826] [modloading-worker-0/INFO] [quark-zeta/]: Constructing module Poison Potato Usage...
[22Mar2026 23:27:08.826] [modloading-worker-0/INFO] [quark-zeta/]: Constructing module Quick Armor Swapping...
[22Mar2026 23:27:08.826] [modloading-worker-0/INFO] [quark-zeta/]: Constructing module Rainbow Lamps...
[22Mar2026 23:27:08.826] [modloading-worker-0/INFO] [quark-zeta/]: Constructing module Raw Metal Bricks...
[22Mar2026 23:27:08.827] [modloading-worker-0/INFO] [quark-zeta/]: Constructing module Reacharound Placing...
[22Mar2026 23:27:08.827] [modloading-worker-0/INFO] [quark-zeta/]: Constructing module Redstone Randomizer...
[22Mar2026 23:27:08.828] [modloading-worker-0/INFO] [quark-zeta/]: Constructing module Renewable Spore Blossoms...
[22Mar2026 23:27:08.829] [modloading-worker-0/INFO] [quark-zeta/]: Constructing module Replace Scaffolding...
[22Mar2026 23:27:08.829] [modloading-worker-0/INFO] [quark-zeta/]: Constructing module Rope...
[22Mar2026 23:27:08.831] [modloading-worker-0/INFO] [quark-zeta/]: Constructing module Safer Creatures...
[22Mar2026 23:27:08.832] [modloading-worker-0/INFO] [quark-zeta/]: Constructing module Seed Pouch...
[22Mar2026 23:27:08.834] [modloading-worker-0/INFO] [quark-zeta/]: Constructing module Shear Vines...
[22Mar2026 23:27:08.842] [modloading-worker-0/INFO] [quark-zeta/]: Constructing module Shiba...
[22Mar2026 23:27:08.843] [modloading-worker-0/INFO] [quark-zeta/]: Constructing module Shingles...
[22Mar2026 23:27:08.843] [modloading-worker-0/INFO] [quark-zeta/]: Constructing module Shulker Packing...
[22Mar2026 23:27:08.843] [modloading-worker-0/INFO] [quark-zeta/]: Constructing module Simple Harvest...
[22Mar2026 23:27:08.844] [modloading-worker-0/INFO] [quark-zeta/]: Constructing module Skull Pikes...
[22Mar2026 23:27:08.846] [modloading-worker-0/INFO] [quark-zeta/]: Constructing module Slabs To Blocks...
[22Mar2026 23:27:08.846] [modloading-worker-0/INFO] [quark-zeta/]: Constructing module Slime In A Bucket...
[22Mar2026 23:27:08.847] [modloading-worker-0/INFO] [quark-zeta/]: Constructing module Slimes To Magma Cubes...
[22Mar2026 23:27:08.847] [modloading-worker-0/INFO] [quark-zeta/]: Constructing module Snow Golem Player Heads...
[22Mar2026 23:27:08.848] [modloading-worker-0/INFO] [quark-zeta/]: Constructing module Soul Candles...
[22Mar2026 23:27:08.848] [modloading-worker-0/INFO] [quark-zeta/]: Constructing module Soul Sandstone...
[22Mar2026 23:27:08.849] [modloading-worker-0/INFO] [quark-zeta/]: Constructing module Spawner Replacer...
[22Mar2026 23:27:08.849] [modloading-worker-0/INFO] [quark-zeta/]: Constructing module Spiral Spires...
[22Mar2026 23:27:08.851] [modloading-worker-0/INFO] [quark-zeta/]: Constructing module Stonelings...
[22Mar2026 23:27:08.852] [modloading-worker-0/INFO] [quark-zeta/]: Constructing module Stools...
[22Mar2026 23:27:08.852] [modloading-worker-0/INFO] [quark-zeta/]: Constructing module Sturdy Stone...
[22Mar2026 23:27:08.853] [modloading-worker-0/INFO] [quark-zeta/]: Constructing module Thatch...
[22Mar2026 23:27:08.856] [modloading-worker-0/INFO] [quark-zeta/]: Constructing module Tiny Potato...
[22Mar2026 23:27:08.858] [modloading-worker-0/INFO] [quark-zeta/]: Constructing module Torch Arrow...
[22Mar2026 23:27:08.862] [modloading-worker-0/INFO] [quark-zeta/]: Constructing module Toretoise...
[22Mar2026 23:27:08.863] [modloading-worker-0/INFO] [quark-zeta/]: Constructing module Totem Of Holding...
[22Mar2026 23:27:08.864] [modloading-worker-0/INFO] [quark-zeta/]: Constructing module Trowel...
[22Mar2026 23:27:08.865] [modloading-worker-0/INFO] [quark-zeta/]: Constructing module Usage Ticker...
[22Mar2026 23:27:08.865] [modloading-worker-0/INFO] [quark-zeta/]: Constructing module Uses For Curses...
[22Mar2026 23:27:08.866] [modloading-worker-0/INFO] [quark-zeta/]: Constructing module Utility Recipes...
[22Mar2026 23:27:08.866] [modloading-worker-0/INFO] [quark-zeta/]: Constructing module Variant Animal Textures...
[22Mar2026 23:27:08.867] [modloading-worker-0/INFO] [quark-zeta/]: Constructing module Variant Bookshelves...
[22Mar2026 23:27:08.867] [modloading-worker-0/INFO] [quark-zeta/]: Constructing module Variant Chests...
[22Mar2026 23:27:08.879] [modloading-worker-0/INFO] [quark-zeta/]: Constructing module Variant Furnaces...
[22Mar2026 23:27:08.887] [modloading-worker-0/INFO] [quark-zeta/]: Constructing module Variant Ladders...
[22Mar2026 23:27:08.887] [modloading-worker-0/INFO] [quark-zeta/]: Constructing module Variant Selector...
[22Mar2026 23:27:08.889] [modloading-worker-0/INFO] [quark-zeta/]: Constructing module Vertical Planks...
[22Mar2026 23:27:08.890] [modloading-worker-0/INFO] [quark-zeta/]: Constructing module Vertical Slabs...
[22Mar2026 23:27:08.903] [modloading-worker-0/INFO] [quark-zeta/]: Constructing module Vexes Die With Their Masters...
[22Mar2026 23:27:08.904] [modloading-worker-0/INFO] [quark-zeta/]: Constructing module Villager Rerolling Rework...
[22Mar2026 23:27:08.908] [modloading-worker-0/INFO] [quark-zeta/]: Constructing module Villagers Follow Emeralds...
[22Mar2026 23:27:08.909] [modloading-worker-0/INFO] [quark-zeta/]: Constructing module Wooden Posts...
[22Mar2026 23:27:08.910] [modloading-worker-0/INFO] [quark-zeta/]: Constructing module Wool Shuts Up Minecarts...
[22Mar2026 23:27:08.910] [modloading-worker-0/INFO] [quark-zeta/]: Constructing module Wraith...
[22Mar2026 23:27:08.912] [modloading-worker-0/INFO] [quark-zeta/]: Constructing module Zombie Villagers On Normal...
[22Mar2026 23:27:08.912] [modloading-worker-0/INFO] [quark-zeta/]: Constructing module More Stone Variants...
[22Mar2026 23:27:08.913] [modloading-worker-0/INFO] [quark-zeta/]: Constructed 164 modules.
[22Mar2026 23:27:09.021] [modloading-worker-0/INFO] [quark-zeta/]: Doing super early config setup for quark
[22Mar2026 23:27:10.461] [main/INFO] [snownee.kiwi.Kiwi/INIT]: Module [snowrealmagic:core] initialized
[22Mar2026 23:27:10.463] [main/INFO] [snownee.kiwi.Kiwi/INIT]: 		block: 7, block_entity_type: 2, entity_type: 1, loot_pool_entry_type: 1
[22Mar2026 23:27:10.464] [main/INFO] [snownee.kiwi.Kiwi/INIT]: Module [kiwi:data] initialized
[22Mar2026 23:27:10.464] [main/INFO] [snownee.kiwi.Kiwi/INIT]: 		recipe_serializer: 3
[22Mar2026 23:27:13.165] [main/INFO] [Moonlight/]: Initialized block sets in 25ms
[22Mar2026 23:27:13.327] [main/INFO] [ModernFix/]: Bypassed Mojang DFU
[22Mar2026 23:27:13.327] [main/INFO] [ModernFix/]: Instantiating Mojang DFU
[22Mar2026 23:27:14.508] [main/WARN] [net.minecraft.network.syncher.SynchedEntityData/]: defineId called for: class net.msymbios.rlovelyr.entity.custom.VanillaEntity from class net.msymbios.rlovelyr.entity.internal.InternalEntity
[22Mar2026 23:27:14.508] [main/WARN] [net.minecraft.network.syncher.SynchedEntityData/]: defineId called for: class net.msymbios.rlovelyr.entity.custom.VanillaEntity from class net.msymbios.rlovelyr.entity.internal.InternalEntity
[22Mar2026 23:27:14.509] [main/WARN] [net.minecraft.network.syncher.SynchedEntityData/]: defineId called for: class net.msymbios.rlovelyr.entity.custom.VanillaEntity from class net.msymbios.rlovelyr.entity.internal.InternalEntity
[22Mar2026 23:27:14.509] [main/WARN] [net.minecraft.network.syncher.SynchedEntityData/]: defineId called for: class net.msymbios.rlovelyr.entity.custom.VanillaEntity from class net.msymbios.rlovelyr.entity.internal.InternalEntity
[22Mar2026 23:27:14.509] [main/WARN] [net.minecraft.network.syncher.SynchedEntityData/]: defineId called for: class net.msymbios.rlovelyr.entity.custom.VanillaEntity from class net.msymbios.rlovelyr.entity.internal.InternalEntity
[22Mar2026 23:27:14.509] [main/WARN] [net.minecraft.network.syncher.SynchedEntityData/]: defineId called for: class net.msymbios.rlovelyr.entity.custom.VanillaEntity from class net.msymbios.rlovelyr.entity.internal.InternalEntity
[22Mar2026 23:27:14.509] [main/WARN] [net.minecraft.network.syncher.SynchedEntityData/]: defineId called for: class net.msymbios.rlovelyr.entity.custom.VanillaEntity from class net.msymbios.rlovelyr.entity.internal.InternalEntity
[22Mar2026 23:27:14.509] [main/WARN] [net.minecraft.network.syncher.SynchedEntityData/]: defineId called for: class net.msymbios.rlovelyr.entity.custom.VanillaEntity from class net.msymbios.rlovelyr.entity.internal.InternalEntity
[22Mar2026 23:27:14.509] [main/WARN] [net.minecraft.network.syncher.SynchedEntityData/]: defineId called for: class net.msymbios.rlovelyr.entity.custom.VanillaEntity from class net.msymbios.rlovelyr.entity.internal.InternalEntity
[22Mar2026 23:27:14.510] [main/WARN] [net.minecraft.network.syncher.SynchedEntityData/]: defineId called for: class net.msymbios.rlovelyr.entity.custom.VanillaEntity from class net.msymbios.rlovelyr.entity.internal.InternalEntity
[22Mar2026 23:27:14.510] [main/WARN] [net.minecraft.network.syncher.SynchedEntityData/]: defineId called for: class net.msymbios.rlovelyr.entity.custom.VanillaEntity from class net.msymbios.rlovelyr.entity.internal.InternalEntity
[22Mar2026 23:27:14.510] [main/WARN] [net.minecraft.network.syncher.SynchedEntityData/]: defineId called for: class net.msymbios.rlovelyr.entity.custom.VanillaEntity from class net.msymbios.rlovelyr.entity.internal.InternalEntity
[22Mar2026 23:27:14.510] [main/WARN] [net.minecraft.network.syncher.SynchedEntityData/]: defineId called for: class net.msymbios.rlovelyr.entity.custom.VanillaEntity from class net.msymbios.rlovelyr.entity.internal.InternalEntity
[22Mar2026 23:27:14.510] [main/WARN] [net.minecraft.network.syncher.SynchedEntityData/]: defineId called for: class net.msymbios.rlovelyr.entity.custom.VanillaEntity from class net.msymbios.rlovelyr.entity.internal.InternalEntity
[22Mar2026 23:27:14.527] [main/WARN] [net.minecraft.network.syncher.SynchedEntityData/]: defineId called for: class forge.net.mca.entity.VillagerEntityMCA from class forge.net.mca.util.network.datasync.CDataParameter
[22Mar2026 23:27:14.527] [main/WARN] [net.minecraft.network.syncher.SynchedEntityData/]: defineId called for: class forge.net.mca.entity.VillagerEntityMCA from class forge.net.mca.util.network.datasync.CDataParameter
[22Mar2026 23:27:14.527] [main/WARN] [net.minecraft.network.syncher.SynchedEntityData/]: defineId called for: class forge.net.mca.entity.VillagerEntityMCA from class forge.net.mca.util.network.datasync.CDataParameter
[22Mar2026 23:27:14.528] [main/WARN] [net.minecraft.network.syncher.SynchedEntityData/]: defineId called for: class forge.net.mca.entity.VillagerEntityMCA from class forge.net.mca.util.network.datasync.CDataParameter
[22Mar2026 23:27:14.528] [main/WARN] [net.minecraft.network.syncher.SynchedEntityData/]: defineId called for: class forge.net.mca.entity.VillagerEntityMCA from class forge.net.mca.util.network.datasync.CDataParameter
[22Mar2026 23:27:14.528] [main/WARN] [net.minecraft.network.syncher.SynchedEntityData/]: defineId called for: class forge.net.mca.entity.VillagerEntityMCA from class forge.net.mca.util.network.datasync.CDataParameter
[22Mar2026 23:27:14.528] [main/WARN] [net.minecraft.network.syncher.SynchedEntityData/]: defineId called for: class forge.net.mca.entity.VillagerEntityMCA from class forge.net.mca.util.network.datasync.CDataParameter
[22Mar2026 23:27:14.528] [main/WARN] [net.minecraft.network.syncher.SynchedEntityData/]: defineId called for: class forge.net.mca.entity.VillagerEntityMCA from class forge.net.mca.util.network.datasync.CEnumParameter
[22Mar2026 23:27:14.530] [main/WARN] [net.minecraft.network.syncher.SynchedEntityData/]: defineId called for: class forge.net.mca.entity.VillagerEntityMCA from class forge.net.mca.util.network.datasync.CDataParameter
[22Mar2026 23:27:14.530] [main/WARN] [net.minecraft.network.syncher.SynchedEntityData/]: defineId called for: class forge.net.mca.entity.VillagerEntityMCA from class forge.net.mca.util.network.datasync.CDataParameter
[22Mar2026 23:27:14.530] [main/WARN] [net.minecraft.network.syncher.SynchedEntityData/]: defineId called for: class forge.net.mca.entity.VillagerEntityMCA from class forge.net.mca.util.network.datasync.CDataParameter
[22Mar2026 23:27:14.531] [main/WARN] [net.minecraft.network.syncher.SynchedEntityData/]: defineId called for: class forge.net.mca.entity.VillagerEntityMCA from class forge.net.mca.util.network.datasync.CDataParameter
[22Mar2026 23:27:14.531] [main/WARN] [net.minecraft.network.syncher.SynchedEntityData/]: defineId called for: class forge.net.mca.entity.VillagerEntityMCA from class forge.net.mca.util.network.datasync.CDataParameter
[22Mar2026 23:27:14.531] [main/WARN] [net.minecraft.network.syncher.SynchedEntityData/]: defineId called for: class forge.net.mca.entity.VillagerEntityMCA from class forge.net.mca.util.network.datasync.CDataParameter
[22Mar2026 23:27:14.531] [main/WARN] [net.minecraft.network.syncher.SynchedEntityData/]: defineId called for: class forge.net.mca.entity.VillagerEntityMCA from class forge.net.mca.util.network.datasync.CDataParameter
[22Mar2026 23:27:14.531] [main/WARN] [net.minecraft.network.syncher.SynchedEntityData/]: defineId called for: class forge.net.mca.entity.VillagerEntityMCA from class forge.net.mca.util.network.datasync.CDataParameter
[22Mar2026 23:27:14.532] [main/WARN] [net.minecraft.network.syncher.SynchedEntityData/]: defineId called for: class forge.net.mca.entity.VillagerEntityMCA from class forge.net.mca.util.network.datasync.CDataParameter
[22Mar2026 23:27:14.532] [main/WARN] [net.minecraft.network.syncher.SynchedEntityData/]: defineId called for: class forge.net.mca.entity.VillagerEntityMCA from class forge.net.mca.util.network.datasync.CDataParameter
[22Mar2026 23:27:14.532] [main/WARN] [net.minecraft.network.syncher.SynchedEntityData/]: defineId called for: class forge.net.mca.entity.VillagerEntityMCA from class forge.net.mca.util.network.datasync.CDataParameter
[22Mar2026 23:27:14.532] [main/WARN] [net.minecraft.network.syncher.SynchedEntityData/]: defineId called for: class forge.net.mca.entity.VillagerEntityMCA from class forge.net.mca.util.network.datasync.CEnumParameter
[22Mar2026 23:27:14.532] [main/WARN] [net.minecraft.network.syncher.SynchedEntityData/]: defineId called for: class forge.net.mca.entity.VillagerEntityMCA from class forge.net.mca.util.network.datasync.CDataParameter
[22Mar2026 23:27:14.541] [main/WARN] [net.minecraft.network.syncher.SynchedEntityData/]: defineId called for: class forge.net.mca.entity.VillagerEntityMCA from class forge.net.mca.util.network.datasync.CDataParameter
[22Mar2026 23:27:14.541] [main/WARN] [net.minecraft.network.syncher.SynchedEntityData/]: defineId called for: class forge.net.mca.entity.VillagerEntityMCA from class forge.net.mca.util.network.datasync.CEnumParameter
[22Mar2026 23:27:14.541] [main/WARN] [net.minecraft.network.syncher.SynchedEntityData/]: defineId called for: class forge.net.mca.entity.VillagerEntityMCA from class forge.net.mca.util.network.datasync.CDataParameter
[22Mar2026 23:27:14.541] [main/WARN] [net.minecraft.network.syncher.SynchedEntityData/]: defineId called for: class forge.net.mca.entity.VillagerEntityMCA from class forge.net.mca.util.network.datasync.CEnumParameter
[22Mar2026 23:27:14.542] [main/WARN] [net.minecraft.network.syncher.SynchedEntityData/]: defineId called for: class forge.net.mca.entity.VillagerEntityMCA from class forge.net.mca.util.network.datasync.CEnumParameter
[22Mar2026 23:27:14.542] [main/WARN] [net.minecraft.network.syncher.SynchedEntityData/]: defineId called for: class forge.net.mca.entity.VillagerEntityMCA from class forge.net.mca.util.network.datasync.CDataParameter
[22Mar2026 23:27:14.543] [main/WARN] [net.minecraft.network.syncher.SynchedEntityData/]: defineId called for: class forge.net.mca.entity.VillagerEntityMCA from class forge.net.mca.util.network.datasync.CDataParameter
[22Mar2026 23:27:14.543] [main/WARN] [net.minecraft.network.syncher.SynchedEntityData/]: defineId called for: class forge.net.mca.entity.VillagerEntityMCA from class forge.net.mca.util.network.datasync.CDataParameter
[22Mar2026 23:27:14.543] [main/WARN] [net.minecraft.network.syncher.SynchedEntityData/]: defineId called for: class forge.net.mca.entity.VillagerEntityMCA from class forge.net.mca.util.network.datasync.CDataParameter
[22Mar2026 23:27:14.543] [main/WARN] [net.minecraft.network.syncher.SynchedEntityData/]: defineId called for: class forge.net.mca.entity.VillagerEntityMCA from class forge.net.mca.util.network.datasync.CDataParameter
[22Mar2026 23:27:14.545] [main/WARN] [net.minecraft.network.syncher.SynchedEntityData/]: defineId called for: class forge.net.mca.entity.VillagerEntityMCA from class forge.net.mca.util.network.datasync.CDataParameter
[22Mar2026 23:27:14.550] [main/WARN] [net.minecraft.network.syncher.SynchedEntityData/]: defineId called for: class forge.net.mca.entity.VillagerEntityMCA from class forge.net.mca.util.network.datasync.CDataParameter
[22Mar2026 23:27:14.551] [main/WARN] [net.minecraft.network.syncher.SynchedEntityData/]: defineId called for: class forge.net.mca.entity.VillagerEntityMCA from class forge.net.mca.util.network.datasync.CDataParameter
[22Mar2026 23:27:14.552] [main/WARN] [net.minecraft.network.syncher.SynchedEntityData/]: defineId called for: class forge.net.mca.entity.VillagerEntityMCA from class forge.net.mca.util.network.datasync.CDataParameter
[22Mar2026 23:27:14.552] [main/WARN] [net.minecraft.network.syncher.SynchedEntityData/]: defineId called for: class forge.net.mca.entity.VillagerEntityMCA from class forge.net.mca.util.network.datasync.CDataParameter
[22Mar2026 23:27:14.552] [main/WARN] [net.minecraft.network.syncher.SynchedEntityData/]: defineId called for: class forge.net.mca.entity.VillagerEntityMCA from class forge.net.mca.util.network.datasync.CDataParameter
[22Mar2026 23:27:14.553] [main/WARN] [net.minecraft.network.syncher.SynchedEntityData/]: defineId called for: class forge.net.mca.entity.GrimReaperEntity from class forge.net.mca.util.network.datasync.CEnumParameter
[22Mar2026 23:27:14.843] [Thread-0/INFO] [ModernFix/]: Please use /mfsrc to reload any changed mod config files
[22Mar2026 23:27:15.001] [main/INFO] [Spartan Weaponry/]: Updating config settings!
[22Mar2026 23:27:15.037] [main/INFO] [Puzzles Lib/]: Loading common config for mutantmonsters
[22Mar2026 23:27:15.040] [main/INFO] [org.berezka.berezka_api.berezka_api_main/]: [Berezka API] getValue: key: berezka_api:UseFolderPluginSystem is exist?: true, list: {berezka_api:FolderPluginSystemList=net.minecraftforge.common.ForgeConfigSpec$ConfigValue@55df35f0, berezka_api:DevMode=net.minecraftforge.common.ForgeConfigSpec$BooleanValue@3f77f26a, berezka_api:StructuresRarityMultiplier=net.minecraftforge.common.ForgeConfigSpec$ConfigValue@2f94910b, berezka_api:UseFolderPluginSystem=net.minecraftforge.common.ForgeConfigSpec$BooleanValue@a93532, berezka_api:DefaultDoExtraChecksValue=net.minecraftforge.common.ForgeConfigSpec$BooleanValue@2cf5e062, berezkas_save_place:BunkerSpacing=net.minecraftforge.common.ForgeConfigSpec$IntValue@2c11b334, berezka_api:MaxSizeOfStructuresCache=net.minecraftforge.common.ForgeConfigSpec$LongValue@27867374, berezka_api:LifeTimeOfStricturesCacheEntry=net.minecraftforge.common.ForgeConfigSpec$LongValue@6e4fd213, berezka_api:DebugMode=net.minecraftforge.common.ForgeConfigSpec$BooleanValue@6dbac948, berezkas_save_place:BunkerSeparation=net.minecraftforge.common.ForgeConfigSpec$IntValue@4c134fd8, berezka_api:SpawnLessLoot=net.minecraftforge.common.ForgeConfigSpec$BooleanValue@581a98fd, berezkas_save_place:BunkerBiomes=net.minecraftforge.common.ForgeConfigSpec$ConfigValue@485516a7}
[22Mar2026 23:27:15.040] [main/INFO] [org.berezka.berezka_api.berezka_api_main/]: [Berezka API] getValue: key: berezka_api:DebugMode is exist?: true, list: {berezka_api:FolderPluginSystemList=net.minecraftforge.common.ForgeConfigSpec$ConfigValue@55df35f0, berezka_api:DevMode=net.minecraftforge.common.ForgeConfigSpec$BooleanValue@3f77f26a, berezka_api:StructuresRarityMultiplier=net.minecraftforge.common.ForgeConfigSpec$ConfigValue@2f94910b, berezka_api:UseFolderPluginSystem=net.minecraftforge.common.ForgeConfigSpec$BooleanValue@a93532, berezka_api:DefaultDoExtraChecksValue=net.minecraftforge.common.ForgeConfigSpec$BooleanValue@2cf5e062, berezkas_save_place:BunkerSpacing=net.minecraftforge.common.ForgeConfigSpec$IntValue@2c11b334, berezka_api:MaxSizeOfStructuresCache=net.minecraftforge.common.ForgeConfigSpec$LongValue@27867374, berezka_api:LifeTimeOfStricturesCacheEntry=net.minecraftforge.common.ForgeConfigSpec$LongValue@6e4fd213, berezka_api:DebugMode=net.minecraftforge.common.ForgeConfigSpec$BooleanValue@6dbac948, berezkas_save_place:BunkerSeparation=net.minecraftforge.common.ForgeConfigSpec$IntValue@4c134fd8, berezka_api:SpawnLessLoot=net.minecraftforge.common.ForgeConfigSpec$BooleanValue@581a98fd, berezkas_save_place:BunkerBiomes=net.minecraftforge.common.ForgeConfigSpec$ConfigValue@485516a7}
[22Mar2026 23:27:15.041] [main/INFO] [org.berezka.berezka_api.Berezka_api/]: [Berezka API] Berezka API is loaded
[22Mar2026 23:27:15.046] [main/INFO] [Spartan Shields/]: Loading config spartanshields-common.toml
[22Mar2026 23:27:15.371] [modloading-worker-0/INFO] [incontrol/]: Enabling support for Lost Cities
[22Mar2026 23:27:15.372] [modloading-worker-0/INFO] [incontrol/]: Enabling support for Lost Cities
[22Mar2026 23:27:15.372] [modloading-worker-0/INFO] [incontrol/]: Enabling support for Serene Seasons
[22Mar2026 23:27:15.410] [modloading-worker-0/INFO] [HammerLib/]: Setup HammerLib networking!
[22Mar2026 23:27:15.482] [modloading-worker-0/INFO] [net.hyrrx.hardcoretruedarkness.HardcoreTrueDarkness/]: hardcoretruedarkness: Common Setup with hardcoded defaults.
[22Mar2026 23:27:15.538] [modloading-worker-0/INFO] [Spartan Weaponry/]: Setting up Spartan Weaponry!
[22Mar2026 23:27:15.628] [Forge Version Check/INFO] [net.minecraftforge.fml.VersionChecker/]: [hammerlib] Starting version check at https://api.modrinth.com/updates/PlkSuVtM/forge_updates.json
[22Mar2026 23:27:15.633] [modloading-worker-0/INFO] [voicechat/]: [voicechat] Compatibility version 20
[22Mar2026 23:27:15.683] [modloading-worker-0/INFO] [Spartan Shields/]: Setting up Spartan Shields!
[22Mar2026 23:27:15.736] [modloading-worker-0/INFO] [spawnanimations/]: [Spawn Animations] Loaded Spawn Animations by Tschipcraft successfully!
[22Mar2026 23:27:15.740] [modloading-worker-0/INFO] [voicechat/]: [voicechat] Loading plugins
[22Mar2026 23:27:15.748] [modloading-worker-0/INFO] [voicechat/]: [voicechat] Loaded 2 plugin(s)
[22Mar2026 23:27:15.748] [modloading-worker-0/INFO] [voicechat/]: [voicechat] Initializing plugins
[22Mar2026 23:27:15.752] [modloading-worker-0/INFO] [CorgiLib/]: Initializing network...
[22Mar2026 23:27:15.760] [modloading-worker-0/INFO] [CorgiLib/]: Initialized network!
[22Mar2026 23:27:15.765] [modloading-worker-0/INFO] [Sound Physics - General/]: Initializing Simple Voice Chat integration
[22Mar2026 23:27:15.766] [modloading-worker-0/INFO] [voicechat/]: [voicechat] Initialized 2 plugin(s)
[22Mar2026 23:27:15.767] [modloading-worker-0/INFO] [voicechat/]: [voicechat] Registering events for 'sound_physics_remastered'
[22Mar2026 23:27:15.769] [modloading-worker-0/INFO] [voicechat/]: [voicechat] Registering events for 'walkietalkie'
[22Mar2026 23:27:15.860] [main/INFO] [com.hbm_m.main.MainRegistry/]: CentrifugeRecipes initialized successfully
[22Mar2026 23:27:15.861] [main/INFO] [com.hbm_m.main.MainRegistry/]: HazardSystem initialized successfully
[22Mar2026 23:27:15.954] [main/INFO] [Framework/SYNCED_ENTITY_DATA]: Registered synced data key cgm:aiming for minecraft:player
[22Mar2026 23:27:15.955] [main/INFO] [Framework/SYNCED_ENTITY_DATA]: Registered synced data key cgm:reloading for minecraft:player
[22Mar2026 23:27:15.955] [main/INFO] [Framework/SYNCED_ENTITY_DATA]: Registered synced data key cgm:shooting for minecraft:player
[22Mar2026 23:27:15.961] [main/INFO] [journeymap/]: Initializing Packet Registries
[22Mar2026 23:27:15.980] [main/INFO] [terrablender/]: Registered region minecraft:overworld to index 0 for type OVERWORLD
[22Mar2026 23:27:15.980] [main/INFO] [terrablender/]: Registered region minecraft:nether to index 0 for type NETHER
[22Mar2026 23:27:15.980] [main/INFO] [terrablender/]: Registered region biomesoplenty:overworld_primary to index 1 for type OVERWORLD
[22Mar2026 23:27:15.980] [main/INFO] [terrablender/]: Registered region biomesoplenty:overworld_secondary to index 2 for type OVERWORLD
[22Mar2026 23:27:15.981] [main/INFO] [terrablender/]: Registered region biomesoplenty:overworld_rare to index 3 for type OVERWORLD
[22Mar2026 23:27:15.981] [main/INFO] [terrablender/]: Registered region biomesoplenty:nether_common to index 1 for type NETHER
[22Mar2026 23:27:15.981] [main/INFO] [terrablender/]: Registered region biomesoplenty:nether_rare to index 2 for type NETHER
[22Mar2026 23:27:16.000] [Forge Version Check/INFO] [net.minecraftforge.fml.VersionChecker/]: [hammerlib] Found status: UP_TO_DATE Current: 20.1.50 Target: null
[22Mar2026 23:27:16.001] [Forge Version Check/INFO] [net.minecraftforge.fml.VersionChecker/]: [hordes] Starting version check at https://raw.githubusercontent.com/SmileycorpMC/The-Hordes/1.20/update.json
[22Mar2026 23:27:16.037] [main/INFO] [Moonlight/]: Initialized color sets in 51ms
[22Mar2026 23:27:16.048] [Forge Version Check/INFO] [net.minecraftforge.fml.VersionChecker/]: [hordes] Found status: UP_TO_DATE Current: 1.5.4c Target: null
[22Mar2026 23:27:16.049] [Forge Version Check/INFO] [net.minecraftforge.fml.VersionChecker/]: [improvableskills] Starting version check at https://api.modrinth.com/updates/9fT7HUaI/forge_updates.json
[22Mar2026 23:27:16.051] [main/INFO] [zeta/]: Common setup: Performing initial refresh of zeta's config on thread 'main'
[22Mar2026 23:27:16.052] [main/INFO] [zeta/]: 'zeta' is enabling Zeta's piston structure resolver.
[22Mar2026 23:27:16.053] [main/INFO] [zeta/]: Waiting for server start before accepting filewatcher changes to zeta's config
[22Mar2026 23:27:16.054] [main/INFO] [terrablender/]: Registered region quark:biome_provider to index 4 for type OVERWORLD
[22Mar2026 23:27:16.054] [main/INFO] [quark-zeta/]: Common setup: Performing initial refresh of quark's config on thread 'main'
[22Mar2026 23:27:16.066] [main/INFO] [quark-zeta/]: Waiting for server start before accepting filewatcher changes to quark's config
[22Mar2026 23:27:16.164] [Forge Version Check/INFO] [net.minecraftforge.fml.VersionChecker/]: [improvableskills] Found status: UP_TO_DATE Current: 20.1.13 Target: null
[22Mar2026 23:27:16.164] [Forge Version Check/INFO] [net.minecraftforge.fml.VersionChecker/]: [tombstone] Starting version check at https://raw.githubusercontent.com/Corail31/tombstone_lite/master/update.json
[22Mar2026 23:27:16.176] [Forge Version Check/INFO] [net.minecraftforge.fml.VersionChecker/]: [tombstone] Found status: UP_TO_DATE Current: 9.0.9 Target: null
[22Mar2026 23:27:16.177] [Forge Version Check/INFO] [net.minecraftforge.fml.VersionChecker/]: [atlaslib] Starting version check at https://raw.githubusercontent.com/SmileycorpMC/Atlas-Lib/1.20/update.json
[22Mar2026 23:27:16.188] [Forge Version Check/INFO] [net.minecraftforge.fml.VersionChecker/]: [atlaslib] Found status: UP_TO_DATE Current: 1.1.12 Target: null
[22Mar2026 23:27:16.188] [Forge Version Check/INFO] [net.minecraftforge.fml.VersionChecker/]: [mr_limesplatus_ending] Starting version check at https://api.modrinth.com/updates/MCnBYP0b/forge_updates.json
[22Mar2026 23:27:16.302] [Forge Version Check/INFO] [net.minecraftforge.fml.VersionChecker/]: [mr_limesplatus_ending] Found status: OUTDATED Current: 1-v1.1.0c Target: 1.1.0c+mod
[22Mar2026 23:27:16.303] [Forge Version Check/INFO] [net.minecraftforge.fml.VersionChecker/]: [dynamictrees] Starting version check at https://github.com/DynamicTreesTeam/DynamicTreesVersionInfo/blob/master/DynamicTrees.json?raw=true
[22Mar2026 23:27:16.371] [modloading-worker-0/INFO] [HammerLib/]: Performed registerFoil from hammerlib. Determined constant(0xFFFFFF0F) foil provider
[22Mar2026 23:27:16.372] [modloading-worker-0/INFO] [HammerLib/]: Performed registerFoil from hammerlib. Determined dynamic(org.zeith.hammerlib.client.CustomFoilConfigs$$Lambda$19841/0x00007a466a6cfa98@58999f36) foil provider
[22Mar2026 23:27:16.515] [modloading-worker-0/INFO] [AttributeFix/]: Loaded values for 27 compatible attributes.
[22Mar2026 23:27:16.520] [modloading-worker-0/WARN] [AttributeFix/]: Attribute ID 'attributeslib:ghost_health' does not belong to a known attribute. This entry will be ignored.
[22Mar2026 23:27:16.520] [modloading-worker-0/WARN] [AttributeFix/]: Attribute ID 'attributeslib:prot_shred' does not belong to a known attribute. This entry will be ignored.
[22Mar2026 23:27:16.520] [modloading-worker-0/WARN] [AttributeFix/]: Attribute ID 'attributeslib:overheal' does not belong to a known attribute. This entry will be ignored.
[22Mar2026 23:27:16.520] [modloading-worker-0/WARN] [AttributeFix/]: Attribute ID 'attributeslib:armor_shred' does not belong to a known attribute. This entry will be ignored.
[22Mar2026 23:27:16.521] [modloading-worker-0/WARN] [AttributeFix/]: Attribute ID 'attributeslib:healing_received' does not belong to a known attribute. This entry will be ignored.
[22Mar2026 23:27:16.521] [modloading-worker-0/WARN] [AttributeFix/]: Attribute ID 'attributeslib:armor_pierce' does not belong to a known attribute. This entry will be ignored.
[22Mar2026 23:27:16.521] [modloading-worker-0/WARN] [AttributeFix/]: Attribute ID 'undead_revamp2:bossloader' does not belong to a known attribute. This entry will be ignored.
[22Mar2026 23:27:16.521] [modloading-worker-0/WARN] [AttributeFix/]: Attribute ID 'attributeslib:cold_damage' does not belong to a known attribute. This entry will be ignored.
[22Mar2026 23:27:16.521] [modloading-worker-0/WARN] [AttributeFix/]: Attribute ID 'attributeslib:experience_gained' does not belong to a known attribute. This entry will be ignored.
[22Mar2026 23:27:16.521] [modloading-worker-0/WARN] [AttributeFix/]: Attribute ID 'tacz:tacz.bullet_resistance' does not belong to a known attribute. This entry will be ignored.
[22Mar2026 23:27:16.521] [modloading-worker-0/WARN] [AttributeFix/]: Attribute ID 'undead_revamp2:cheroattackspeed' does not belong to a known attribute. This entry will be ignored.
[22Mar2026 23:27:16.521] [modloading-worker-0/WARN] [AttributeFix/]: Attribute ID 'jeffs_cursed_walking_structures:rage' does not belong to a known attribute. This entry will be ignored.
[22Mar2026 23:27:16.521] [modloading-worker-0/WARN] [AttributeFix/]: Attribute ID 'undead_revamp2:returnvauleundead' does not belong to a known attribute. This entry will be ignored.
[22Mar2026 23:27:16.521] [modloading-worker-0/WARN] [AttributeFix/]: Attribute ID 'combatroll:distance' does not belong to a known attribute. This entry will be ignored.
[22Mar2026 23:27:16.521] [modloading-worker-0/WARN] [AttributeFix/]: Attribute ID 'combatroll:recharge' does not belong to a known attribute. This entry will be ignored.
[22Mar2026 23:27:16.526] [modloading-worker-0/WARN] [AttributeFix/]: Attribute ID 'attributeslib:dodge_chance' does not belong to a known attribute. This entry will be ignored.
[22Mar2026 23:27:16.527] [modloading-worker-0/WARN] [AttributeFix/]: Attribute ID 'attributeslib:fire_damage' does not belong to a known attribute. This entry will be ignored.
[22Mar2026 23:27:16.527] [modloading-worker-0/WARN] [AttributeFix/]: Attribute ID 'attributeslib:crit_chance' does not belong to a known attribute. This entry will be ignored.
[22Mar2026 23:27:16.529] [modloading-worker-0/WARN] [AttributeFix/]: Attribute ID 'attributeslib:crit_damage' does not belong to a known attribute. This entry will be ignored.
[22Mar2026 23:27:16.530] [modloading-worker-0/WARN] [AttributeFix/]: Attribute ID 'attributeslib:draw_speed' does not belong to a known attribute. This entry will be ignored.
[22Mar2026 23:27:16.531] [modloading-worker-0/WARN] [AttributeFix/]: Attribute ID 'attributeslib:prot_pierce' does not belong to a known attribute. This entry will be ignored.
[22Mar2026 23:27:16.531] [modloading-worker-0/WARN] [AttributeFix/]: Attribute ID 'attributeslib:current_hp_damage' does not belong to a known attribute. This entry will be ignored.
[22Mar2026 23:27:16.531] [modloading-worker-0/WARN] [AttributeFix/]: Attribute ID 'attributeslib:mining_speed' does not belong to a known attribute. This entry will be ignored.
[22Mar2026 23:27:16.531] [modloading-worker-0/WARN] [AttributeFix/]: Attribute ID 'combatroll:count' does not belong to a known attribute. This entry will be ignored.
[22Mar2026 23:27:16.531] [modloading-worker-0/WARN] [AttributeFix/]: Attribute ID 'attributeslib:arrow_damage' does not belong to a known attribute. This entry will be ignored.
[22Mar2026 23:27:16.531] [modloading-worker-0/WARN] [AttributeFix/]: Attribute ID 'attributeslib:arrow_velocity' does not belong to a known attribute. This entry will be ignored.
[22Mar2026 23:27:16.531] [modloading-worker-0/WARN] [AttributeFix/]: Attribute ID 'attributeslib:life_steal' does not belong to a known attribute. This entry will be ignored.
[22Mar2026 23:27:16.531] [modloading-worker-0/INFO] [AttributeFix/]: Loaded 54 values from config.
[22Mar2026 23:27:16.547] [modloading-worker-0/INFO] [AttributeFix/]: Saving config file. 54 entries.
[22Mar2026 23:27:16.548] [modloading-worker-0/INFO] [AttributeFix/]: Applying changes for 54 attributes.
[22Mar2026 23:27:16.589] [modloading-worker-0/INFO] [Jade/]: Start loading plugin at org.zeith.hammerlib.compat.jade.GetWaila
[22Mar2026 23:27:16.615] [modloading-worker-0/INFO] [Jade/]: Start loading plugin at snownee.snow.compat.jade.JadeCompat
[22Mar2026 23:27:16.615] [modloading-worker-0/INFO] [Jade/]: Start loading plugin at ovh.corail.tombstone.compatibility.IntegrationJade
[22Mar2026 23:27:16.616] [modloading-worker-0/INFO] [Jade/]: Start loading plugin at com.ferreusveritas.dynamictrees.compat.waila.WailaCompat
[22Mar2026 23:27:16.616] [modloading-worker-0/INFO] [Jade/]: Start loading plugin at snownee.kiwi.customization.compat.jade.JadeCompat
[22Mar2026 23:27:16.617] [modloading-worker-0/INFO] [Jade/]: Start loading plugin at snownee.jade.addon.vanilla.VanillaPlugin
[22Mar2026 23:27:16.631] [modloading-worker-0/INFO] [Jade/]: Start loading plugin at snownee.jade.addon.universal.UniversalPlugin
[22Mar2026 23:27:16.636] [Forge Version Check/INFO] [net.minecraftforge.fml.VersionChecker/]: [dynamictrees] Found status: BETA Current: 1.20.1-1.4.10 Target: null
[22Mar2026 23:27:16.636] [Forge Version Check/INFO] [net.minecraftforge.fml.VersionChecker/]: [mutantmonsters] Starting version check at https://raw.githubusercontent.com/Fuzss/modresources/main/update/mutantmonsters.json
[22Mar2026 23:27:16.639] [modloading-worker-0/INFO] [Jade/]: Start loading plugin at snownee.jade.addon.core.CorePlugin
[22Mar2026 23:27:16.641] [modloading-worker-0/INFO] [Jade/]: Start loading plugin at net.geforcemods.securitycraft.compat.hudmods.JadeDataProvider
[22Mar2026 23:27:16.656] [Forge Version Check/INFO] [net.minecraftforge.fml.VersionChecker/]: [mutantmonsters] Found status: UP_TO_DATE Current: 8.0.8 Target: null
[22Mar2026 23:27:16.658] [Forge Version Check/INFO] [net.minecraftforge.fml.VersionChecker/]: [cgm] Starting version check at https://raw.githubusercontent.com/MrCrayfish/ModUpdates/master/cgm/update.json
[22Mar2026 23:27:16.672] [Forge Version Check/INFO] [net.minecraftforge.fml.VersionChecker/]: [cgm] Found status: BETA Current: 1.4.19 Target: null
[22Mar2026 23:27:16.672] [Forge Version Check/INFO] [net.minecraftforge.fml.VersionChecker/]: [attributefix] Starting version check at https://updates.blamejared.com/get?n=attributefix&gv=1.20.1
[22Mar2026 23:27:16.688] [main/INFO] [citadel/]: adding citadel surface rules via terrablender...
[22Mar2026 23:27:16.690] [main/INFO] [citadel/]: Added 0 vanilla biome surface rule types via terrablender
[22Mar2026 23:27:16.690] [main/INFO] [citadel/]: Added 0 modded biome surface rule types via terrablender
[22Mar2026 23:27:17.189] [Forge Version Check/INFO] [net.minecraftforge.fml.VersionChecker/]: [attributefix] Found status: BETA Current: 21.0.5 Target: 21.0.5
[22Mar2026 23:27:17.189] [Forge Version Check/INFO] [net.minecraftforge.fml.VersionChecker/]: [clumps] Starting version check at https://updates.blamejared.com/get?n=clumps&gv=1.20.1
[22Mar2026 23:27:17.337] [Forge Version Check/INFO] [net.minecraftforge.fml.VersionChecker/]: [clumps] Found status: BETA Current: 12.0.0.4 Target: 12.0.0.4
[22Mar2026 23:27:17.337] [Forge Version Check/INFO] [net.minecraftforge.fml.VersionChecker/]: [journeymap] Starting version check at https://forge.curseupdate.com/32274/journeymap
[22Mar2026 23:27:17.455] [Forge Version Check/INFO] [net.minecraftforge.fml.VersionChecker/]: [journeymap] Found status: UP_TO_DATE Current: 5.10.3 Target: null
[22Mar2026 23:27:17.455] [Forge Version Check/INFO] [net.minecraftforge.fml.VersionChecker/]: [badmobs] Starting version check at https://updates.blamejared.com/get?n=badmobs&gv=1.20.1
[22Mar2026 23:27:17.471] [main/INFO] [com.mojang.authlib.yggdrasil.YggdrasilAuthenticationService/]: Environment: authHost='https://authserver.mojang.com', accountsHost='https://api.mojang.com', sessionHost='https://sessionserver.mojang.com', servicesHost='https://api.minecraftservices.com', name='PROD'
[22Mar2026 23:27:17.605] [Forge Version Check/INFO] [net.minecraftforge.fml.VersionChecker/]: [badmobs] Found status: BETA Current: 19.0.4 Target: 19.0.4
[22Mar2026 23:27:17.605] [Forge Version Check/INFO] [net.minecraftforge.fml.VersionChecker/]: [puzzlesaccessapi] Starting version check at https://raw.githubusercontent.com/Fuzss/modresources/main/update/puzzlesaccessapi.json
[22Mar2026 23:27:17.620] [Forge Version Check/INFO] [net.minecraftforge.fml.VersionChecker/]: [puzzlesaccessapi] Found status: BETA Current: 8.0.7 Target: null
[22Mar2026 23:27:17.621] [Forge Version Check/INFO] [net.minecraftforge.fml.VersionChecker/]: [forge] Starting version check at https://files.minecraftforge.net/net/minecraftforge/forge/promotions_slim.json
[22Mar2026 23:27:17.806] [Forge Version Check/INFO] [net.minecraftforge.fml.VersionChecker/]: [forge] Found status: UP_TO_DATE Current: 47.4.10 Target: null
[22Mar2026 23:27:17.806] [Forge Version Check/INFO] [net.minecraftforge.fml.VersionChecker/]: [voicechat] Starting version check at https://update.maxhenkel.de/forge/voicechat
[22Mar2026 23:27:18.059] [main/WARN] [net.minecraft.server.packs.VanillaPackResourcesBuilder/]: Assets URL 'union:/workspaces/AYUCRAFT/servidor_minecraft/libraries/net/minecraft/server/1.20.1-20230612.114412/server-1.20.1-20230612.114412-srg.jar%23377!/assets/.mcassetsroot' uses unexpected schema
[22Mar2026 23:27:18.060] [main/WARN] [net.minecraft.server.packs.VanillaPackResourcesBuilder/]: Assets URL 'union:/workspaces/AYUCRAFT/servidor_minecraft/libraries/net/minecraft/server/1.20.1-20230612.114412/server-1.20.1-20230612.114412-srg.jar%23377!/data/.mcassetsroot' uses unexpected schema
[22Mar2026 23:27:18.061] [main/INFO] [STDOUT/]: [net.smileycorp.hordes.common.Hordes:addPackFinders:74]: gunch
[22Mar2026 23:27:18.158] [main/INFO] [org.berezka.berezka_api.Berezka_api/]: [Berezka API] loadPacks: [berezka_api, berezkas_save_place]
[22Mar2026 23:27:18.190] [main/INFO] [org.berezka.berezka_api.BuiltInResourcePack/]: [Berezka API] Builtin resource pack created.
[22Mar2026 23:27:18.671] [main/ERROR] [net.minecraft.world.level.biome.BiomeGenerationSettings/]: Features: Not a json array: "minecraft:flower_patch"; Not a JSON object: "minecraft:flower_patch"; Not a json array: "minecraft:grass_patch"; Not a JSON object: "minecraft:grass_patch"
[22Mar2026 23:27:18.700] [main/ERROR] [net.minecraft.world.level.biome.BiomeGenerationSettings/]: Features: Not a json array: "minecraft:flower_patch"; Not a JSON object: "minecraft:flower_patch"; Not a json array: "minecraft:grass_patch"; Not a JSON object: "minecraft:grass_patch"
[22Mar2026 23:27:18.859] [Forge Version Check/INFO] [net.minecraftforge.fml.VersionChecker/]: [voicechat] Found status: AHEAD Current: 1.20.1-2.6.12 Target: null
[22Mar2026 23:27:18.859] [Forge Version Check/INFO] [net.minecraftforge.fml.VersionChecker/]: [sound_physics_remastered] Starting version check at https://update.maxhenkel.de/forge/sound_physics_remastered
[22Mar2026 23:27:19.011] [Forge Version Check/INFO] [net.minecraftforge.fml.VersionChecker/]: [sound_physics_remastered] Found status: AHEAD Current: 1.20.1-1.5.1 Target: null
[22Mar2026 23:27:19.012] [Forge Version Check/INFO] [net.minecraftforge.fml.VersionChecker/]: [dtbop] Starting version check at https://github.com/DynamicTreesTeam/DynamicTreesVersionInfo/blob/master/Add-ons/BOP.json?raw=true
[22Mar2026 23:27:19.031] [main/INFO] [org.berezka.berezkas_save_place.Berezkas_save_place/]: handle resource: input: worldgen/structure, output: [worldgen/structure/elitebunker.json] (berezkas_save_place)
[22Mar2026 23:27:19.051] [main/INFO] [org.berezka.berezkas_save_place.Berezkas_save_place/]: getJsonMethod
[22Mar2026 23:27:19.052] [main/INFO] [org.berezka.berezkas_save_place.Berezkas_save_place/]: createStructure by berezkas_save_place returns: {
  "type": "minecraft:jigsaw",
  "start_pool": "berezkas_save_place:elitebunker",
  "size": 7,
  "max_distance_from_center": 128,
  "spawn_overrides": {},
  "step": "surface_structures",
  "terrain_adaptation": "none",
  "start_height": {
    "absolute": 0
  },
  "project_start_to_heightmap": "WORLD_SURFACE_WG",
  "biomes": [
"plains", "snowy_plains", "sunflower_plains"  ],
  "use_expansion_hack": false
}

[22Mar2026 23:27:19.099] [main/INFO] [org.berezka.berezkas_save_place.Berezkas_save_place/]: handle resource: input: worldgen/structure_set, output: [worldgen/structure_set/elitebunker.json] (berezkas_save_place)
[22Mar2026 23:27:19.105] [main/INFO] [org.berezka.berezkas_save_place.Berezkas_save_place/]: getJsonMethod
[22Mar2026 23:27:19.105] [main/INFO] [org.berezka.berezkas_save_place.Berezkas_save_place/]: createStructureSet by berezkas_save_place returns: {
  "structures": [
    {
      "structure": "berezkas_save_place:elitebunker",
      "weight": 1
    }
  ],
  "placement": {
    "type": "minecraft:random_spread",
    "spacing": 20,
    "separation": 2,
    "salt": 1096901636
  }
}
 [config: BunkerSeparation ]
[22Mar2026 23:27:19.157] [Forge Version Check/INFO] [net.minecraftforge.fml.VersionChecker/]: [dtbop] Found status: BETA Current: 1.20.1-3.3.4 Target: null
[22Mar2026 23:27:19.157] [Forge Version Check/INFO] [net.minecraftforge.fml.VersionChecker/]: [moonlight] Starting version check at https://api.modrinth.com/updates/moonlight/forge_updates.json
[22Mar2026 23:27:19.330] [Forge Version Check/INFO] [net.minecraftforge.fml.VersionChecker/]: [moonlight] Found status: OUTDATED Current: 1.20-2.16.28 Target: 1.20-2.16.28-forge
[22Mar2026 23:27:19.330] [Forge Version Check/INFO] [net.minecraftforge.fml.VersionChecker/]: [securitycraft] Starting version check at https://www.github.com/Geforce132/SecurityCraft/raw/master/Updates/Forge.json
[22Mar2026 23:27:19.744] [Forge Version Check/INFO] [net.minecraftforge.fml.VersionChecker/]: [securitycraft] Found status: UP_TO_DATE Current: 1.10.1 Target: null
[22Mar2026 23:27:19.744] [Forge Version Check/INFO] [net.minecraftforge.fml.VersionChecker/]: [dtquark] Starting version check at https://github.com/DynamicTreesTeam/DynamicTreesVersionInfo/blob/master/Add-ons/Quark.json?raw=true
[22Mar2026 23:27:19.888] [Forge Version Check/INFO] [net.minecraftforge.fml.VersionChecker/]: [dtquark] Found status: BETA Current: 1.20.1-2.5.3 Target: null
[22Mar2026 23:27:19.888] [Forge Version Check/INFO] [net.minecraftforge.fml.VersionChecker/]: [spawnanimations] Starting version check at https://api.modrinth.com/updates/zrzYrlm0/forge_updates.json?forge=only
[22Mar2026 23:27:20.048] [Forge Version Check/INFO] [net.minecraftforge.fml.VersionChecker/]: [spawnanimations] Found status: UP_TO_DATE Current: 1.11.2+mod Target: null
[22Mar2026 23:27:20.048] [Forge Version Check/INFO] [net.minecraftforge.fml.VersionChecker/]: [puzzleslib] Starting version check at https://raw.githubusercontent.com/Fuzss/modresources/main/update/puzzleslib.json
[22Mar2026 23:27:20.157] [Forge Version Check/INFO] [net.minecraftforge.fml.VersionChecker/]: [puzzleslib] Found status: OUTDATED Current: 8.1.25 Target: 8.1.33
[22Mar2026 23:27:20.157] [Forge Version Check/INFO] [net.minecraftforge.fml.VersionChecker/]: [presencefootsteps] Starting version check at https://forge.curseupdate.com/433068/presencefootsteps
[22Mar2026 23:27:20.182] [Forge Version Check/INFO] [net.minecraftforge.fml.VersionChecker/]: [presencefootsteps] Found status: BETA Current: 1.20.1-1.9.1-beta.1 Target: 1.20.1-1.9.1-beta.1
[22Mar2026 23:27:21.267] [main/INFO] [Spartan Weaponry/]: Finished registering commands for Spartan Weaponry!
[22Mar2026 23:27:21.404] [main/INFO] [com.github.alexthe666.alexsmobs.AlexsMobs/]: Adding datapack listener capsid_recipes
[22Mar2026 23:27:21.430] [Worker-Main-2/WARN] [HammerLib/]: Unable to find registry for tag directory tags/lostcities/predefinedcities
[22Mar2026 23:27:21.431] [Worker-Main-3/WARN] [HammerLib/]: Unable to find registry for tag directory tags/loot_condition_type
[22Mar2026 23:27:21.434] [Worker-Main-3/WARN] [HammerLib/]: Unable to find registry for tag directory tags/worldgen/structure_set
[22Mar2026 23:27:21.434] [Worker-Main-3/WARN] [HammerLib/]: Unable to find registry for tag directory tags/loot_function_type
[22Mar2026 23:27:21.436] [Worker-Main-3/INFO] [HammerLib/]: Built tags for registry minecraft:menu
[22Mar2026 23:27:21.437] [Worker-Main-2/WARN] [HammerLib/]: Unable to find registry for tag directory tags/worldgen/feature_size_type
[22Mar2026 23:27:21.438] [Worker-Main-3/WARN] [HammerLib/]: Unable to find registry for tag directory tags/worldgen/template_pool
[22Mar2026 23:27:21.438] [Worker-Main-2/WARN] [HammerLib/]: Unable to find registry for tag directory tags/pos_rule_test
[22Mar2026 23:27:21.439] [Worker-Main-1/WARN] [HammerLib/]: Unable to find registry for tag directory tags/worldgen/flat_level_generator_preset
[22Mar2026 23:27:21.442] [Worker-Main-3/WARN] [HammerLib/]: Unable to find registry for tag directory tags/creative_mode_tab
[22Mar2026 23:27:21.441] [Worker-Main-2/INFO] [HammerLib/]: Built tags for registry minecraft:worldgen/block_state_provider_type
[22Mar2026 23:27:21.444] [Worker-Main-3/INFO] [HammerLib/]: Built tags for registry minecraft:particle_type
[22Mar2026 23:27:21.444] [Worker-Main-1/INFO] [HammerLib/]: Built tags for registry lithostitched:modifier_predicate_type
[22Mar2026 23:27:21.444] [Worker-Main-2/WARN] [HammerLib/]: Unable to find registry for tag directory tags/worldgen/density_function_type
[22Mar2026 23:27:21.445] [Worker-Main-1/WARN] [HammerLib/]: Unable to find registry for tag directory tags/rule_test
[22Mar2026 23:27:21.446] [Worker-Main-2/INFO] [HammerLib/]: Built tags for registry minecraft:schedule
[22Mar2026 23:27:21.447] [Worker-Main-2/INFO] [HammerLib/]: Built tags for registry forge:global_loot_modifier_serializers
[22Mar2026 23:27:21.447] [Worker-Main-1/WARN] [HammerLib/]: Unable to find registry for tag directory tags/worldgen/noise
[22Mar2026 23:27:21.448] [Worker-Main-2/WARN] [HammerLib/]: Unable to find registry for tag directory tags/worldgen/configured_carver
[22Mar2026 23:27:21.449] [Worker-Main-1/WARN] [HammerLib/]: Unable to find registry for tag directory tags/corgilib/villager_trades_item_listing
[22Mar2026 23:27:21.450] [Worker-Main-2/INFO] [HammerLib/]: Built tags for registry lithostitched:placement_condition_type
[22Mar2026 23:27:21.451] [Worker-Main-1/INFO] [HammerLib/]: Built tags for registry minecraft:chunk_status
[22Mar2026 23:27:21.453] [Worker-Main-2/WARN] [HammerLib/]: Unable to find registry for tag directory tags/worldgen/structure_pool_element
[22Mar2026 23:27:21.452] [Worker-Main-1/INFO] [HammerLib/]: Built tags for registry minecraft:block_entity_type
[22Mar2026 23:27:21.453] [Worker-Main-2/INFO] [HammerLib/]: Built tags for registry minecraft:recipe_serializer
[22Mar2026 23:27:21.454] [Worker-Main-1/WARN] [HammerLib/]: Unable to find registry for tag directory tags/villager_type
[22Mar2026 23:27:21.454] [Worker-Main-2/WARN] [HammerLib/]: Unable to find registry for tag directory tags/worldgen/placement_modifier_type
[22Mar2026 23:27:21.454] [Worker-Main-1/WARN] [HammerLib/]: Unable to find registry for tag directory tags/worldgen/material_condition
[22Mar2026 23:27:21.456] [Worker-Main-1/WARN] [HammerLib/]: Unable to find registry for tag directory tags/trim_material
[22Mar2026 23:27:21.457] [Worker-Main-1/WARN] [HammerLib/]: Unable to find registry for tag directory tags/lostcities/buildings
[22Mar2026 23:27:21.457] [Worker-Main-1/WARN] [HammerLib/]: Unable to find registry for tag directory tags/worldgen/noise_settings
[22Mar2026 23:27:21.458] [Worker-Main-1/WARN] [HammerLib/]: Unable to find registry for tag directory tags/worldgen/placed_feature
[22Mar2026 23:27:21.459] [Worker-Main-2/WARN] [HammerLib/]: Unable to find registry for tag directory tags/game_events
[22Mar2026 23:27:21.460] [Worker-Main-1/WARN] [HammerLib/]: Unable to find registry for tag directory tags/banner_pattern
[22Mar2026 23:27:21.461] [Worker-Main-1/WARN] [HammerLib/]: Unable to find registry for tag directory tags/worldgen/multi_noise_biome_source_parameter_list
[22Mar2026 23:27:21.462] [Worker-Main-2/WARN] [HammerLib/]: Unable to find registry for tag directory tags/worldgen/structure_placement
[22Mar2026 23:27:21.462] [Worker-Main-2/WARN] [HammerLib/]: Unable to find registry for tag directory tags/trim_pattern
[22Mar2026 23:27:21.462] [Worker-Main-1/WARN] [HammerLib/]: Unable to find registry for tag directory tags/lostcities/worldstyles
[22Mar2026 23:27:21.464] [Worker-Main-2/WARN] [HammerLib/]: Unable to find registry for tag directory tags/moonlight/soft_fluids
[22Mar2026 23:27:21.465] [Worker-Main-2/INFO] [HammerLib/]: Built tags for registry forge:entity_data_serializers
[22Mar2026 23:27:21.465] [Worker-Main-1/WARN] [HammerLib/]: Unable to find registry for tag directory tags/instrument
[22Mar2026 23:27:21.466] [Worker-Main-2/WARN] [HammerLib/]: Unable to find registry for tag directory tags/custom_stat
[22Mar2026 23:27:21.467] [Worker-Main-2/INFO] [HammerLib/]: Built tags for registry minecraft:fluid
[22Mar2026 23:27:21.468] [Worker-Main-2/WARN] [HammerLib/]: Unable to find registry for tag directory tags/forge/biome_modifier
[22Mar2026 23:27:21.468] [Worker-Main-2/WARN] [HammerLib/]: Unable to find registry for tag directory tags/forge/structure_modifier
[22Mar2026 23:27:21.469] [Worker-Main-2/INFO] [HammerLib/]: Built tags for registry minecraft:sensor_type
[22Mar2026 23:27:21.469] [Worker-Main-2/WARN] [HammerLib/]: Unable to find registry for tag directory tags/worldgen/structure_piece
[22Mar2026 23:27:21.470] [Worker-Main-2/WARN] [HammerLib/]: Unable to find registry for tag directory tags/position_source_type
[22Mar2026 23:27:21.471] [Worker-Main-2/INFO] [HammerLib/]: Built tags for registry minecraft:attribute
[22Mar2026 23:27:21.472] [Worker-Main-2/INFO] [HammerLib/]: Built tags for registry minecraft:memory_module_type
[22Mar2026 23:27:21.473] [Worker-Main-2/WARN] [HammerLib/]: Unable to find registry for tag directory tags/corgilib/blending_function
[22Mar2026 23:27:21.473] [Worker-Main-2/INFO] [HammerLib/]: Built tags for registry minecraft:enchantment
[22Mar2026 23:27:21.474] [Worker-Main-2/WARN] [HammerLib/]: Unable to find registry for tag directory tags/worldgen/chunk_generator
[22Mar2026 23:27:21.475] [Worker-Main-1/WARN] [HammerLib/]: Unable to find registry for tag directory tags/worldgen/structure
[22Mar2026 23:27:21.475] [Worker-Main-2/WARN] [HammerLib/]: Unable to find registry for tag directory tags/loot_nbt_provider_type
[22Mar2026 23:27:21.476] [Worker-Main-2/WARN] [HammerLib/]: Unable to find registry for tag directory tags/enhancedcelestials/lunar/event/dimension_chance
[22Mar2026 23:27:21.476] [Worker-Main-2/INFO] [HammerLib/]: Built tags for registry lithostitched:modifier_type
[22Mar2026 23:27:21.477] [Worker-Main-2/WARN] [HammerLib/]: Unable to find registry for tag directory tags/lostcities/predefinedspheres
[22Mar2026 23:27:21.478] [Worker-Main-1/INFO] [HammerLib/]: Built tags for registry minecraft:point_of_interest_type
[22Mar2026 23:27:21.478] [Worker-Main-1/WARN] [HammerLib/]: Unable to find registry for tag directory tags/lithostitched/worldgen_modifier
[22Mar2026 23:27:21.487] [Worker-Main-2/WARN] [HammerLib/]: Unable to find registry for tag directory tags/damage_type
[22Mar2026 23:27:21.490] [Worker-Main-2/WARN] [HammerLib/]: Unable to find registry for tag directory tags/lostcities/styles
[22Mar2026 23:27:21.491] [Worker-Main-2/WARN] [HammerLib/]: Unable to find registry for tag directory tags/worldgen/structure_processor
[22Mar2026 23:27:21.492] [Worker-Main-2/WARN] [HammerLib/]: Unable to find registry for tag directory tags/rule_block_entity_modifier
[22Mar2026 23:27:21.493] [Worker-Main-2/INFO] [HammerLib/]: Built tags for registry minecraft:painting_variant
[22Mar2026 23:27:21.495] [Worker-Main-2/WARN] [HammerLib/]: Unable to find registry for tag directory tags/worldgen/configured_feature
[22Mar2026 23:27:21.498] [Worker-Main-2/WARN] [HammerLib/]: Unable to find registry for tag directory tags/loot_score_provider_type
[22Mar2026 23:27:21.499] [Worker-Main-2/INFO] [HammerLib/]: Built tags for registry minecraft:worldgen/tree_decorator_type
[22Mar2026 23:27:21.500] [Worker-Main-2/INFO] [HammerLib/]: Built tags for registry minecraft:worldgen/carver
[22Mar2026 23:27:21.501] [Worker-Main-2/INFO] [HammerLib/]: Built tags for registry minecraft:potion
[22Mar2026 23:27:21.503] [Worker-Main-2/WARN] [HammerLib/]: Unable to find registry for tag directory tags/lostcities/multibuildings
[22Mar2026 23:27:21.578] [Worker-Main-2/INFO] [HammerLib/]: Built tags for registry minecraft:worldgen/biome
[22Mar2026 23:27:21.578] [Worker-Main-1/INFO] [HammerLib/]: Built tags for registry minecraft:item
[22Mar2026 23:27:21.597] [Worker-Main-3/INFO] [HammerLib/]: Built tags for registry minecraft:block
[22Mar2026 23:27:21.599] [Worker-Main-2/WARN] [HammerLib/]: Unable to find registry for tag directory tags/worldgen/structure_type
[22Mar2026 23:27:21.601] [Worker-Main-2/WARN] [HammerLib/]: Unable to find registry for tag directory tags/decorated_pot_patterns
[22Mar2026 23:27:21.604] [Worker-Main-2/WARN] [HammerLib/]: Unable to find registry for tag directory tags/worldgen/trunk_placer_type
[22Mar2026 23:27:21.604] [Worker-Main-2/WARN] [HammerLib/]: Unable to find registry for tag directory tags/lostcities/parts
[22Mar2026 23:27:21.606] [Worker-Main-2/WARN] [HammerLib/]: Unable to find registry for tag directory tags/worldgen/processor_list
[22Mar2026 23:27:21.606] [Worker-Main-2/WARN] [HammerLib/]: Unable to find registry for tag directory tags/dimension
[22Mar2026 23:27:21.621] [Worker-Main-3/ERROR] [net.minecraft.tags.TagLoader/]: Couldn't load tag hbm_m:emit_dark_particles as it is missing following references: hbm_m:plutonium_block (from hbm_m-0.1.2-alpha.jar), 
	hbm_m:plutonium_fuel_block (from hbm_m-0.1.2-alpha.jar)
[22Mar2026 23:27:21.626] [Worker-Main-1/INFO] [HammerLib/]: Built tags for registry minecraft:worldgen/foliage_placer_type
[22Mar2026 23:27:21.630] [Worker-Main-1/WARN] [HammerLib/]: Unable to find registry for tag directory tags/enhancedcelestials/lunar/event
[22Mar2026 23:27:21.630] [Worker-Main-1/WARN] [HammerLib/]: Unable to find registry for tag directory tags/scalingmobs/milestone
[22Mar2026 23:27:21.631] [Worker-Main-1/WARN] [HammerLib/]: Unable to find registry for tag directory tags/worldgen/biome_source
[22Mar2026 23:27:21.686] [Worker-Main-1/WARN] [HammerLib/]: Unable to find registry for tag directory tags/cat_variant
[22Mar2026 23:27:21.687] [Worker-Main-1/WARN] [HammerLib/]: Unable to find registry for tag directory tags/worldgen/density_function
[22Mar2026 23:27:21.687] [Worker-Main-1/WARN] [HammerLib/]: Unable to find registry for tag directory tags/loot_pool_entry_type
[22Mar2026 23:27:21.688] [Worker-Main-1/WARN] [HammerLib/]: Unable to find registry for tag directory tags/chat_type
[22Mar2026 23:27:21.688] [Worker-Main-1/INFO] [HammerLib/]: Built tags for registry minecraft:command_argument_type
[22Mar2026 23:27:21.689] [Worker-Main-2/INFO] [HammerLib/]: Built tags for registry minecraft:entity_type
[22Mar2026 23:27:21.692] [Worker-Main-1/INFO] [HammerLib/]: Built tags for registry minecraft:sound_event
[22Mar2026 23:27:21.687] [Worker-Main-3/WARN] [HammerLib/]: Unable to find registry for tag directory tags/worldgen/root_placer_type
[22Mar2026 23:27:21.693] [Worker-Main-3/WARN] [HammerLib/]: Unable to find registry for tag directory tags/lostcities/stuff
[22Mar2026 23:27:21.692] [Worker-Main-1/INFO] [HammerLib/]: Built tags for registry minecraft:stat_type
[22Mar2026 23:27:21.694] [Worker-Main-1/WARN] [HammerLib/]: Unable to find registry for tag directory tags/block_predicate_type
[22Mar2026 23:27:21.694] [Worker-Main-1/WARN] [HammerLib/]: Unable to find registry for tag directory tags/int_provider_type
[22Mar2026 23:27:21.695] [Worker-Main-3/INFO] [HammerLib/]: Built tags for registry minecraft:worldgen/feature
[22Mar2026 23:27:21.695] [Worker-Main-3/WARN] [HammerLib/]: Unable to find registry for tag directory tags/scalingmobs/mob_modifier
[22Mar2026 23:27:21.696] [Worker-Main-3/WARN] [HammerLib/]: Unable to find registry for tag directory tags/corgilib/condition
[22Mar2026 23:27:21.695] [Worker-Main-1/WARN] [HammerLib/]: Unable to find registry for tag directory tags/height_provider_type
[22Mar2026 23:27:21.696] [Worker-Main-1/WARN] [HammerLib/]: Unable to find registry for tag directory tags/loot_number_provider_type
[22Mar2026 23:27:21.697] [Worker-Main-1/INFO] [HammerLib/]: Built tags for registry minecraft:recipe_type
[22Mar2026 23:27:21.697] [Worker-Main-3/WARN] [HammerLib/]: Unable to find registry for tag directory tags/lostcities/conditions
[22Mar2026 23:27:21.700] [Worker-Main-3/INFO] [HammerLib/]: Built tags for registry spartanweaponry:weapon_traits
[22Mar2026 23:27:21.700] [Worker-Main-1/WARN] [HammerLib/]: Unable to find registry for tag directory tags/lostcities/palettes
[22Mar2026 23:27:21.701] [Worker-Main-1/WARN] [HammerLib/]: Unable to find registry for tag directory tags/abridged/bridge_config
[22Mar2026 23:27:21.701] [Worker-Main-1/INFO] [HammerLib/]: Built tags for registry minecraft:villager_profession
[22Mar2026 23:27:21.702] [Worker-Main-1/WARN] [HammerLib/]: Unable to find registry for tag directory tags/dimension_type
[22Mar2026 23:27:21.703] [Worker-Main-1/WARN] [HammerLib/]: Unable to find registry for tag directory tags/lostcities/variants
[22Mar2026 23:27:21.703] [Worker-Main-1/WARN] [HammerLib/]: Unable to find registry for tag directory tags/lostcities/citystyles
[22Mar2026 23:27:21.704] [Worker-Main-3/WARN] [HammerLib/]: Unable to find registry for tag directory tags/worldgen/world_preset
[22Mar2026 23:27:21.704] [Worker-Main-1/INFO] [HammerLib/]: Built tags for registry minecraft:activity
[22Mar2026 23:27:21.705] [Worker-Main-1/INFO] [HammerLib/]: Built tags for registry forge:fluid_type
[22Mar2026 23:27:21.705] [Worker-Main-3/WARN] [HammerLib/]: Unable to find registry for tag directory tags/worldgen/material_rule
[22Mar2026 23:27:21.705] [Worker-Main-1/WARN] [HammerLib/]: Unable to find registry for tag directory tags/lostcities/scattered
[22Mar2026 23:27:21.706] [Worker-Main-3/WARN] [HammerLib/]: Unable to find registry for tag directory tags/enhancedcelestials/lunar/dimension_settings
[22Mar2026 23:27:21.706] [Worker-Main-3/WARN] [HammerLib/]: Unable to find registry for tag directory tags/frog_variant
[22Mar2026 23:27:21.706] [Worker-Main-1/WARN] [HammerLib/]: Unable to find registry for tag directory tags/float_provider_type
[22Mar2026 23:27:21.706] [Worker-Main-3/INFO] [HammerLib/]: Built tags for registry lithostitched:processor_condition_type
[22Mar2026 23:27:21.707] [Worker-Main-3/INFO] [HammerLib/]: Built tags for registry minecraft:mob_effect
[22Mar2026 23:27:21.707] [Worker-Main-1/WARN] [HammerLib/]: Unable to find registry for tag directory tags/moonlight/map_markers
[22Mar2026 23:27:21.701] [Worker-Main-2/ERROR] [net.minecraft.tags.TagLoader/]: Couldn't load tag minecraft:impact_projectiles as it is missing following references: ancient_elements:crystalbeam_projectile (from ancient_elements-1.4.5.jar), 
	ancient_elements:deflected_wind (from ancient_elements-1.4.5.jar), 
	ancient_elements:wind (from ancient_elements-1.4.5.jar), 
	ancient_elements:aero_blow (from ancient_elements-1.4.5.jar), 
	ancient_elements:dark_matter_projektile (from ancient_elements-1.4.5.jar), 
	ancient_elements:dynamite_projectile (from ancient_elements-1.4.5.jar), 
	ancient_elements:earth_charge_projektile (from ancient_elements-1.4.5.jar), 
	ancient_elements:elementinium_projektile_projectile (from ancient_elements-1.4.5.jar), 
	ancient_elements:geode_projektile (from ancient_elements-1.4.5.jar), 
	ancient_elements:gravity_chargee (from ancient_elements-1.4.5.jar), 
	ancient_elements:z_topaz_ball_projectile (from ancient_elements-1.4.5.jar), 
	ancient_elements:zthrowrockattack_projectile (from ancient_elements-1.4.5.jar), 
	ancient_elements:water_charge_projektile (from ancient_elements-1.4.5.jar), 
	ancient_elements:astrellure_projektile (from ancient_elements-1.4.5.jar), 
	ancient_elements:fireball (from ancient_elements-1.4.5.jar), 
	ancient_elements:void_bolt_projektile (from ancient_elements-1.4.5.jar), 
	ancient_elements:soul_knife_projektile (from ancient_elements-1.4.5.jar), 
	ancient_elements:throwing_knife_projektile (from ancient_elements-1.4.5.jar), 
	ancient_elements:wave_projektile (from ancient_elements-1.4.5.jar)
[22Mar2026 23:27:22.161] [Worker-Main-2/INFO] [ImprovableSkills/]: Injecting scroll for skill 'improvableskills:silent_foot' into LootTable 'minecraft:entities/warden'!
[22Mar2026 23:27:22.193] [Worker-Main-2/INFO] [ImprovableSkills/]: Injecting parchment into LootTable 'lcmt:chests/town_valuables'!
[22Mar2026 23:27:22.197] [Worker-Main-2/WARN] [org.berezka.berezka_api.BuiltInResourcePack/]: [Berezka API] called getResource with namespace berezka_api but file (store.json) doesn't exist. (most of the time you can ignore this
[22Mar2026 23:27:22.198] [Worker-Main-2/INFO] [ImprovableSkills/]: Injecting parchment into LootTable 'berezka_api:chests/store'!
[22Mar2026 23:27:22.199] [Worker-Main-2/INFO] [ImprovableSkills/]: Injecting parchment into LootTable 'lcmt:chests/shopping_food_basic'!
[22Mar2026 23:27:22.201] [Worker-Main-2/WARN] [org.berezka.berezka_api.BuiltInResourcePack/]: [Berezka API] called getResource with namespace berezka_api but file (berezkahousesmall_0.json) doesn't exist. (most of the time you can ignore this
[22Mar2026 23:27:22.202] [Worker-Main-2/INFO] [ImprovableSkills/]: Injecting parchment into LootTable 'berezka_api:chests/berezkahousesmall_0'!
[22Mar2026 23:27:22.223] [Worker-Main-2/INFO] [ImprovableSkills/]: Injecting parchment into LootTable 'graveyard:chests/arrow_loot'!
[22Mar2026 23:27:22.254] [Worker-Main-2/INFO] [ImprovableSkills/]: Injecting parchment into LootTable 'block_factorys_bosses:chests/dragon_tower_common'!
[22Mar2026 23:27:22.261] [Worker-Main-2/INFO] [ImprovableSkills/]: Injecting parchment into LootTable 'lcmt:chests/shopping_vending_machine'!
[22Mar2026 23:27:22.265] [Worker-Main-2/INFO] [ImprovableSkills/]: Injecting parchment into LootTable 'graveyard:chests/candle_loot'!
[22Mar2026 23:27:22.300] [Worker-Main-2/WARN] [org.berezka.berezka_api.BuiltInResourcePack/]: [Berezka API] called getResource with namespace berezka_api but file (fabric.json) doesn't exist. (most of the time you can ignore this
[22Mar2026 23:27:22.300] [Worker-Main-2/INFO] [ImprovableSkills/]: Injecting parchment into LootTable 'berezka_api:chests/fabric'!
[22Mar2026 23:27:22.344] [Worker-Main-2/INFO] [ImprovableSkills/]: Injecting parchment into LootTable 'minecraft:chests/underwater_ruin_small'!
[22Mar2026 23:27:22.346] [Worker-Main-2/INFO] [ImprovableSkills/]: Injecting parchment into LootTable 'graveyard:chests/great_crypt_loot'!
[22Mar2026 23:27:22.348] [Worker-Main-2/INFO] [ImprovableSkills/]: Injecting parchment into LootTable 'graveyard:chests/crypt_loot'!
[22Mar2026 23:27:22.351] [Worker-Main-2/WARN] [org.berezka.berezka_api.BuiltInResourcePack/]: [Berezka API] called getResource with namespace berezka_api but file (tower_chest.json) doesn't exist. (most of the time you can ignore this
[22Mar2026 23:27:22.351] [Worker-Main-2/INFO] [ImprovableSkills/]: Injecting parchment into LootTable 'berezka_api:chests/tower_chest'!
[22Mar2026 23:27:22.355] [Worker-Main-2/INFO] [ImprovableSkills/]: Injecting scroll for skill 'improvableskills:xp_plus' into LootTable 'minecraft:entities/elder_guardian'!
[22Mar2026 23:27:22.357] [Worker-Main-2/INFO] [ImprovableSkills/]: Injecting scroll for skill 'improvableskills:mob_repellent' into LootTable 'minecraft:chests/village/village_armorer'!
[22Mar2026 23:27:22.359] [Worker-Main-2/INFO] [ImprovableSkills/]: Injecting parchment into LootTable 'graveyard:chests/misc_loot'!
[22Mar2026 23:27:22.362] [Worker-Main-2/INFO] [ImprovableSkills/]: Injecting parchment into LootTable 'minecraft:chests/igloo_chest'!
[22Mar2026 23:27:22.363] [Worker-Main-2/INFO] [ImprovableSkills/]: Injecting scroll for skill 'improvableskills:silent_foot' into LootTable 'minecraft:chests/ancient_city'!
[22Mar2026 23:27:22.364] [Worker-Main-2/INFO] [ImprovableSkills/]: Injecting parchment into LootTable 'minecraft:chests/ancient_city'!
[22Mar2026 23:27:22.379] [Worker-Main-2/INFO] [ImprovableSkills/]: Injecting parchment into LootTable 'graveyard:chests/bone_loot'!
[22Mar2026 23:27:22.380] [Worker-Main-2/INFO] [ImprovableSkills/]: Injecting parchment into LootTable 'lcmt:chests/factory_maintenance_kit'!
[22Mar2026 23:27:22.381] [Worker-Main-2/INFO] [ImprovableSkills/]: Injecting parchment into LootTable 'graveyard:chests/medium_loot'!
[22Mar2026 23:27:22.383] [Worker-Main-2/INFO] [ImprovableSkills/]: Injecting scroll for skill 'improvableskills:growth' into LootTable 'minecraft:chests/jungle_temple'!
[22Mar2026 23:27:22.383] [Worker-Main-2/INFO] [ImprovableSkills/]: Injecting parchment into LootTable 'minecraft:chests/jungle_temple'!
[22Mar2026 23:27:22.385] [Worker-Main-2/INFO] [ImprovableSkills/]: Injecting parchment into LootTable 'graveyard:chests/large_loot'!
[22Mar2026 23:27:22.390] [Worker-Main-2/INFO] [Spartan Weaponry/]: Adding Diamond Weapons to the End City Treasure Loot Table!
[22Mar2026 23:27:22.391] [Worker-Main-2/INFO] [ImprovableSkills/]: Injecting scroll for skill 'improvableskills:health' into LootTable 'minecraft:chests/end_city_treasure'!
[22Mar2026 23:27:22.392] [Worker-Main-2/INFO] [ImprovableSkills/]: Injecting parchment into LootTable 'minecraft:chests/end_city_treasure'!
[22Mar2026 23:27:22.394] [Worker-Main-2/INFO] [ImprovableSkills/]: Injecting parchment into LootTable 'lcmt:chests/factory_barrel_metal'!
[22Mar2026 23:27:22.397] [Worker-Main-2/INFO] [ImprovableSkills/]: Injecting parchment into LootTable 'toughasnails:chests/village/village_climatologist'!
[22Mar2026 23:27:22.405] [Worker-Main-2/INFO] [ImprovableSkills/]: Injecting parchment into LootTable 'graveyard:chests/totem_loot'!
[22Mar2026 23:27:22.410] [Worker-Main-2/INFO] [ImprovableSkills/]: Injecting parchment into LootTable 'lcmt:chests/center_basic_components'!
[22Mar2026 23:27:22.411] [Worker-Main-2/INFO] [ImprovableSkills/]: Injecting parchment into LootTable 'minecraft:chests/ruined_portal'!
[22Mar2026 23:27:22.415] [Worker-Main-2/ERROR] [net.minecraftforge.common.ForgeHooks/]: Couldn't parse element loot_tables:dtbop:trees/voluntary/glowshroom
com.google.gson.JsonSyntaxException: Expected name to be an item, was unknown string 'dtbop:glowshroom_seed'
	at net.minecraft.util.GsonHelper.m_13866_(GsonHelper.java:145) ~[server-1.20.1-20230612.114412-srg.jar%23377!/:?]
	at java.util.Optional.orElseThrow(Optional.java:403) ~[?:?]
	at net.minecraft.util.GsonHelper.m_13874_(GsonHelper.java:145) ~[server-1.20.1-20230612.114412-srg.jar%23377!/:?]
	at net.minecraft.util.GsonHelper.m_13909_(GsonHelper.java:153) ~[server-1.20.1-20230612.114412-srg.jar%23377!/:?]
	at net.minecraft.world.level.storage.loot.entries.LootItem$Serializer.m_7267_(LootItem.java:55) ~[server-1.20.1-20230612.114412-srg.jar%23377!/:?]
	at net.minecraft.world.level.storage.loot.entries.LootItem$Serializer.m_7267_(LootItem.java:40) ~[server-1.20.1-20230612.114412-srg.jar%23377!/:?]
	at net.minecraft.world.level.storage.loot.entries.LootPoolSingletonContainer$Serializer.m_5921_(LootPoolSingletonContainer.java:151) ~[server-1.20.1-20230612.114412-srg.jar%23377!/:?]
	at net.minecraft.world.level.storage.loot.entries.LootPoolSingletonContainer$Serializer.m_5921_(LootPoolSingletonContainer.java:129) ~[server-1.20.1-20230612.114412-srg.jar%23377!/:?]
	at net.minecraft.world.level.storage.loot.entries.LootPoolEntryContainer$Serializer.m_7561_(LootPoolEntryContainer.java:86) ~[server-1.20.1-20230612.114412-srg.jar%23377!/:?]
	at net.minecraft.world.level.storage.loot.entries.LootPoolEntryContainer$Serializer.m_7561_(LootPoolEntryContainer.java:74) ~[server-1.20.1-20230612.114412-srg.jar%23377!/:?]
	at net.minecraft.world.level.storage.loot.GsonAdapterFactory$JsonAdapter.deserialize(GsonAdapterFactory.java:102) ~[server-1.20.1-20230612.114412-srg.jar%23377!/:?]
	at com.google.gson.internal.bind.TreeTypeAdapter.read(TreeTypeAdapter.java:76) ~[gson-2.10.jar%2372!/:?]
	at com.google.gson.internal.bind.TypeAdapterRuntimeTypeWrapper.read(TypeAdapterRuntimeTypeWrapper.java:40) ~[gson-2.10.jar%2372!/:?]
	at com.google.gson.internal.bind.ArrayTypeAdapter.read(ArrayTypeAdapter.java:72) ~[gson-2.10.jar%2372!/:?]
	at com.google.gson.Gson.fromJson(Gson.java:1214) ~[gson-2.10.jar%2372!/:?]
	at com.google.gson.Gson.fromJson(Gson.java:1319) ~[gson-2.10.jar%2372!/:?]
	at com.google.gson.Gson.fromJson(Gson.java:1290) ~[gson-2.10.jar%2372!/:?]
	at com.google.gson.internal.bind.TreeTypeAdapter$GsonContextImpl.deserialize(TreeTypeAdapter.java:179) ~[gson-2.10.jar%2372!/:?]
	at net.minecraft.util.GsonHelper.m_13808_(GsonHelper.java:463) ~[server-1.20.1-20230612.114412-srg.jar%23377!/:?]
	at net.minecraft.util.GsonHelper.m_13836_(GsonHelper.java:471) ~[server-1.20.1-20230612.114412-srg.jar%23377!/:?]
	at net.minecraft.world.level.storage.loot.LootPool$Serializer.deserialize(LootPool.java:192) ~[server-1.20.1-20230612.114412-srg.jar%23377!/:?]
	at net.minecraft.world.level.storage.loot.LootPool$Serializer.deserialize(LootPool.java:189) ~[server-1.20.1-20230612.114412-srg.jar%23377!/:?]
	at com.google.gson.internal.bind.TreeTypeAdapter.read(TreeTypeAdapter.java:76) ~[gson-2.10.jar%2372!/:?]
	at com.google.gson.internal.bind.TypeAdapterRuntimeTypeWrapper.read(TypeAdapterRuntimeTypeWrapper.java:40) ~[gson-2.10.jar%2372!/:?]
	at com.google.gson.internal.bind.ArrayTypeAdapter.read(ArrayTypeAdapter.java:72) ~[gson-2.10.jar%2372!/:?]
	at com.google.gson.Gson.fromJson(Gson.java:1214) ~[gson-2.10.jar%2372!/:?]
	at com.google.gson.Gson.fromJson(Gson.java:1319) ~[gson-2.10.jar%2372!/:?]
	at com.google.gson.Gson.fromJson(Gson.java:1290) ~[gson-2.10.jar%2372!/:?]
	at com.google.gson.internal.bind.TreeTypeAdapter$GsonContextImpl.deserialize(TreeTypeAdapter.java:179) ~[gson-2.10.jar%2372!/:?]
	at net.minecraft.util.GsonHelper.m_13808_(GsonHelper.java:463) ~[server-1.20.1-20230612.114412-srg.jar%23377!/:?]
	at net.minecraft.util.GsonHelper.m_13845_(GsonHelper.java:481) ~[server-1.20.1-20230612.114412-srg.jar%23377!/:?]
	at net.minecraft.world.level.storage.loot.LootTable$Serializer.deserialize(LootTable.java:294) ~[server-1.20.1-20230612.114412-srg.jar%23377!/:?]
	at net.minecraft.world.level.storage.loot.LootTable$Serializer.deserialize(LootTable.java:291) ~[server-1.20.1-20230612.114412-srg.jar%23377!/:?]
	at com.google.gson.internal.bind.TreeTypeAdapter.read(TreeTypeAdapter.java:76) ~[gson-2.10.jar%2372!/:?]
	at com.google.gson.Gson.fromJson(Gson.java:1214) ~[gson-2.10.jar%2372!/:?]
	at com.google.gson.Gson.fromJson(Gson.java:1319) ~[gson-2.10.jar%2372!/:?]
	at com.google.gson.Gson.fromJson(Gson.java:1261) ~[gson-2.10.jar%2372!/:?]
	at net.minecraftforge.common.ForgeHooks.loadLootTable(ForgeHooks.java:872) ~[forge-1.20.1-47.4.10-universal.jar%23382!/:?]
	at net.minecraftforge.common.ForgeHooks.lambda$getLootTableDeserializer$3(ForgeHooks.java:849) ~[forge-1.20.1-47.4.10-universal.jar%23382!/:?]
	at net.minecraft.world.level.storage.loot.LootDataType.deserialize(LootDataType.java:45) ~[server-1.20.1-20230612.114412-srg.jar%23377!/:?]
	at net.minecraft.world.level.storage.loot.LootDataManager.lambda$scheduleElementParse$4(LootDataManager.java:56) ~[server-1.20.1-20230612.114412-srg.jar%23377!/:?]
	at java.util.HashMap.forEach(HashMap.java:1421) ~[?:?]
	at net.minecraft.world.level.storage.loot.LootDataManager.m_278660_(LootDataManager.java:55) ~[server-1.20.1-20230612.114412-srg.jar%23377!/:?]
	at java.util.concurrent.CompletableFuture$AsyncRun.run(CompletableFuture.java:1804) ~[?:?]
	at java.util.concurrent.CompletableFuture$AsyncRun.exec(CompletableFuture.java:1796) ~[?:?]
	at java.util.concurrent.ForkJoinTask.doExec(ForkJoinTask.java:373) ~[?:?]
	at java.util.concurrent.ForkJoinPool$WorkQueue.topLevelExec(ForkJoinPool.java:1182) ~[?:?]
	at java.util.concurrent.ForkJoinPool.scan(ForkJoinPool.java:1655) ~[?:?]
	at java.util.concurrent.ForkJoinPool.runWorker(ForkJoinPool.java:1622) ~[?:?]
	at java.util.concurrent.ForkJoinWorkerThread.run(ForkJoinWorkerThread.java:165) ~[?:?]
[22Mar2026 23:27:22.434] [Worker-Main-2/INFO] [ImprovableSkills/]: Injecting parchment into LootTable 'sophisticatedbackpacks:inject/chests/shipwreck_treasure'!
[22Mar2026 23:27:22.437] [Worker-Main-2/INFO] [ImprovableSkills/]: Injecting parchment into LootTable 'minecraft:chests/underground_cabin_ore'!
[22Mar2026 23:27:22.439] [Worker-Main-2/INFO] [ImprovableSkills/]: Injecting scroll for skill 'improvableskills:dexterous_arms' into LootTable 'minecraft:chests/abandoned_mineshaft'!
[22Mar2026 23:27:22.439] [Worker-Main-2/INFO] [ImprovableSkills/]: Injecting parchment into LootTable 'minecraft:chests/abandoned_mineshaft'!
[22Mar2026 23:27:22.440] [Worker-Main-2/INFO] [ImprovableSkills/]: Injecting parchment into LootTable 'graveyard:chests/desert_graveyard_loot'!
[22Mar2026 23:27:22.444] [Worker-Main-2/WARN] [org.berezka.berezka_api.BuiltInResourcePack/]: [Berezka API] called getResource with namespace berezka_api but file (simple_chest2.json) doesn't exist. (most of the time you can ignore this
[22Mar2026 23:27:22.445] [Worker-Main-2/INFO] [ImprovableSkills/]: Injecting parchment into LootTable 'berezka_api:chests/simple_chest2'!
[22Mar2026 23:27:22.446] [Worker-Main-2/INFO] [ImprovableSkills/]: Injecting parchment into LootTable 'minecraft:chests/stronghold_corridor'!
[22Mar2026 23:27:22.476] [Worker-Main-2/INFO] [ImprovableSkills/]: Injecting scroll for skill 'improvableskills:luck_of_the_sea' into LootTable 'minecraft:gameplay/fishing'!
[22Mar2026 23:27:22.477] [Worker-Main-2/INFO] [Spartan Weaponry/]: Adding Longbow and Heavy Crossbow related loot to the Village Fletcher Loot Table!
[22Mar2026 23:27:22.478] [Worker-Main-2/INFO] [ImprovableSkills/]: Injecting parchment into LootTable 'graveyard:chests/creeper_loot'!
[22Mar2026 23:27:22.484] [Worker-Main-2/INFO] [ImprovableSkills/]: Injecting parchment into LootTable 'minecraft:chests/buried_treasure'!
[22Mar2026 23:27:22.490] [Worker-Main-2/INFO] [ImprovableSkills/]: Injecting parchment into LootTable 'lcmt:chests/factory_barrel_fuel'!
[22Mar2026 23:27:22.493] [Worker-Main-2/INFO] [ImprovableSkills/]: Injecting parchment into LootTable 'sophisticatedbackpacks:inject/chests/end_city_treasure'!
[22Mar2026 23:27:22.498] [Worker-Main-2/INFO] [ImprovableSkills/]: Injecting parchment into LootTable 'sophisticatedbackpacks:inject/chests/nether_bridge'!
[22Mar2026 23:27:22.502] [Worker-Main-2/INFO] [ImprovableSkills/]: Injecting parchment into LootTable 'graveyard:chests/small_loot'!
[22Mar2026 23:27:22.505] [Worker-Main-2/INFO] [ImprovableSkills/]: Injecting parchment into LootTable 'minecraft:chests/bastion_bridge'!
[22Mar2026 23:27:22.509] [Worker-Main-2/WARN] [org.berezka.berezka_api.BuiltInResourcePack/]: [Berezka API] called getResource with namespace berezka_api but file (diningroom.json) doesn't exist. (most of the time you can ignore this
[22Mar2026 23:27:22.509] [Worker-Main-2/INFO] [ImprovableSkills/]: Injecting parchment into LootTable 'berezka_api:chests/diningroom'!
[22Mar2026 23:27:22.510] [Worker-Main-2/INFO] [ImprovableSkills/]: Injecting parchment into LootTable 'ancient_elements:chests/spectral_smithing_upgrade_lootable'!
[22Mar2026 23:27:22.512] [Worker-Main-2/INFO] [ImprovableSkills/]: Injecting parchment into LootTable 'minecraft:chests/pillager_outpost'!
[22Mar2026 23:27:22.553] [Worker-Main-2/WARN] [org.berezka.berezka_api.BuiltInResourcePack/]: [Berezka API] called getResource with namespace berezka_api but file (farm.json) doesn't exist. (most of the time you can ignore this
[22Mar2026 23:27:22.553] [Worker-Main-2/INFO] [ImprovableSkills/]: Injecting parchment into LootTable 'berezka_api:chests/farm'!
[22Mar2026 23:27:22.554] [Worker-Main-2/WARN] [org.berezka.berezka_api.BuiltInResourcePack/]: [Berezka API] called getResource with namespace berezka_api but file (empty_chest.json) doesn't exist. (most of the time you can ignore this
[22Mar2026 23:27:22.555] [Worker-Main-2/INFO] [ImprovableSkills/]: Injecting parchment into LootTable 'berezka_api:chests/empty_chest'!
[22Mar2026 23:27:22.557] [Worker-Main-2/INFO] [ImprovableSkills/]: Injecting parchment into LootTable 'postapocalypse_structures:chests/trash'!
[22Mar2026 23:27:22.557] [Worker-Main-2/ERROR] [net.minecraftforge.common.ForgeHooks/]: Couldn't parse element loot_tables:parcool:grant_parcool_guide
com.google.gson.JsonSyntaxException: Expected name to be an item, was unknown string 'patchouli:guide_book'
	at net.minecraft.util.GsonHelper.m_13866_(GsonHelper.java:145) ~[server-1.20.1-20230612.114412-srg.jar%23377!/:?]
	at java.util.Optional.orElseThrow(Optional.java:403) ~[?:?]
	at net.minecraft.util.GsonHelper.m_13874_(GsonHelper.java:145) ~[server-1.20.1-20230612.114412-srg.jar%23377!/:?]
	at net.minecraft.util.GsonHelper.m_13909_(GsonHelper.java:153) ~[server-1.20.1-20230612.114412-srg.jar%23377!/:?]
	at net.minecraft.world.level.storage.loot.entries.LootItem$Serializer.m_7267_(LootItem.java:55) ~[server-1.20.1-20230612.114412-srg.jar%23377!/:?]
	at net.minecraft.world.level.storage.loot.entries.LootItem$Serializer.m_7267_(LootItem.java:40) ~[server-1.20.1-20230612.114412-srg.jar%23377!/:?]
	at net.minecraft.world.level.storage.loot.entries.LootPoolSingletonContainer$Serializer.m_5921_(LootPoolSingletonContainer.java:151) ~[server-1.20.1-20230612.114412-srg.jar%23377!/:?]
	at net.minecraft.world.level.storage.loot.entries.LootPoolSingletonContainer$Serializer.m_5921_(LootPoolSingletonContainer.java:129) ~[server-1.20.1-20230612.114412-srg.jar%23377!/:?]
	at net.minecraft.world.level.storage.loot.entries.LootPoolEntryContainer$Serializer.m_7561_(LootPoolEntryContainer.java:86) ~[server-1.20.1-20230612.114412-srg.jar%23377!/:?]
	at net.minecraft.world.level.storage.loot.entries.LootPoolEntryContainer$Serializer.m_7561_(LootPoolEntryContainer.java:74) ~[server-1.20.1-20230612.114412-srg.jar%23377!/:?]
	at net.minecraft.world.level.storage.loot.GsonAdapterFactory$JsonAdapter.deserialize(GsonAdapterFactory.java:102) ~[server-1.20.1-20230612.114412-srg.jar%23377!/:?]
	at com.google.gson.internal.bind.TreeTypeAdapter.read(TreeTypeAdapter.java:76) ~[gson-2.10.jar%2372!/:?]
	at com.google.gson.internal.bind.TypeAdapterRuntimeTypeWrapper.read(TypeAdapterRuntimeTypeWrapper.java:40) ~[gson-2.10.jar%2372!/:?]
	at com.google.gson.internal.bind.ArrayTypeAdapter.read(ArrayTypeAdapter.java:72) ~[gson-2.10.jar%2372!/:?]
	at com.google.gson.Gson.fromJson(Gson.java:1214) ~[gson-2.10.jar%2372!/:?]
	at com.google.gson.Gson.fromJson(Gson.java:1319) ~[gson-2.10.jar%2372!/:?]
	at com.google.gson.Gson.fromJson(Gson.java:1290) ~[gson-2.10.jar%2372!/:?]
	at com.google.gson.internal.bind.TreeTypeAdapter$GsonContextImpl.deserialize(TreeTypeAdapter.java:179) ~[gson-2.10.jar%2372!/:?]
	at net.minecraft.util.GsonHelper.m_13808_(GsonHelper.java:463) ~[server-1.20.1-20230612.114412-srg.jar%23377!/:?]
	at net.minecraft.util.GsonHelper.m_13836_(GsonHelper.java:471) ~[server-1.20.1-20230612.114412-srg.jar%23377!/:?]
	at net.minecraft.world.level.storage.loot.LootPool$Serializer.deserialize(LootPool.java:192) ~[server-1.20.1-20230612.114412-srg.jar%23377!/:?]
	at net.minecraft.world.level.storage.loot.LootPool$Serializer.deserialize(LootPool.java:189) ~[server-1.20.1-20230612.114412-srg.jar%23377!/:?]
	at com.google.gson.internal.bind.TreeTypeAdapter.read(TreeTypeAdapter.java:76) ~[gson-2.10.jar%2372!/:?]
	at com.google.gson.internal.bind.TypeAdapterRuntimeTypeWrapper.read(TypeAdapterRuntimeTypeWrapper.java:40) ~[gson-2.10.jar%2372!/:?]
	at com.google.gson.internal.bind.ArrayTypeAdapter.read(ArrayTypeAdapter.java:72) ~[gson-2.10.jar%2372!/:?]
	at com.google.gson.Gson.fromJson(Gson.java:1214) ~[gson-2.10.jar%2372!/:?]
	at com.google.gson.Gson.fromJson(Gson.java:1319) ~[gson-2.10.jar%2372!/:?]
	at com.google.gson.Gson.fromJson(Gson.java:1290) ~[gson-2.10.jar%2372!/:?]
	at com.google.gson.internal.bind.TreeTypeAdapter$GsonContextImpl.deserialize(TreeTypeAdapter.java:179) ~[gson-2.10.jar%2372!/:?]
	at net.minecraft.util.GsonHelper.m_13808_(GsonHelper.java:463) ~[server-1.20.1-20230612.114412-srg.jar%23377!/:?]
	at net.minecraft.util.GsonHelper.m_13845_(GsonHelper.java:481) ~[server-1.20.1-20230612.114412-srg.jar%23377!/:?]
	at net.minecraft.world.level.storage.loot.LootTable$Serializer.deserialize(LootTable.java:294) ~[server-1.20.1-20230612.114412-srg.jar%23377!/:?]
	at net.minecraft.world.level.storage.loot.LootTable$Serializer.deserialize(LootTable.java:291) ~[server-1.20.1-20230612.114412-srg.jar%23377!/:?]
	at com.google.gson.internal.bind.TreeTypeAdapter.read(TreeTypeAdapter.java:76) ~[gson-2.10.jar%2372!/:?]
	at com.google.gson.Gson.fromJson(Gson.java:1214) ~[gson-2.10.jar%2372!/:?]
	at com.google.gson.Gson.fromJson(Gson.java:1319) ~[gson-2.10.jar%2372!/:?]
	at com.google.gson.Gson.fromJson(Gson.java:1261) ~[gson-2.10.jar%2372!/:?]
	at net.minecraftforge.common.ForgeHooks.loadLootTable(ForgeHooks.java:872) ~[forge-1.20.1-47.4.10-universal.jar%23382!/:?]
	at net.minecraftforge.common.ForgeHooks.lambda$getLootTableDeserializer$3(ForgeHooks.java:849) ~[forge-1.20.1-47.4.10-universal.jar%23382!/:?]
	at net.minecraft.world.level.storage.loot.LootDataType.deserialize(LootDataType.java:45) ~[server-1.20.1-20230612.114412-srg.jar%23377!/:?]
	at net.minecraft.world.level.storage.loot.LootDataManager.lambda$scheduleElementParse$4(LootDataManager.java:56) ~[server-1.20.1-20230612.114412-srg.jar%23377!/:?]
	at java.util.HashMap.forEach(HashMap.java:1421) ~[?:?]
	at net.minecraft.world.level.storage.loot.LootDataManager.m_278660_(LootDataManager.java:55) ~[server-1.20.1-20230612.114412-srg.jar%23377!/:?]
	at java.util.concurrent.CompletableFuture$AsyncRun.run(CompletableFuture.java:1804) ~[?:?]
	at java.util.concurrent.CompletableFuture$AsyncRun.exec(CompletableFuture.java:1796) ~[?:?]
	at java.util.concurrent.ForkJoinTask.doExec(ForkJoinTask.java:373) ~[?:?]
	at java.util.concurrent.ForkJoinPool$WorkQueue.topLevelExec(ForkJoinPool.java:1182) ~[?:?]
	at java.util.concurrent.ForkJoinPool.scan(ForkJoinPool.java:1655) ~[?:?]
	at java.util.concurrent.ForkJoinPool.runWorker(ForkJoinPool.java:1622) ~[?:?]
	at java.util.concurrent.ForkJoinWorkerThread.run(ForkJoinWorkerThread.java:165) ~[?:?]
[22Mar2026 23:27:22.565] [Worker-Main-2/INFO] [ImprovableSkills/]: Injecting parchment into LootTable 'postapocalypse_structures:chests/cobwebs'!
[22Mar2026 23:27:22.569] [Worker-Main-2/INFO] [ImprovableSkills/]: Injecting parchment into LootTable 'ancient_elements:chests/ancient_elements_nether_fortress_modify'!
[22Mar2026 23:27:22.570] [Worker-Main-2/INFO] [ImprovableSkills/]: Injecting parchment into LootTable 'ancient_elements:chests/drilling_unit_in_vanilla_lootables'!
[22Mar2026 23:27:22.577] [Worker-Main-2/WARN] [org.berezka.berezka_api.BuiltInResourcePack/]: [Berezka API] called getResource with namespace berezka_api but file (gas_station.json) doesn't exist. (most of the time you can ignore this
[22Mar2026 23:27:22.577] [Worker-Main-2/INFO] [ImprovableSkills/]: Injecting parchment into LootTable 'berezka_api:chests/gas_station'!
[22Mar2026 23:27:22.578] [Worker-Main-2/INFO] [ImprovableSkills/]: Injecting parchment into LootTable 'ancient_elements:chests/ancient_elements_mineshaft_lootable'!
[22Mar2026 23:27:22.579] [Worker-Main-2/INFO] [ImprovableSkills/]: Injecting parchment into LootTable 'minecraft:chests/woodland_mansion'!
[22Mar2026 23:27:22.579] [Worker-Main-2/INFO] [ImprovableSkills/]: Injecting parchment into LootTable 'bunker_down:chests/farm_bunker_chest'!
[22Mar2026 23:27:22.581] [Worker-Main-2/INFO] [ImprovableSkills/]: Injecting parchment into LootTable 'graveyard:chests/swamp_graveyard_loot'!
[22Mar2026 23:27:22.589] [Worker-Main-2/INFO] [ImprovableSkills/]: Injecting parchment into LootTable 'underground_bunkers:chests/underground_bunker/underground_bunker_treasure'!
[22Mar2026 23:27:22.591] [Worker-Main-2/INFO] [ImprovableSkills/]: Injecting parchment into LootTable 'minecraft:chests/bastion_treasure'!
[22Mar2026 23:27:22.595] [Worker-Main-2/INFO] [ImprovableSkills/]: Injecting parchment into LootTable 'minecraft:chests/shipwreck_map'!
[22Mar2026 23:27:22.596] [Worker-Main-2/INFO] [ImprovableSkills/]: Injecting parchment into LootTable 'sophisticatedbackpacks:inject/chests/abandoned_mineshaft'!
[22Mar2026 23:27:22.602] [Worker-Main-2/INFO] [ImprovableSkills/]: Injecting parchment into LootTable 'lcmt:chests/factory_barrel_raw_ores'!
[22Mar2026 23:27:22.604] [Worker-Main-2/INFO] [ImprovableSkills/]: Injecting parchment into LootTable 'ancient_elements:chests/ancient_elements_stronghold_lootable_modify'!
[22Mar2026 23:27:22.605] [Worker-Main-2/INFO] [ImprovableSkills/]: Injecting parchment into LootTable 'block_factorys_bosses:chests/undead_arena_rare'!
[22Mar2026 23:27:22.606] [Worker-Main-2/INFO] [ImprovableSkills/]: Injecting scroll for skill 'improvableskills:atkdmg_ranged' into LootTable 'minecraft:entities/skeleton'!
[22Mar2026 23:27:22.606] [Worker-Main-2/INFO] [ImprovableSkills/]: Injecting scroll for skill 'improvableskills:ender_manipulator' into LootTable 'minecraft:entities/enderman'!
[22Mar2026 23:27:22.607] [Worker-Main-2/INFO] [ImprovableSkills/]: Injecting parchment into LootTable 'graveyard:chests/flesh_loot'!
[22Mar2026 23:27:22.612] [Worker-Main-2/INFO] [ImprovableSkills/]: Injecting parchment into LootTable 'minecraft:chests/houseloot'!
[22Mar2026 23:27:22.612] [Worker-Main-2/WARN] [org.berezka.berezka_api.BuiltInResourcePack/]: [Berezka API] called getResource with namespace berezka_api but file (nether_village.json) doesn't exist. (most of the time you can ignore this
[22Mar2026 23:27:22.613] [Worker-Main-2/INFO] [ImprovableSkills/]: Injecting parchment into LootTable 'berezka_api:chests/nether_village'!
[22Mar2026 23:27:22.614] [Worker-Main-2/INFO] [ImprovableSkills/]: Injecting scroll for skill 'improvableskills:obsidian_skin' into LootTable 'minecraft:chests/nether_bridge'!
[22Mar2026 23:27:22.614] [Worker-Main-2/INFO] [ImprovableSkills/]: Injecting parchment into LootTable 'minecraft:chests/nether_bridge'!
[22Mar2026 23:27:22.618] [Worker-Main-2/INFO] [ImprovableSkills/]: Injecting parchment into LootTable 'lcmt:chests/town_office_supplies'!
[22Mar2026 23:27:22.628] [Worker-Main-2/INFO] [ImprovableSkills/]: Injecting parchment into LootTable 'underground_bunkers:chests/underground_bunker/underground_bunker_normal'!
[22Mar2026 23:27:22.634] [Worker-Main-2/INFO] [ImprovableSkills/]: Injecting parchment into LootTable 'lostcities:chests/lostcitychest'!
[22Mar2026 23:27:22.636] [Worker-Main-2/INFO] [ImprovableSkills/]: Injecting parchment into LootTable 'graveyard:chests/medium_graveyard_loot'!
[22Mar2026 23:27:22.640] [Worker-Main-2/INFO] [ImprovableSkills/]: Injecting parchment into LootTable 'minecraft:chests/bastion_hoglin_stable'!
[22Mar2026 23:27:22.641] [Worker-Main-2/INFO] [ImprovableSkills/]: Injecting parchment into LootTable 'minecraft:chests/skyislands'!
[22Mar2026 23:27:22.643] [Worker-Main-2/INFO] [ImprovableSkills/]: Injecting parchment into LootTable 'sophisticatedbackpacks:inject/chests/woodland_mansion'!
[22Mar2026 23:27:22.647] [Worker-Main-2/ERROR] [net.minecraftforge.common.ForgeHooks/]: Couldn't parse element loot_tables:dtquark:trees/voluntary/glow_shroom
com.google.gson.JsonSyntaxException: Expected name to be an item, was unknown string 'dtquark:glow_shroom_seed'
	at net.minecraft.util.GsonHelper.m_13866_(GsonHelper.java:145) ~[server-1.20.1-20230612.114412-srg.jar%23377!/:?]
	at java.util.Optional.orElseThrow(Optional.java:403) ~[?:?]
	at net.minecraft.util.GsonHelper.m_13874_(GsonHelper.java:145) ~[server-1.20.1-20230612.114412-srg.jar%23377!/:?]
	at net.minecraft.util.GsonHelper.m_13909_(GsonHelper.java:153) ~[server-1.20.1-20230612.114412-srg.jar%23377!/:?]
	at net.minecraft.world.level.storage.loot.entries.LootItem$Serializer.m_7267_(LootItem.java:55) ~[server-1.20.1-20230612.114412-srg.jar%23377!/:?]
	at net.minecraft.world.level.storage.loot.entries.LootItem$Serializer.m_7267_(LootItem.java:40) ~[server-1.20.1-20230612.114412-srg.jar%23377!/:?]
	at net.minecraft.world.level.storage.loot.entries.LootPoolSingletonContainer$Serializer.m_5921_(LootPoolSingletonContainer.java:151) ~[server-1.20.1-20230612.114412-srg.jar%23377!/:?]
	at net.minecraft.world.level.storage.loot.entries.LootPoolSingletonContainer$Serializer.m_5921_(LootPoolSingletonContainer.java:129) ~[server-1.20.1-20230612.114412-srg.jar%23377!/:?]
	at net.minecraft.world.level.storage.loot.entries.LootPoolEntryContainer$Serializer.m_7561_(LootPoolEntryContainer.java:86) ~[server-1.20.1-20230612.114412-srg.jar%23377!/:?]
	at net.minecraft.world.level.storage.loot.entries.LootPoolEntryContainer$Serializer.m_7561_(LootPoolEntryContainer.java:74) ~[server-1.20.1-20230612.114412-srg.jar%23377!/:?]
	at net.minecraft.world.level.storage.loot.GsonAdapterFactory$JsonAdapter.deserialize(GsonAdapterFactory.java:102) ~[server-1.20.1-20230612.114412-srg.jar%23377!/:?]
	at com.google.gson.internal.bind.TreeTypeAdapter.read(TreeTypeAdapter.java:76) ~[gson-2.10.jar%2372!/:?]
	at com.google.gson.internal.bind.TypeAdapterRuntimeTypeWrapper.read(TypeAdapterRuntimeTypeWrapper.java:40) ~[gson-2.10.jar%2372!/:?]
	at com.google.gson.internal.bind.ArrayTypeAdapter.read(ArrayTypeAdapter.java:72) ~[gson-2.10.jar%2372!/:?]
	at com.google.gson.Gson.fromJson(Gson.java:1214) ~[gson-2.10.jar%2372!/:?]
	at com.google.gson.Gson.fromJson(Gson.java:1319) ~[gson-2.10.jar%2372!/:?]
	at com.google.gson.Gson.fromJson(Gson.java:1290) ~[gson-2.10.jar%2372!/:?]
	at com.google.gson.internal.bind.TreeTypeAdapter$GsonContextImpl.deserialize(TreeTypeAdapter.java:179) ~[gson-2.10.jar%2372!/:?]
	at net.minecraft.util.GsonHelper.m_13808_(GsonHelper.java:463) ~[server-1.20.1-20230612.114412-srg.jar%23377!/:?]
	at net.minecraft.util.GsonHelper.m_13836_(GsonHelper.java:471) ~[server-1.20.1-20230612.114412-srg.jar%23377!/:?]
	at net.minecraft.world.level.storage.loot.LootPool$Serializer.deserialize(LootPool.java:192) ~[server-1.20.1-20230612.114412-srg.jar%23377!/:?]
	at net.minecraft.world.level.storage.loot.LootPool$Serializer.deserialize(LootPool.java:189) ~[server-1.20.1-20230612.114412-srg.jar%23377!/:?]
	at com.google.gson.internal.bind.TreeTypeAdapter.read(TreeTypeAdapter.java:76) ~[gson-2.10.jar%2372!/:?]
	at com.google.gson.internal.bind.TypeAdapterRuntimeTypeWrapper.read(TypeAdapterRuntimeTypeWrapper.java:40) ~[gson-2.10.jar%2372!/:?]
	at com.google.gson.internal.bind.ArrayTypeAdapter.read(ArrayTypeAdapter.java:72) ~[gson-2.10.jar%2372!/:?]
	at com.google.gson.Gson.fromJson(Gson.java:1214) ~[gson-2.10.jar%2372!/:?]
	at com.google.gson.Gson.fromJson(Gson.java:1319) ~[gson-2.10.jar%2372!/:?]
	at com.google.gson.Gson.fromJson(Gson.java:1290) ~[gson-2.10.jar%2372!/:?]
	at com.google.gson.internal.bind.TreeTypeAdapter$GsonContextImpl.deserialize(TreeTypeAdapter.java:179) ~[gson-2.10.jar%2372!/:?]
	at net.minecraft.util.GsonHelper.m_13808_(GsonHelper.java:463) ~[server-1.20.1-20230612.114412-srg.jar%23377!/:?]
	at net.minecraft.util.GsonHelper.m_13845_(GsonHelper.java:481) ~[server-1.20.1-20230612.114412-srg.jar%23377!/:?]
	at net.minecraft.world.level.storage.loot.LootTable$Serializer.deserialize(LootTable.java:294) ~[server-1.20.1-20230612.114412-srg.jar%23377!/:?]
	at net.minecraft.world.level.storage.loot.LootTable$Serializer.deserialize(LootTable.java:291) ~[server-1.20.1-20230612.114412-srg.jar%23377!/:?]
	at com.google.gson.internal.bind.TreeTypeAdapter.read(TreeTypeAdapter.java:76) ~[gson-2.10.jar%2372!/:?]
	at com.google.gson.Gson.fromJson(Gson.java:1214) ~[gson-2.10.jar%2372!/:?]
	at com.google.gson.Gson.fromJson(Gson.java:1319) ~[gson-2.10.jar%2372!/:?]
	at com.google.gson.Gson.fromJson(Gson.java:1261) ~[gson-2.10.jar%2372!/:?]
	at net.minecraftforge.common.ForgeHooks.loadLootTable(ForgeHooks.java:872) ~[forge-1.20.1-47.4.10-universal.jar%23382!/:?]
	at net.minecraftforge.common.ForgeHooks.lambda$getLootTableDeserializer$3(ForgeHooks.java:849) ~[forge-1.20.1-47.4.10-universal.jar%23382!/:?]
	at net.minecraft.world.level.storage.loot.LootDataType.deserialize(LootDataType.java:45) ~[server-1.20.1-20230612.114412-srg.jar%23377!/:?]
	at net.minecraft.world.level.storage.loot.LootDataManager.lambda$scheduleElementParse$4(LootDataManager.java:56) ~[server-1.20.1-20230612.114412-srg.jar%23377!/:?]
	at java.util.HashMap.forEach(HashMap.java:1421) ~[?:?]
	at net.minecraft.world.level.storage.loot.LootDataManager.m_278660_(LootDataManager.java:55) ~[server-1.20.1-20230612.114412-srg.jar%23377!/:?]
	at java.util.concurrent.CompletableFuture$AsyncRun.run(CompletableFuture.java:1804) ~[?:?]
	at java.util.concurrent.CompletableFuture$AsyncRun.exec(CompletableFuture.java:1796) ~[?:?]
	at java.util.concurrent.ForkJoinTask.doExec(ForkJoinTask.java:373) ~[?:?]
	at java.util.concurrent.ForkJoinPool$WorkQueue.topLevelExec(ForkJoinPool.java:1182) ~[?:?]
	at java.util.concurrent.ForkJoinPool.scan(ForkJoinPool.java:1655) ~[?:?]
	at java.util.concurrent.ForkJoinPool.runWorker(ForkJoinPool.java:1622) ~[?:?]
	at java.util.concurrent.ForkJoinWorkerThread.run(ForkJoinWorkerThread.java:165) ~[?:?]
[22Mar2026 23:27:22.650] [Worker-Main-2/INFO] [ImprovableSkills/]: Injecting parchment into LootTable 'graveyard:chests/ore_loot'!
[22Mar2026 23:27:22.650] [Worker-Main-2/INFO] [ImprovableSkills/]: Injecting parchment into LootTable 'spartanweaponry:inject/chests/village/village_fletcher'!
[22Mar2026 23:27:22.656] [Worker-Main-2/INFO] [ImprovableSkills/]: Injecting parchment into LootTable 'graveyard:chests/vase_loot'!
[22Mar2026 23:27:22.667] [Worker-Main-2/INFO] [ImprovableSkills/]: Injecting parchment into LootTable 'sophisticatedbackpacks:inject/chests/spawn_bonus_chest'!
[22Mar2026 23:27:22.670] [Worker-Main-2/INFO] [ImprovableSkills/]: Injecting parchment into LootTable 'block_factorys_bosses:chests/undead_arena_common'!
[22Mar2026 23:27:22.673] [Worker-Main-2/INFO] [ImprovableSkills/]: Injecting parchment into LootTable 'minecraft:chests/underground_cabin'!
[22Mar2026 23:27:22.684] [Worker-Main-2/INFO] [ImprovableSkills/]: Injecting parchment into LootTable 'bunker_down:chests/portal_bunker_chest'!
[22Mar2026 23:27:22.684] [Worker-Main-2/INFO] [ImprovableSkills/]: Injecting parchment into LootTable 'spartanweaponry:inject/chests/village/village_weaponsmith'!
[22Mar2026 23:27:22.687] [Worker-Main-2/INFO] [ImprovableSkills/]: Injecting scroll for skill 'improvableskills:enchanter' into LootTable 'minecraft:chests/stronghold_library'!
[22Mar2026 23:27:22.687] [Worker-Main-2/INFO] [ImprovableSkills/]: Injecting parchment into LootTable 'minecraft:chests/stronghold_library'!
[22Mar2026 23:27:22.689] [Worker-Main-2/INFO] [Spartan Weaponry/]: Adding Iron Weapons to the Village Weaponsmith Loot Table!
[22Mar2026 23:27:22.692] [Worker-Main-2/INFO] [ImprovableSkills/]: Injecting parchment into LootTable 'ancient_elements:chests/ancient_elements_end_city_lootbale'!
[22Mar2026 23:27:22.697] [Worker-Main-2/INFO] [ImprovableSkills/]: Injecting scroll for skill 'improvableskills:silent_foot' into LootTable 'minecraft:chests/ancient_city_ice_box'!
[22Mar2026 23:27:22.697] [Worker-Main-2/INFO] [ImprovableSkills/]: Injecting parchment into LootTable 'minecraft:chests/ancient_city_ice_box'!
[22Mar2026 23:27:22.698] [Worker-Main-2/INFO] [ImprovableSkills/]: Injecting scroll for skill 'improvableskills:generic_protection' into LootTable 'minecraft:chests/simple_dungeon'!
[22Mar2026 23:27:22.698] [Worker-Main-2/INFO] [ImprovableSkills/]: Injecting parchment into LootTable 'minecraft:chests/simple_dungeon'!
[22Mar2026 23:27:22.701] [Worker-Main-2/INFO] [ImprovableSkills/]: Injecting parchment into LootTable 'sophisticatedbackpacks:inject/chests/desert_pyramid'!
[22Mar2026 23:27:22.702] [Worker-Main-2/INFO] [ImprovableSkills/]: Injecting parchment into LootTable 'bunker_down:chests/bunker_chest_1'!
[22Mar2026 23:27:22.703] [Worker-Main-2/INFO] [ImprovableSkills/]: Injecting parchment into LootTable 'graveyard:chests/small_graveyard_loot'!
[22Mar2026 23:27:22.710] [Worker-Main-2/INFO] [ImprovableSkills/]: Injecting parchment into LootTable 'ancient_elements:chests/ancient_elements_iglo_lootable'!
[22Mar2026 23:27:22.711] [Worker-Main-2/INFO] [ImprovableSkills/]: Injecting parchment into LootTable 'minecraft:chests/shipwreck_supply'!
[22Mar2026 23:27:22.712] [Worker-Main-2/INFO] [ImprovableSkills/]: Injecting scroll for skill 'improvableskills:alchemist' into LootTable 'minecraft:entities/witch'!
[22Mar2026 23:27:22.718] [Worker-Main-2/INFO] [ImprovableSkills/]: Injecting parchment into LootTable 'lostcities:chests/raildungeonchest'!
[22Mar2026 23:27:22.720] [Worker-Main-2/INFO] [ImprovableSkills/]: Injecting parchment into LootTable 'minecraft:chests/stronghold_crossing'!
[22Mar2026 23:27:22.721] [Worker-Main-2/INFO] [ImprovableSkills/]: Injecting parchment into LootTable 'spartanweaponry:inject/chests/end_city_treasure'!
[22Mar2026 23:27:22.727] [Worker-Main-2/INFO] [ImprovableSkills/]: Injecting parchment into LootTable 'minecraft:chests/shipwreck_treasure'!
[22Mar2026 23:27:22.729] [Worker-Main-2/WARN] [org.berezka.berezka_api.BuiltInResourcePack/]: [Berezka API] called getResource with namespace berezka_api but file (simple_chest.json) doesn't exist. (most of the time you can ignore this
[22Mar2026 23:27:22.729] [Worker-Main-2/INFO] [ImprovableSkills/]: Injecting parchment into LootTable 'berezka_api:chests/simple_chest'!
[22Mar2026 23:27:22.731] [Worker-Main-2/WARN] [org.berezka.berezka_api.BuiltInResourcePack/]: [Berezka API] called getResource with namespace berezka_api but file (car.json) doesn't exist. (most of the time you can ignore this
[22Mar2026 23:27:22.731] [Worker-Main-2/INFO] [ImprovableSkills/]: Injecting parchment into LootTable 'berezka_api:chests/car'!
[22Mar2026 23:27:22.732] [Worker-Main-2/WARN] [org.berezka.berezka_api.BuiltInResourcePack/]: [Berezka API] called getResource with namespace berezka_api but file (treasure.json) doesn't exist. (most of the time you can ignore this
[22Mar2026 23:27:22.732] [Worker-Main-2/INFO] [ImprovableSkills/]: Injecting parchment into LootTable 'berezka_api:chests/treasure'!
[22Mar2026 23:27:22.736] [Worker-Main-2/INFO] [ImprovableSkills/]: Injecting parchment into LootTable 'minecraft:chests/sky_islands_ruins'!
[22Mar2026 23:27:22.738] [Worker-Main-2/INFO] [ImprovableSkills/]: Injecting parchment into LootTable 'abridged:chests/badlands_mining'!
[22Mar2026 23:27:22.738] [Worker-Main-2/INFO] [ImprovableSkills/]: Injecting parchment into LootTable 'lcmt:chests/shopping_valuables'!
[22Mar2026 23:27:22.739] [Worker-Main-2/INFO] [ImprovableSkills/]: Injecting parchment into LootTable 'sophisticatedbackpacks:inject/chests/bastion_treasure'!
[22Mar2026 23:27:22.741] [Worker-Main-2/ERROR] [net.minecraftforge.common.ForgeHooks/]: Couldn't parse element loot_tables:dtbop:trees/voluntary/toadstool
com.google.gson.JsonSyntaxException: Expected name to be an item, was unknown string 'dtbop:toadstool_seed'
	at net.minecraft.util.GsonHelper.m_13866_(GsonHelper.java:145) ~[server-1.20.1-20230612.114412-srg.jar%23377!/:?]
	at java.util.Optional.orElseThrow(Optional.java:403) ~[?:?]
	at net.minecraft.util.GsonHelper.m_13874_(GsonHelper.java:145) ~[server-1.20.1-20230612.114412-srg.jar%23377!/:?]
	at net.minecraft.util.GsonHelper.m_13909_(GsonHelper.java:153) ~[server-1.20.1-20230612.114412-srg.jar%23377!/:?]
	at net.minecraft.world.level.storage.loot.entries.LootItem$Serializer.m_7267_(LootItem.java:55) ~[server-1.20.1-20230612.114412-srg.jar%23377!/:?]
	at net.minecraft.world.level.storage.loot.entries.LootItem$Serializer.m_7267_(LootItem.java:40) ~[server-1.20.1-20230612.114412-srg.jar%23377!/:?]
	at net.minecraft.world.level.storage.loot.entries.LootPoolSingletonContainer$Serializer.m_5921_(LootPoolSingletonContainer.java:151) ~[server-1.20.1-20230612.114412-srg.jar%23377!/:?]
	at net.minecraft.world.level.storage.loot.entries.LootPoolSingletonContainer$Serializer.m_5921_(LootPoolSingletonContainer.java:129) ~[server-1.20.1-20230612.114412-srg.jar%23377!/:?]
	at net.minecraft.world.level.storage.loot.entries.LootPoolEntryContainer$Serializer.m_7561_(LootPoolEntryContainer.java:86) ~[server-1.20.1-20230612.114412-srg.jar%23377!/:?]
	at net.minecraft.world.level.storage.loot.entries.LootPoolEntryContainer$Serializer.m_7561_(LootPoolEntryContainer.java:74) ~[server-1.20.1-20230612.114412-srg.jar%23377!/:?]
	at net.minecraft.world.level.storage.loot.GsonAdapterFactory$JsonAdapter.deserialize(GsonAdapterFactory.java:102) ~[server-1.20.1-20230612.114412-srg.jar%23377!/:?]
	at com.google.gson.internal.bind.TreeTypeAdapter.read(TreeTypeAdapter.java:76) ~[gson-2.10.jar%2372!/:?]
	at com.google.gson.internal.bind.TypeAdapterRuntimeTypeWrapper.read(TypeAdapterRuntimeTypeWrapper.java:40) ~[gson-2.10.jar%2372!/:?]
	at com.google.gson.internal.bind.ArrayTypeAdapter.read(ArrayTypeAdapter.java:72) ~[gson-2.10.jar%2372!/:?]
	at com.google.gson.Gson.fromJson(Gson.java:1214) ~[gson-2.10.jar%2372!/:?]
	at com.google.gson.Gson.fromJson(Gson.java:1319) ~[gson-2.10.jar%2372!/:?]
	at com.google.gson.Gson.fromJson(Gson.java:1290) ~[gson-2.10.jar%2372!/:?]
	at com.google.gson.internal.bind.TreeTypeAdapter$GsonContextImpl.deserialize(TreeTypeAdapter.java:179) ~[gson-2.10.jar%2372!/:?]
	at net.minecraft.util.GsonHelper.m_13808_(GsonHelper.java:463) ~[server-1.20.1-20230612.114412-srg.jar%23377!/:?]
	at net.minecraft.util.GsonHelper.m_13836_(GsonHelper.java:471) ~[server-1.20.1-20230612.114412-srg.jar%23377!/:?]
	at net.minecraft.world.level.storage.loot.LootPool$Serializer.deserialize(LootPool.java:192) ~[server-1.20.1-20230612.114412-srg.jar%23377!/:?]
	at net.minecraft.world.level.storage.loot.LootPool$Serializer.deserialize(LootPool.java:189) ~[server-1.20.1-20230612.114412-srg.jar%23377!/:?]
	at com.google.gson.internal.bind.TreeTypeAdapter.read(TreeTypeAdapter.java:76) ~[gson-2.10.jar%2372!/:?]
	at com.google.gson.internal.bind.TypeAdapterRuntimeTypeWrapper.read(TypeAdapterRuntimeTypeWrapper.java:40) ~[gson-2.10.jar%2372!/:?]
	at com.google.gson.internal.bind.ArrayTypeAdapter.read(ArrayTypeAdapter.java:72) ~[gson-2.10.jar%2372!/:?]
	at com.google.gson.Gson.fromJson(Gson.java:1214) ~[gson-2.10.jar%2372!/:?]
	at com.google.gson.Gson.fromJson(Gson.java:1319) ~[gson-2.10.jar%2372!/:?]
	at com.google.gson.Gson.fromJson(Gson.java:1290) ~[gson-2.10.jar%2372!/:?]
	at com.google.gson.internal.bind.TreeTypeAdapter$GsonContextImpl.deserialize(TreeTypeAdapter.java:179) ~[gson-2.10.jar%2372!/:?]
	at net.minecraft.util.GsonHelper.m_13808_(GsonHelper.java:463) ~[server-1.20.1-20230612.114412-srg.jar%23377!/:?]
	at net.minecraft.util.GsonHelper.m_13845_(GsonHelper.java:481) ~[server-1.20.1-20230612.114412-srg.jar%23377!/:?]
	at net.minecraft.world.level.storage.loot.LootTable$Serializer.deserialize(LootTable.java:294) ~[server-1.20.1-20230612.114412-srg.jar%23377!/:?]
	at net.minecraft.world.level.storage.loot.LootTable$Serializer.deserialize(LootTable.java:291) ~[server-1.20.1-20230612.114412-srg.jar%23377!/:?]
	at com.google.gson.internal.bind.TreeTypeAdapter.read(TreeTypeAdapter.java:76) ~[gson-2.10.jar%2372!/:?]
	at com.google.gson.Gson.fromJson(Gson.java:1214) ~[gson-2.10.jar%2372!/:?]
	at com.google.gson.Gson.fromJson(Gson.java:1319) ~[gson-2.10.jar%2372!/:?]
	at com.google.gson.Gson.fromJson(Gson.java:1261) ~[gson-2.10.jar%2372!/:?]
	at net.minecraftforge.common.ForgeHooks.loadLootTable(ForgeHooks.java:872) ~[forge-1.20.1-47.4.10-universal.jar%23382!/:?]
	at net.minecraftforge.common.ForgeHooks.lambda$getLootTableDeserializer$3(ForgeHooks.java:849) ~[forge-1.20.1-47.4.10-universal.jar%23382!/:?]
	at net.minecraft.world.level.storage.loot.LootDataType.deserialize(LootDataType.java:45) ~[server-1.20.1-20230612.114412-srg.jar%23377!/:?]
	at net.minecraft.world.level.storage.loot.LootDataManager.lambda$scheduleElementParse$4(LootDataManager.java:56) ~[server-1.20.1-20230612.114412-srg.jar%23377!/:?]
	at java.util.HashMap.forEach(HashMap.java:1421) ~[?:?]
	at net.minecraft.world.level.storage.loot.LootDataManager.m_278660_(LootDataManager.java:55) ~[server-1.20.1-20230612.114412-srg.jar%23377!/:?]
	at java.util.concurrent.CompletableFuture$AsyncRun.run(CompletableFuture.java:1804) ~[?:?]
	at java.util.concurrent.CompletableFuture$AsyncRun.exec(CompletableFuture.java:1796) ~[?:?]
	at java.util.concurrent.ForkJoinTask.doExec(ForkJoinTask.java:373) ~[?:?]
	at java.util.concurrent.ForkJoinPool$WorkQueue.topLevelExec(ForkJoinPool.java:1182) ~[?:?]
	at java.util.concurrent.ForkJoinPool.scan(ForkJoinPool.java:1655) ~[?:?]
	at java.util.concurrent.ForkJoinPool.runWorker(ForkJoinPool.java:1622) ~[?:?]
	at java.util.concurrent.ForkJoinWorkerThread.run(ForkJoinWorkerThread.java:165) ~[?:?]
[22Mar2026 23:27:22.747] [Worker-Main-2/INFO] [ImprovableSkills/]: Injecting parchment into LootTable 'minecraft:chests/spawn_bonus_chest'!
[22Mar2026 23:27:22.747] [Worker-Main-2/INFO] [ImprovableSkills/]: Injecting parchment into LootTable 'block_factorys_bosses:chests/dragon_trial'!
[22Mar2026 23:27:22.748] [Worker-Main-2/INFO] [ImprovableSkills/]: Injecting parchment into LootTable 'ancient_elements:chests/ancient_elements_ancient_city_lootable'!
[22Mar2026 23:27:22.749] [Worker-Main-2/INFO] [ImprovableSkills/]: Injecting parchment into LootTable 'abridged:chests/pillager_bridge'!
[22Mar2026 23:27:22.754] [Worker-Main-2/INFO] [ImprovableSkills/]: Injecting scroll for skill 'improvableskills:soul_speed' into LootTable 'minecraft:gameplay/piglin_bartering'!
[22Mar2026 23:27:22.755] [Worker-Main-2/INFO] [ImprovableSkills/]: Injecting scroll for skill 'improvableskills:treasure_sands' into LootTable 'minecraft:chests/desert_pyramid'!
[22Mar2026 23:27:22.755] [Worker-Main-2/INFO] [ImprovableSkills/]: Injecting parchment into LootTable 'minecraft:chests/desert_pyramid'!
[22Mar2026 23:27:22.758] [Worker-Main-2/INFO] [ImprovableSkills/]: Injecting parchment into LootTable 'minecraft:chests/underwater_ruin_big'!
[22Mar2026 23:27:22.758] [Worker-Main-2/INFO] [ImprovableSkills/]: Injecting parchment into LootTable 'graveyard:chests/flower_loot'!
[22Mar2026 23:27:22.759] [Worker-Main-2/INFO] [ImprovableSkills/]: Injecting parchment into LootTable 'sophisticatedbackpacks:inject/chests/simple_dungeon'!
[22Mar2026 23:27:22.805] [Worker-Main-2/INFO] [ImprovableSkills/]: Injecting parchment into LootTable 'graveyard:chests/crypt_urn_loot'!
[22Mar2026 23:27:22.810] [Worker-Main-2/INFO] [ImprovableSkills/]: Injecting parchment into LootTable 'bunker_down:chests/redstone_bunker_chest'!
[22Mar2026 23:27:22.816] [Worker-Main-2/INFO] [ImprovableSkills/]: Injecting parchment into LootTable 'minecraft:chests/jungle_temple_dispenser'!
[22Mar2026 23:27:22.824] [Worker-Main-2/INFO] [ImprovableSkills/]: Injecting parchment into LootTable 'graveyard:chests/large_graveyard_loot'!
[22Mar2026 23:27:22.825] [Worker-Main-2/INFO] [ImprovableSkills/]: Injecting parchment into LootTable 'lcmt:chests/library_books'!
[22Mar2026 23:27:22.826] [Worker-Main-2/INFO] [ImprovableSkills/]: Injecting parchment into LootTable 'lcmt:chests/factory_barrel_valuables'!
[22Mar2026 23:27:22.826] [Worker-Main-2/INFO] [ImprovableSkills/]: Injecting parchment into LootTable 'underground_bunkers:chests/underground_bunker/underground_bunker_supply'!
[22Mar2026 23:27:22.831] [Worker-Main-2/INFO] [ImprovableSkills/]: Injecting parchment into LootTable 'lcmt:chests/center_advanced_components'!
[22Mar2026 23:27:22.833] [Worker-Main-2/INFO] [ImprovableSkills/]: Injecting parchment into LootTable 'minecraft:chests/tower_chest'!
[22Mar2026 23:27:22.834] [Worker-Main-2/INFO] [ImprovableSkills/]: Injecting parchment into LootTable 'minecraft:chests/bastion_other'!
[22Mar2026 23:27:22.836] [Worker-Main-2/INFO] [ImprovableSkills/]: Injecting parchment into LootTable 'postapocalypse_structures:chests/food'!
[22Mar2026 23:27:22.838] [Worker-Main-2/INFO] [ImprovableSkills/]: Injecting parchment into LootTable 'graveyard:chests/brewing_loot'!
[22Mar2026 23:27:22.838] [Worker-Main-2/INFO] [ImprovableSkills/]: Injecting scroll for skill 'improvableskills:huckster' into LootTable 'minecraft:gameplay/hero_of_the_village/librarian_gift'!
[22Mar2026 23:27:22.896] [main/WARN] [net.minecraft.world.level.storage.loot.LootDataManager/]: Found loot table element validation problem in {loot_tables:minecraft:entities/zombie}.pools[1].entries[4].functions[1]: Parameters [<parameter minecraft:tool>] are not provided in this context
[22Mar2026 23:27:22.897] [main/WARN] [net.minecraft.world.level.storage.loot.LootDataManager/]: Found loot table element validation problem in {loot_tables:minecraft:entities/zombie}.pools[1].entries[2].functions[1]: Parameters [<parameter minecraft:tool>] are not provided in this context
[22Mar2026 23:27:22.897] [main/WARN] [net.minecraft.world.level.storage.loot.LootDataManager/]: Found loot table element validation problem in {loot_tables:minecraft:entities/zombie}.pools[1].entries[3].functions[1]: Parameters [<parameter minecraft:tool>] are not provided in this context
[22Mar2026 23:27:22.898] [main/WARN] [net.minecraft.world.level.storage.loot.LootDataManager/]: Found loot table element validation problem in {loot_tables:minecraft:entities/zombie}.pools[1].entries[6].functions[1]: Parameters [<parameter minecraft:tool>] are not provided in this context
[22Mar2026 23:27:22.898] [main/WARN] [net.minecraft.world.level.storage.loot.LootDataManager/]: Found loot table element validation problem in {loot_tables:minecraft:entities/zombie}.pools[1].entries[1].functions[1]: Parameters [<parameter minecraft:tool>] are not provided in this context
[22Mar2026 23:27:22.898] [main/WARN] [net.minecraft.world.level.storage.loot.LootDataManager/]: Found loot table element validation problem in {loot_tables:minecraft:entities/zombie}.pools[1].entries[0].functions[1]: Parameters [<parameter minecraft:tool>] are not provided in this context
[22Mar2026 23:27:22.899] [main/WARN] [net.minecraft.world.level.storage.loot.LootDataManager/]: Found loot table element validation problem in {loot_tables:minecraft:entities/zombie}.pools[1].entries[5].functions[1]: Parameters [<parameter minecraft:tool>] are not provided in this context
[22Mar2026 23:27:22.899] [main/WARN] [net.minecraft.world.level.storage.loot.LootDataManager/]: Found loot table element validation problem in {loot_tables:minecraft:entities/zombie}.pools[0].entries[0].functions[1]: Parameters [<parameter minecraft:tool>] are not provided in this context
[22Mar2026 23:27:22.899] [main/WARN] [net.minecraft.world.level.storage.loot.LootDataManager/]: Found loot table element validation problem in {loot_tables:minecraft:chests/underground_cabin}.pools[0].entries[2].functions[1]: Parameters [<parameter minecraft:tool>] are not provided in this context
[22Mar2026 23:27:22.900] [main/WARN] [net.minecraft.world.level.storage.loot.LootDataManager/]: Found loot table element validation problem in {loot_tables:minecraft:chests/underground_cabin}.pools[1].entries[9].functions[1]: Parameters [<parameter minecraft:tool>] are not provided in this context
[22Mar2026 23:27:22.900] [main/WARN] [net.minecraft.world.level.storage.loot.LootDataManager/]: Found loot table element validation problem in {loot_tables:alexsmobs:gameplay/seal_reward}.pools[0].entries[0]->{minecraft:gameplay/fishing/junk}.pools[1].condition[1]: Parameters [<parameter minecraft:origin>] are not provided in this context
[22Mar2026 23:27:22.900] [main/WARN] [net.minecraft.world.level.storage.loot.LootDataManager/]: Found loot table element validation problem in {loot_tables:minecraft:entities/zombie}.pools[1].entries[7].functions[1]: Parameters [<parameter minecraft:tool>] are not provided in this context
[22Mar2026 23:27:23.009] [main/ERROR] [net.minecraft.world.item.crafting.RecipeManager/]: Parsing error loading recipe hbm_m:centrifuge/sulfur_ore: com.google.gson.JsonSyntaxException: Invalid or unsupported recipe type 'hbm_m:centrifuge'
[22Mar2026 23:27:23.010] [main/ERROR] [net.minecraft.world.item.crafting.RecipeManager/]: Parsing error loading recipe hbm_m:centrifuge/asbestos_ore: com.google.gson.JsonSyntaxException: Invalid or unsupported recipe type 'hbm_m:centrifuge'
[22Mar2026 23:27:23.017] [main/ERROR] [net.minecraft.world.item.crafting.RecipeManager/]: Parsing error loading recipe hbm_m:centrifuge/lead_ore: com.google.gson.JsonSyntaxException: Invalid or unsupported recipe type 'hbm_m:centrifuge'
[22Mar2026 23:27:23.017] [main/ERROR] [net.minecraft.world.item.crafting.RecipeManager/]: Parsing error loading recipe hbm_m:centrifuge/titanium_ore: com.google.gson.JsonSyntaxException: Invalid or unsupported recipe type 'hbm_m:centrifuge'
[22Mar2026 23:27:23.024] [main/INFO] [Spartan Weaponry/]: Empty result tag:"forge:nuggets/steel" Skipping...
[22Mar2026 23:27:23.024] [main/INFO] [net.minecraft.world.item.crafting.RecipeManager/]: Skipping loading recipe spartanweaponry:steel_nugget_from_blasting_steel_weapons as it's serializer returned null
[22Mar2026 23:27:23.028] [main/INFO] [Spartan Weaponry/]: Empty result tag:"forge:nuggets/invar" Skipping...
[22Mar2026 23:27:23.028] [main/INFO] [net.minecraft.world.item.crafting.RecipeManager/]: Skipping loading recipe spartanweaponry:invar_nugget_from_smelting_invar_weapons as it's serializer returned null
[22Mar2026 23:27:23.029] [main/INFO] [Spartan Weaponry/]: Empty result tag:"forge:nuggets/constantan" Skipping...
[22Mar2026 23:27:23.029] [main/INFO] [net.minecraft.world.item.crafting.RecipeManager/]: Skipping loading recipe spartanweaponry:constantan_nugget_from_smelting_constantan_weapons as it's serializer returned null
[22Mar2026 23:27:23.045] [main/INFO] [Spartan Weaponry/]: Empty result tag:"forge:nuggets/steel" Skipping...
[22Mar2026 23:27:23.045] [main/INFO] [net.minecraft.world.item.crafting.RecipeManager/]: Skipping loading recipe spartanweaponry:steel_nugget_from_smelting_steel_weapons as it's serializer returned null
[22Mar2026 23:27:23.051] [main/ERROR] [net.minecraft.world.item.crafting.RecipeManager/]: Parsing error loading recipe parcool:parcool_guide: com.google.gson.JsonSyntaxException: Unknown item 'patchouli:guide_book'
[22Mar2026 23:27:23.053] [main/INFO] [Spartan Weaponry/]: Empty result tag:"forge:nuggets/constantan" Skipping...
[22Mar2026 23:27:23.053] [main/INFO] [net.minecraft.world.item.crafting.RecipeManager/]: Skipping loading recipe spartanweaponry:constantan_nugget_from_blasting_constantan_weapons as it's serializer returned null
[22Mar2026 23:27:23.053] [main/ERROR] [net.minecraft.world.item.crafting.RecipeManager/]: Parsing error loading recipe hbm_m:centrifuge/uranium_ore: com.google.gson.JsonSyntaxException: Invalid or unsupported recipe type 'hbm_m:centrifuge'
[22Mar2026 23:27:23.058] [main/INFO] [Spartan Weaponry/]: Empty result tag:"forge:nuggets/lead" Skipping...
[22Mar2026 23:27:23.058] [main/INFO] [net.minecraft.world.item.crafting.RecipeManager/]: Skipping loading recipe spartanweaponry:lead_nugget_from_blasting_lead_weapons as it's serializer returned null
[22Mar2026 23:27:23.062] [main/INFO] [Spartan Weaponry/]: Empty result tag:"forge:nuggets/copper" Skipping...
[22Mar2026 23:27:23.062] [main/INFO] [net.minecraft.world.item.crafting.RecipeManager/]: Skipping loading recipe spartanweaponry:copper_nugget_from_smelting_copper_weapons as it's serializer returned null
[22Mar2026 23:27:23.063] [main/INFO] [Spartan Weaponry/]: Empty result tag:"forge:nuggets/tin" Skipping...
[22Mar2026 23:27:23.063] [main/INFO] [net.minecraft.world.item.crafting.RecipeManager/]: Skipping loading recipe spartanweaponry:tin_nugget_from_smelting_tin_weapons as it's serializer returned null
[22Mar2026 23:27:23.064] [main/ERROR] [net.minecraft.world.item.crafting.RecipeManager/]: Parsing error loading recipe hbm_m:centrifuge/thorium_ore: com.google.gson.JsonSyntaxException: Invalid or unsupported recipe type 'hbm_m:centrifuge'
[22Mar2026 23:27:23.069] [main/ERROR] [net.minecraft.world.item.crafting.RecipeManager/]: Parsing error loading recipe hbm_m:centrifuge/aluminum_ore: com.google.gson.JsonSyntaxException: Invalid or unsupported recipe type 'hbm_m:centrifuge'
[22Mar2026 23:27:23.074] [main/ERROR] [net.minecraft.world.item.crafting.RecipeManager/]: Parsing error loading recipe hbm_m:centrifuge/cinnabar_ore: com.google.gson.JsonSyntaxException: Invalid or unsupported recipe type 'hbm_m:centrifuge'
[22Mar2026 23:27:23.079] [main/INFO] [Spartan Weaponry/]: Empty result tag:"forge:nuggets/invar" Skipping...
[22Mar2026 23:27:23.080] [main/INFO] [net.minecraft.world.item.crafting.RecipeManager/]: Skipping loading recipe spartanweaponry:invar_nugget_from_blasting_invar_weapons as it's serializer returned null
[22Mar2026 23:27:23.085] [main/ERROR] [net.minecraft.world.item.crafting.RecipeManager/]: Parsing error loading recipe hbm_m:centrifuge/coal_ore: com.google.gson.JsonSyntaxException: Invalid or unsupported recipe type 'hbm_m:centrifuge'
[22Mar2026 23:27:23.087] [main/ERROR] [net.minecraft.world.item.crafting.RecipeManager/]: Parsing error loading recipe dynamictrees:guide: com.google.gson.JsonSyntaxException: Missing conditions, expected to find a JsonArray
[22Mar2026 23:27:23.088] [main/INFO] [Spartan Weaponry/]: Empty result tag:"forge:nuggets/aluminum" Skipping...
[22Mar2026 23:27:23.088] [main/INFO] [net.minecraft.world.item.crafting.RecipeManager/]: Skipping loading recipe spartanweaponry:aluminum_nugget_from_smelting_aluminum_weapons as it's serializer returned null
[22Mar2026 23:27:23.091] [main/INFO] [Spartan Weaponry/]: Empty result tag:"forge:nuggets/electrum" Skipping...
[22Mar2026 23:27:23.092] [main/INFO] [net.minecraft.world.item.crafting.RecipeManager/]: Skipping loading recipe spartanweaponry:electrum_nugget_from_blasting_electrum_weapons as it's serializer returned null
[22Mar2026 23:27:23.093] [main/ERROR] [net.minecraft.world.item.crafting.RecipeManager/]: Parsing error loading recipe hbm_m:centrifuge/gold_ore: com.google.gson.JsonSyntaxException: Invalid or unsupported recipe type 'hbm_m:centrifuge'
[22Mar2026 23:27:23.094] [main/INFO] [Spartan Weaponry/]: Empty result tag:"forge:nuggets/platinum" Skipping...
[22Mar2026 23:27:23.094] [main/INFO] [net.minecraft.world.item.crafting.RecipeManager/]: Skipping loading recipe spartanweaponry:platinum_nugget_from_smelting_platinum_weapons as it's serializer returned null
[22Mar2026 23:27:23.097] [main/INFO] [Spartan Weaponry/]: Empty result tag:"forge:nuggets/aluminum" Skipping...
[22Mar2026 23:27:23.098] [main/INFO] [net.minecraft.world.item.crafting.RecipeManager/]: Skipping loading recipe spartanweaponry:aluminum_nugget_from_blasting_aluminum_weapons as it's serializer returned null
[22Mar2026 23:27:23.100] [main/ERROR] [net.minecraft.world.item.crafting.RecipeManager/]: Parsing error loading recipe hbm_m:meteorite_sword: com.google.gson.JsonSyntaxException: Unknown item 'hbm_m:meteorite_forged'
[22Mar2026 23:27:23.102] [main/INFO] [Spartan Weaponry/]: Empty result tag:"forge:nuggets/bronze" Skipping...
[22Mar2026 23:27:23.102] [main/INFO] [net.minecraft.world.item.crafting.RecipeManager/]: Skipping loading recipe spartanweaponry:bronze_nugget_from_blasting_bronze_weapons as it's serializer returned null
[22Mar2026 23:27:23.103] [main/ERROR] [net.minecraft.world.item.crafting.RecipeManager/]: Parsing error loading recipe hbm_m:centrifuge/rareground_ore: com.google.gson.JsonSyntaxException: Invalid or unsupported recipe type 'hbm_m:centrifuge'
[22Mar2026 23:27:23.106] [main/ERROR] [net.minecraft.world.item.crafting.RecipeManager/]: Parsing error loading recipe hbm_m:centrifuge/lignite_ore: com.google.gson.JsonSyntaxException: Invalid or unsupported recipe type 'hbm_m:centrifuge'
[22Mar2026 23:27:23.108] [main/ERROR] [net.minecraft.world.item.crafting.RecipeManager/]: Parsing error loading recipe hbm_m:centrifuge/gold_crystal: com.google.gson.JsonSyntaxException: Invalid or unsupported recipe type 'hbm_m:centrifuge'
[22Mar2026 23:27:23.109] [main/INFO] [Spartan Weaponry/]: Empty result tag:"forge:nuggets/nickel" Skipping...
[22Mar2026 23:27:23.109] [main/INFO] [net.minecraft.world.item.crafting.RecipeManager/]: Skipping loading recipe spartanweaponry:nickel_nugget_from_smelting_nickel_weapons as it's serializer returned null
[22Mar2026 23:27:23.109] [main/INFO] [Spartan Weaponry/]: Empty result tag:"forge:nuggets/electrum" Skipping...
[22Mar2026 23:27:23.109] [main/INFO] [net.minecraft.world.item.crafting.RecipeManager/]: Skipping loading recipe spartanweaponry:electrum_nugget_from_smelting_electrum_weapons as it's serializer returned null
[22Mar2026 23:27:23.111] [main/INFO] [Spartan Weaponry/]: Empty result tag:"forge:nuggets/lead" Skipping...
[22Mar2026 23:27:23.112] [main/INFO] [net.minecraft.world.item.crafting.RecipeManager/]: Skipping loading recipe spartanweaponry:lead_nugget_from_smelting_lead_weapons as it's serializer returned null
[22Mar2026 23:27:23.118] [main/INFO] [Spartan Weaponry/]: Empty result tag:"forge:nuggets/silver" Skipping...
[22Mar2026 23:27:23.118] [main/INFO] [net.minecraft.world.item.crafting.RecipeManager/]: Skipping loading recipe spartanweaponry:silver_nugget_from_smelting_silver_weapons as it's serializer returned null
[22Mar2026 23:27:23.122] [main/INFO] [Spartan Weaponry/]: Empty result tag:"forge:nuggets/copper" Skipping...
[22Mar2026 23:27:23.122] [main/INFO] [net.minecraft.world.item.crafting.RecipeManager/]: Skipping loading recipe spartanweaponry:copper_nugget_from_blasting_copper_weapons as it's serializer returned null
[22Mar2026 23:27:23.122] [main/INFO] [Spartan Weaponry/]: Empty result tag:"forge:nuggets/platinum" Skipping...
[22Mar2026 23:27:23.123] [main/INFO] [net.minecraft.world.item.crafting.RecipeManager/]: Skipping loading recipe spartanweaponry:platinum_nugget_from_blasting_platinum_weapons as it's serializer returned null
[22Mar2026 23:27:23.123] [main/ERROR] [net.minecraft.world.item.crafting.RecipeManager/]: Parsing error loading recipe hbm_m:centrifuge/tungsten_ore: com.google.gson.JsonSyntaxException: Invalid or unsupported recipe type 'hbm_m:centrifuge'
[22Mar2026 23:27:23.130] [main/INFO] [Spartan Weaponry/]: Empty result tag:"forge:nuggets/bronze" Skipping...
[22Mar2026 23:27:23.130] [main/INFO] [net.minecraft.world.item.crafting.RecipeManager/]: Skipping loading recipe spartanweaponry:bronze_nugget_from_smelting_bronze_weapons as it's serializer returned null
[22Mar2026 23:27:23.133] [main/ERROR] [net.minecraft.world.item.crafting.RecipeManager/]: Parsing error loading recipe hbm_m:centrifuge/fluorite_ore: com.google.gson.JsonSyntaxException: Invalid or unsupported recipe type 'hbm_m:centrifuge'
[22Mar2026 23:27:23.134] [main/ERROR] [net.minecraft.world.item.crafting.RecipeManager/]: Parsing error loading recipe hbm_m:centrifuge/iron_ore: com.google.gson.JsonSyntaxException: Invalid or unsupported recipe type 'hbm_m:centrifuge'
[22Mar2026 23:27:23.141] [main/ERROR] [net.minecraft.world.item.crafting.RecipeManager/]: Parsing error loading recipe illager_world_war:fire_ball_launcher_recipe: com.google.gson.JsonSyntaxException: Unknown item 'illager_world_war:fire_ball_launcher'
[22Mar2026 23:27:23.146] [main/INFO] [Spartan Weaponry/]: Empty result tag:"forge:nuggets/nickel" Skipping...
[22Mar2026 23:27:23.146] [main/INFO] [net.minecraft.world.item.crafting.RecipeManager/]: Skipping loading recipe spartanweaponry:nickel_nugget_from_blasting_nickel_weapons as it's serializer returned null
[22Mar2026 23:27:23.147] [main/ERROR] [net.minecraft.world.item.crafting.RecipeManager/]: Parsing error loading recipe hbm_m:centrifuge/beryllium_ore: com.google.gson.JsonSyntaxException: Invalid or unsupported recipe type 'hbm_m:centrifuge'
[22Mar2026 23:27:23.152] [main/INFO] [Spartan Weaponry/]: Empty result tag:"forge:nuggets/tin" Skipping...
[22Mar2026 23:27:23.152] [main/INFO] [net.minecraft.world.item.crafting.RecipeManager/]: Skipping loading recipe spartanweaponry:tin_nugget_from_blasting_tin_weapons as it's serializer returned null
[22Mar2026 23:27:23.155] [main/INFO] [Spartan Weaponry/]: Empty result tag:"forge:nuggets/silver" Skipping...
[22Mar2026 23:27:23.155] [main/INFO] [net.minecraft.world.item.crafting.RecipeManager/]: Skipping loading recipe spartanweaponry:silver_nugget_from_blasting_silver_weapons as it's serializer returned null
[22Mar2026 23:27:23.163] [main/INFO] [net.minecraft.world.item.crafting.RecipeManager/]: Loaded 16 recipes
[22Mar2026 23:27:23.174] [main/ERROR] [HammerLib/]: Register attachment for RegisterRecipesEvent: org.zeith.hammerlib.core.test.HammerLibRecipeExtension.
[22Mar2026 23:27:23.174] [main/ERROR] [HammerLib/]: Register attachment for RegisterRecipesEvent: org.zeith.improvableskills.api.recipe.Is3RecipeBuilderExtension.
[22Mar2026 23:27:23.192] [main/INFO] [HammerLib/]: Reloading HammerLib recipes...
[22Mar2026 23:27:23.192] [main/INFO] [HammerLib/]: HammerLib injected 16 recipes into recipe map. Removed 0 recipes from the game.
[22Mar2026 23:27:23.197] [main/INFO] [HammerLib/]: Registered 16 additional recipes.
[22Mar2026 23:27:23.198] [main/ERROR] [net.minecraft.server.ServerFunctionLibrary/]: Failed to load function spawnanimations:internal/entity/ehs/pehkui/hide
java.util.concurrent.CompletionException: java.lang.IllegalArgumentException: Whilst parsing command on line 4: Unknown or incomplete command, see below for error at position 0: <--[HERE]
	at java.util.concurrent.CompletableFuture.encodeThrowable(CompletableFuture.java:315) ~[?:?]
	at java.util.concurrent.CompletableFuture.completeThrowable(CompletableFuture.java:320) ~[?:?]
	at java.util.concurrent.CompletableFuture$AsyncSupply.run(CompletableFuture.java:1770) ~[?:?]
	at java.util.concurrent.CompletableFuture$AsyncSupply.exec(CompletableFuture.java:1760) ~[?:?]
	at java.util.concurrent.ForkJoinTask.doExec(ForkJoinTask.java:373) ~[?:?]
	at java.util.concurrent.ForkJoinPool$WorkQueue.topLevelExec(ForkJoinPool.java:1182) ~[?:?]
	at java.util.concurrent.ForkJoinPool.scan(ForkJoinPool.java:1655) ~[?:?]
	at java.util.concurrent.ForkJoinPool.runWorker(ForkJoinPool.java:1622) ~[?:?]
	at java.util.concurrent.ForkJoinWorkerThread.run(ForkJoinWorkerThread.java:165) ~[?:?]
Caused by: java.lang.IllegalArgumentException: Whilst parsing command on line 4: Unknown or incomplete command, see below for error at position 0: <--[HERE]
	at net.minecraft.commands.CommandFunction.m_77984_(CommandFunction.java:63) ~[server-1.20.1-20230612.114412-srg.jar%23377!/:?]
	at net.minecraft.server.ServerFunctionLibrary.m_214320_(ServerFunctionLibrary.java:83) ~[server-1.20.1-20230612.114412-srg.jar%23377!/:?]
	at java.util.concurrent.CompletableFuture$AsyncSupply.run(CompletableFuture.java:1768) ~[?:?]
	... 6 more
[22Mar2026 23:27:23.199] [main/ERROR] [net.minecraft.server.ServerFunctionLibrary/]: Failed to load function spawnanimations:internal/entity/ehs/pehkui/enderman/unhide
java.util.concurrent.CompletionException: java.lang.IllegalArgumentException: Whilst parsing command on line 4: Unknown or incomplete command, see below for error at position 0: <--[HERE]
	at java.util.concurrent.CompletableFuture.encodeThrowable(CompletableFuture.java:315) ~[?:?]
	at java.util.concurrent.CompletableFuture.completeThrowable(CompletableFuture.java:320) ~[?:?]
	at java.util.concurrent.CompletableFuture$AsyncSupply.run(CompletableFuture.java:1770) ~[?:?]
	at java.util.concurrent.CompletableFuture$AsyncSupply.exec(CompletableFuture.java:1760) ~[?:?]
	at java.util.concurrent.ForkJoinTask.doExec(ForkJoinTask.java:373) ~[?:?]
	at java.util.concurrent.ForkJoinPool$WorkQueue.topLevelExec(ForkJoinPool.java:1182) ~[?:?]
	at java.util.concurrent.ForkJoinPool.scan(ForkJoinPool.java:1655) ~[?:?]
	at java.util.concurrent.ForkJoinPool.runWorker(ForkJoinPool.java:1622) ~[?:?]
	at java.util.concurrent.ForkJoinWorkerThread.run(ForkJoinWorkerThread.java:165) ~[?:?]
Caused by: java.lang.IllegalArgumentException: Whilst parsing command on line 4: Unknown or incomplete command, see below for error at position 0: <--[HERE]
	at net.minecraft.commands.CommandFunction.m_77984_(CommandFunction.java:63) ~[server-1.20.1-20230612.114412-srg.jar%23377!/:?]
	at net.minecraft.server.ServerFunctionLibrary.m_214320_(ServerFunctionLibrary.java:83) ~[server-1.20.1-20230612.114412-srg.jar%23377!/:?]
	at java.util.concurrent.CompletableFuture$AsyncSupply.run(CompletableFuture.java:1768) ~[?:?]
	... 6 more
[22Mar2026 23:27:23.200] [main/ERROR] [net.minecraft.server.ServerFunctionLibrary/]: Failed to load function spawnanimations:internal/entity/ehs/pehkui/set_easing
java.util.concurrent.CompletionException: java.lang.IllegalArgumentException: Whilst parsing command on line 4: Unknown or incomplete command, see below for error at position 0: <--[HERE]
	at java.util.concurrent.CompletableFuture.encodeThrowable(CompletableFuture.java:315) ~[?:?]
	at java.util.concurrent.CompletableFuture.completeThrowable(CompletableFuture.java:320) ~[?:?]
	at java.util.concurrent.CompletableFuture$AsyncSupply.run(CompletableFuture.java:1770) ~[?:?]
	at java.util.concurrent.CompletableFuture$AsyncSupply.exec(CompletableFuture.java:1760) ~[?:?]
	at java.util.concurrent.ForkJoinTask.doExec(ForkJoinTask.java:373) ~[?:?]
	at java.util.concurrent.ForkJoinPool$WorkQueue.topLevelExec(ForkJoinPool.java:1182) ~[?:?]
	at java.util.concurrent.ForkJoinPool.scan(ForkJoinPool.java:1655) ~[?:?]
	at java.util.concurrent.ForkJoinPool.runWorker(ForkJoinPool.java:1622) ~[?:?]
	at java.util.concurrent.ForkJoinWorkerThread.run(ForkJoinWorkerThread.java:165) ~[?:?]
Caused by: java.lang.IllegalArgumentException: Whilst parsing command on line 4: Unknown or incomplete command, see below for error at position 0: <--[HERE]
	at net.minecraft.commands.CommandFunction.m_77984_(CommandFunction.java:63) ~[server-1.20.1-20230612.114412-srg.jar%23377!/:?]
	at net.minecraft.server.ServerFunctionLibrary.m_214320_(ServerFunctionLibrary.java:83) ~[server-1.20.1-20230612.114412-srg.jar%23377!/:?]
	at java.util.concurrent.CompletableFuture$AsyncSupply.run(CompletableFuture.java:1768) ~[?:?]
	... 6 more
[22Mar2026 23:27:23.200] [main/ERROR] [net.minecraft.server.ServerFunctionLibrary/]: Failed to load function spawnanimations:internal/entity/ehs/pehkui/unhide
java.util.concurrent.CompletionException: java.lang.IllegalArgumentException: Whilst parsing command on line 4: Unknown or incomplete command, see below for error at position 0: <--[HERE]
	at java.util.concurrent.CompletableFuture.encodeThrowable(CompletableFuture.java:315) ~[?:?]
	at java.util.concurrent.CompletableFuture.completeThrowable(CompletableFuture.java:320) ~[?:?]
	at java.util.concurrent.CompletableFuture$AsyncSupply.run(CompletableFuture.java:1770) ~[?:?]
	at java.util.concurrent.CompletableFuture$AsyncSupply.exec(CompletableFuture.java:1760) ~[?:?]
	at java.util.concurrent.ForkJoinTask.doExec(ForkJoinTask.java:373) ~[?:?]
	at java.util.concurrent.ForkJoinPool$WorkQueue.topLevelExec(ForkJoinPool.java:1182) ~[?:?]
	at java.util.concurrent.ForkJoinPool.scan(ForkJoinPool.java:1655) ~[?:?]
	at java.util.concurrent.ForkJoinPool.runWorker(ForkJoinPool.java:1622) ~[?:?]
	at java.util.concurrent.ForkJoinWorkerThread.run(ForkJoinWorkerThread.java:165) ~[?:?]
Caused by: java.lang.IllegalArgumentException: Whilst parsing command on line 4: Unknown or incomplete command, see below for error at position 0: <--[HERE]
	at net.minecraft.commands.CommandFunction.m_77984_(CommandFunction.java:63) ~[server-1.20.1-20230612.114412-srg.jar%23377!/:?]
	at net.minecraft.server.ServerFunctionLibrary.m_214320_(ServerFunctionLibrary.java:83) ~[server-1.20.1-20230612.114412-srg.jar%23377!/:?]
	at java.util.concurrent.CompletableFuture$AsyncSupply.run(CompletableFuture.java:1768) ~[?:?]
	... 6 more
[22Mar2026 23:27:23.201] [main/ERROR] [net.minecraft.server.ServerFunctionLibrary/]: Failed to load function spawnanimations:internal/entity/ehs/pehkui/check_installed
java.util.concurrent.CompletionException: java.lang.IllegalArgumentException: Whilst parsing command on line 4: Unknown or incomplete command, see below for error at position 0: <--[HERE]
	at java.util.concurrent.CompletableFuture.encodeThrowable(CompletableFuture.java:315) ~[?:?]
	at java.util.concurrent.CompletableFuture.completeThrowable(CompletableFuture.java:320) ~[?:?]
	at java.util.concurrent.CompletableFuture$AsyncSupply.run(CompletableFuture.java:1770) ~[?:?]
	at java.util.concurrent.CompletableFuture$AsyncSupply.exec(CompletableFuture.java:1760) ~[?:?]
	at java.util.concurrent.ForkJoinTask.doExec(ForkJoinTask.java:373) ~[?:?]
	at java.util.concurrent.ForkJoinPool$WorkQueue.topLevelExec(ForkJoinPool.java:1182) ~[?:?]
	at java.util.concurrent.ForkJoinPool.scan(ForkJoinPool.java:1655) ~[?:?]
	at java.util.concurrent.ForkJoinPool.runWorker(ForkJoinPool.java:1622) ~[?:?]
	at java.util.concurrent.ForkJoinWorkerThread.run(ForkJoinWorkerThread.java:165) ~[?:?]
Caused by: java.lang.IllegalArgumentException: Whilst parsing command on line 4: Unknown or incomplete command, see below for error at position 0: <--[HERE]
	at net.minecraft.commands.CommandFunction.m_77984_(CommandFunction.java:63) ~[server-1.20.1-20230612.114412-srg.jar%23377!/:?]
	at net.minecraft.server.ServerFunctionLibrary.m_214320_(ServerFunctionLibrary.java:83) ~[server-1.20.1-20230612.114412-srg.jar%23377!/:?]
	at java.util.concurrent.CompletableFuture$AsyncSupply.run(CompletableFuture.java:1768) ~[?:?]
	... 6 more
[22Mar2026 23:27:23.201] [main/ERROR] [net.minecraft.server.ServerFunctionLibrary/]: Failed to load function spawnanimations:internal/entity/ehs/pehkui/enderman/hide
java.util.concurrent.CompletionException: java.lang.IllegalArgumentException: Whilst parsing command on line 4: Unknown or incomplete command, see below for error at position 0: <--[HERE]
	at java.util.concurrent.CompletableFuture.encodeThrowable(CompletableFuture.java:315) ~[?:?]
	at java.util.concurrent.CompletableFuture.completeThrowable(CompletableFuture.java:320) ~[?:?]
	at java.util.concurrent.CompletableFuture$AsyncSupply.run(CompletableFuture.java:1770) ~[?:?]
	at java.util.concurrent.CompletableFuture$AsyncSupply.exec(CompletableFuture.java:1760) ~[?:?]
	at java.util.concurrent.ForkJoinTask.doExec(ForkJoinTask.java:373) ~[?:?]
	at java.util.concurrent.ForkJoinPool$WorkQueue.topLevelExec(ForkJoinPool.java:1182) ~[?:?]
	at java.util.concurrent.ForkJoinPool.scan(ForkJoinPool.java:1655) ~[?:?]
	at java.util.concurrent.ForkJoinPool.runWorker(ForkJoinPool.java:1622) ~[?:?]
	at java.util.concurrent.ForkJoinWorkerThread.run(ForkJoinWorkerThread.java:165) ~[?:?]
Caused by: java.lang.IllegalArgumentException: Whilst parsing command on line 4: Unknown or incomplete command, see below for error at position 0: <--[HERE]
	at net.minecraft.commands.CommandFunction.m_77984_(CommandFunction.java:63) ~[server-1.20.1-20230612.114412-srg.jar%23377!/:?]
	at net.minecraft.server.ServerFunctionLibrary.m_214320_(ServerFunctionLibrary.java:83) ~[server-1.20.1-20230612.114412-srg.jar%23377!/:?]
	at java.util.concurrent.CompletableFuture$AsyncSupply.run(CompletableFuture.java:1768) ~[?:?]
	... 6 more
[22Mar2026 23:27:23.202] [main/WARN] [HammerLib/]: Unable to find registry for tag directory tags/functions
[22Mar2026 23:27:23.236] [main/ERROR] [net.minecraft.server.ServerAdvancementManager/]: Parsing error loading custom advancement spartanshields:recipes/dark_steel_riot_basic_shield: Unknown item id 'enderio:octadic_capacitor'
[22Mar2026 23:27:23.303] [main/ERROR] [net.minecraft.server.ServerAdvancementManager/]: Parsing error loading custom advancement spartanshields:recipes/basic_mekanists_tower_shield: Unknown item id 'mekanism:energy_tablet'
[22Mar2026 23:27:23.340] [main/ERROR] [net.minecraft.server.ServerAdvancementManager/]: Parsing error loading custom advancement spartanshields:recipes/dark_steel_riot_tower_shield: Unknown item id 'enderio:octadic_capacitor'
[22Mar2026 23:27:23.349] [main/ERROR] [net.minecraft.server.ServerAdvancementManager/]: Parsing error loading custom advancement spartanshields:recipes/basic_mekanists_basic_shield: Unknown item id 'mekanism:energy_tablet'
[22Mar2026 23:27:23.372] [main/INFO] [quark/]: [Automatic Recipe Unlock] Removed 3519 recipe advancements
[22Mar2026 23:27:23.388] [main/ERROR] [net.minecraft.advancements.AdvancementList/]: Couldn't load advancement illager_world_war:war_camp: Task Advancement{parentId=illager_world_war:prepare_to_die, display=net.minecraft.advancements.DisplayInfo@6988f572, rewards=AdvancementRewards{experience=0, loot=[], recipes=[], function=net.minecraft.commands.CommandFunction$CacheableFunction@5f843218}, criteria={war_camp_0=net.minecraft.advancements.Criterion@62cae6c2}, requirements=[[war_camp_0]], sends_telemetry_event=false}
[22Mar2026 23:27:23.389] [main/ERROR] [net.minecraft.advancements.AdvancementList/]: Couldn't load advancement zombiesmore:kaboom: Task Advancement{parentId=zombiesmore:kaboom, display=net.minecraft.advancements.DisplayInfo@27430612, rewards=AdvancementRewards{experience=5, loot=[], recipes=[], function=net.minecraft.commands.CommandFunction$CacheableFunction@5f843218}, criteria={kaboom_0=net.minecraft.advancements.Criterion@20143063}, requirements=[[kaboom_0]], sends_telemetry_event=false}
[22Mar2026 23:27:23.389] [main/ERROR] [net.minecraft.advancements.AdvancementList/]: Couldn't load advancement illager_world_war:new_recruits: Task Advancement{parentId=illager_world_war:pal_take_your_coat, display=net.minecraft.advancements.DisplayInfo@76045480, rewards=AdvancementRewards{experience=1, loot=[], recipes=[], function=net.minecraft.commands.CommandFunction$CacheableFunction@5f843218}, criteria={new_recruits_0=net.minecraft.advancements.Criterion@7792e50b}, requirements=[[new_recruits_0]], sends_telemetry_event=false}
[22Mar2026 23:27:23.389] [main/ERROR] [net.minecraft.advancements.AdvancementList/]: Couldn't load advancement illager_world_war:pal_take_your_coat: Task Advancement{parentId=illager_world_war:prepare_to_die, display=net.minecraft.advancements.DisplayInfo@2ad281a6, rewards=AdvancementRewards{experience=3, loot=[], recipes=[], function=net.minecraft.commands.CommandFunction$CacheableFunction@5f843218}, criteria={pal_take_your_coat_0=net.minecraft.advancements.Criterion@4a88934a}, requirements=[[pal_take_your_coat_0]], sends_telemetry_event=false}
[22Mar2026 23:27:23.389] [main/ERROR] [net.minecraft.advancements.AdvancementList/]: Couldn't load advancement illager_world_war:prepare_to_die: Task Advancement{parentId=illager_world_war:new_recruits, display=net.minecraft.advancements.DisplayInfo@52f75a1d, rewards=AdvancementRewards{experience=2, loot=[], recipes=[], function=net.minecraft.commands.CommandFunction$CacheableFunction@5f843218}, criteria={prepare_to_die_0=net.minecraft.advancements.Criterion@5ceb81ca}, requirements=[[prepare_to_die_0]], sends_telemetry_event=false}
[22Mar2026 23:27:23.389] [main/INFO] [net.minecraft.advancements.AdvancementList/]: Loaded 662 advancements
[22Mar2026 23:27:23.413] [main/INFO] [top.theillusivec4.curios.Curios/]: Loaded 12 curio slots
[22Mar2026 23:27:23.416] [main/INFO] [top.theillusivec4.curios.Curios/]: Loaded 1 curio entities
[22Mar2026 23:27:23.696] [main/INFO] [quark-zeta/]: Modified advancement minecraft:husbandry/wax_on with 2 patches
[22Mar2026 23:27:23.697] [main/INFO] [quark-zeta/]: Modified advancement minecraft:adventure/kill_a_mob with 3 patches
[22Mar2026 23:27:23.697] [main/INFO] [quark-zeta/]: Modified advancement minecraft:husbandry/bred_all_animals with 3 patches
[22Mar2026 23:27:23.697] [main/INFO] [quark-zeta/]: Modified advancement minecraft:adventure/kill_all_mobs with 3 patches
[22Mar2026 23:27:23.697] [main/INFO] [quark-zeta/]: Modified advancement minecraft:husbandry/balanced_diet with 2 patches
[22Mar2026 23:27:23.698] [main/INFO] [quark-zeta/]: Modified advancement minecraft:nether/all_effects with 1 patches
[22Mar2026 23:27:23.698] [main/INFO] [quark-zeta/]: Modified advancement minecraft:husbandry/wax_off with 2 patches
[22Mar2026 23:27:23.698] [main/INFO] [quark-zeta/]: Modified advancement minecraft:adventure/adventuring_time with 1 patches
[22Mar2026 23:27:23.698] [main/INFO] [quark-zeta/]: Modified advancement minecraft:nether/all_potions with 1 patches
[22Mar2026 23:27:23.703] [main/INFO] [hordes/]: Loaded entity minecraft:zombie as entity.minecraft.zombie with weight 35, min day 0 and max day 20
[22Mar2026 23:27:23.703] [main/INFO] [hordes/]: Loaded entity minecraft:zombie_villager as entity.minecraft.zombie_villager with weight 1, min day 0 and max day 20
[22Mar2026 23:27:23.703] [main/INFO] [hordes/]: Loaded entity minecraft:zombie_horse as entity.minecraft.zombie_horse with weight 3, min day 20 and max day 40
[22Mar2026 23:27:23.703] [main/INFO] [hordes/]: Loaded entity minecraft:husk as entity.minecraft.husk with weight 25, min day 50 and max day 0
[22Mar2026 23:27:23.703] [main/INFO] [hordes/]: loaded horde table hordes:default
[22Mar2026 23:27:23.704] [main/INFO] [hordes/]: Loaded entity minecraft:drowned as entity.minecraft.drowned with weight 40, min day 0 and max day 20
[22Mar2026 23:27:23.704] [main/INFO] [hordes/]: Loaded entity minecraft:drowned as entity.minecraft.drowned with weight 3, min day 30 and max day 40
[22Mar2026 23:27:23.704] [main/INFO] [hordes/]: loaded horde table hordes:drowned
[22Mar2026 23:27:23.704] [main/INFO] [hordes/]: Loaded entity minecraft:zombie as entity.minecraft.zombie with weight 20, min day 0 and max day 20
[22Mar2026 23:27:23.704] [main/INFO] [hordes/]: Loaded entity minecraft:skeleton as entity.minecraft.skeleton with weight 10, min day 20 and max day 30
[22Mar2026 23:27:23.705] [main/INFO] [hordes/]: Loaded entity minecraft:spider as entity.minecraft.spider with weight 15, min day 20 and max day 30
[22Mar2026 23:27:23.705] [main/INFO] [hordes/]: Loaded entity minecraft:creeper as entity.minecraft.creeper with weight 5, min day 30 and max day 30
[22Mar2026 23:27:23.705] [main/INFO] [hordes/]: Loaded entity minecraft:husk as entity.minecraft.husk with weight 20, min day 30 and max day 50
[22Mar2026 23:27:23.705] [main/INFO] [hordes/]: Loaded entity minecraft:stray as entity.minecraft.stray with weight 10, min day 40 and max day 50
[22Mar2026 23:27:23.705] [main/INFO] [hordes/]: Loaded entity minecraft:cave_spider as entity.minecraft.cave_spider with weight 10, min day 40 and max day 50
[22Mar2026 23:27:23.705] [main/INFO] [hordes/]: Loaded entity minecraft:witch as entity.minecraft.witch with weight 5, min day 40 and max day 50
[22Mar2026 23:27:23.706] [main/INFO] [hordes/]: Loaded entity minecraft:pillager as entity.minecraft.pillager with weight 10, min day 40 and max day 50
[22Mar2026 23:27:23.706] [main/INFO] [hordes/]: Loaded entity minecraft:zombified_piglin as entity.minecraft.zombified_piglin with weight 10, min day 40 and max day 50
[22Mar2026 23:27:23.706] [main/INFO] [hordes/]: Loaded entity minecraft:zombie_horse as entity.minecraft.zombie_horse with weight 3, min day 40 and max day 50
[22Mar2026 23:27:23.706] [main/INFO] [hordes/]: Loaded entity minecraft:wither_skeleton as entity.minecraft.wither_skeleton with weight 10, min day 50 and max day 0
[22Mar2026 23:27:23.706] [main/INFO] [hordes/]: Loaded entity minecraft:phantom as entity.minecraft.phantom with weight 5, min day 50 and max day 50
[22Mar2026 23:27:23.706] [main/INFO] [hordes/]: Loaded entity minecraft:vindicator as entity.minecraft.vindicator with weight 10, min day 50 and max day 50
[22Mar2026 23:27:23.707] [main/INFO] [hordes/]: Loaded entity minecraft:zoglin as entity.minecraft.zoglin with weight 5, min day 40 and max day 40
[22Mar2026 23:27:23.707] [main/INFO] [hordes/]: Loaded entity minecraft:ravager as entity.minecraft.ravager with weight 5, min day 50 and max day 50
[22Mar2026 23:27:23.707] [main/INFO] [hordes/]: Loaded entity minecraft:evoker as entity.minecraft.evoker with weight 5, min day 50 and max day 50
[22Mar2026 23:27:23.707] [main/INFO] [hordes/]: Loaded entity minecraft:piglin_brute as entity.minecraft.piglin_brute with weight 10, min day 60 and max day 0
[22Mar2026 23:27:23.707] [main/INFO] [hordes/]: Loaded entity minecraft:cave_spider as entity.minecraft.cave_spider with weight 15, min day 60 and max day 0
[22Mar2026 23:27:23.708] [main/INFO] [hordes/]: Loaded entity minecraft:zombie_horse as entity.minecraft.zombie_horse with weight 5, min day 60 and max day 0
[22Mar2026 23:27:23.708] [main/INFO] [hordes/]: Loaded entity minecraft:ravager as entity.minecraft.ravager with weight 3, min day 60 and max day 0
[22Mar2026 23:27:23.708] [main/INFO] [hordes/]: Loaded entity minecraft:phantom as entity.minecraft.phantom with weight 3, min day 60 and max day 0
[22Mar2026 23:27:23.708] [main/INFO] [hordes/]: loaded horde table hordes:mixed_mobs
[22Mar2026 23:27:23.708] [main/INFO] [hordes/]: Loaded entity minecraft:pillager as entity.minecraft.pillager with weight 15, min day 0 and max day 0
[22Mar2026 23:27:23.708] [main/INFO] [hordes/]: Loaded entity minecraft:vindicator as entity.minecraft.vindicator with weight 10, min day 0 and max day 0
[22Mar2026 23:27:23.709] [main/INFO] [hordes/]: Loaded entity minecraft:witch as entity.minecraft.witch with weight 5, min day 20 and max day 0
[22Mar2026 23:27:23.709] [main/INFO] [hordes/]: Loaded entity minecraft:ravager as entity.minecraft.ravager with weight 5, min day 30 and max day 40
[22Mar2026 23:27:23.709] [main/INFO] [hordes/]: Loaded entity minecraft:evoker as entity.minecraft.evoker with weight 3, min day 40 and max day 40
[22Mar2026 23:27:23.709] [main/INFO] [hordes/]: Loaded entity minecraft:illusioner as entity.minecraft.illusioner with weight 5, min day 50 and max day 0
[22Mar2026 23:27:23.709] [main/INFO] [hordes/]: Loaded entity minecraft:ravager as entity.minecraft.ravager with weight 3, min day 50 and max day 0
[22Mar2026 23:27:23.709] [main/INFO] [hordes/]: Loaded entity minecraft:ravager as entity.minecraft.ravager with weight 5, min day 50 and max day 0
[22Mar2026 23:27:23.709] [main/INFO] [hordes/]: loaded horde table hordes:illagers
[22Mar2026 23:27:23.710] [main/INFO] [hordes/]: Loaded entity minecraft:skeleton as entity.minecraft.skeleton with weight 10, min day 0 and max day 20
[22Mar2026 23:27:23.710] [main/INFO] [hordes/]: Loaded entity minecraft:skeleton as entity.minecraft.skeleton with weight 20, min day 0 and max day 30
[22Mar2026 23:27:23.710] [main/INFO] [hordes/]: Loaded entity minecraft:skeleton_horse as entity.minecraft.skeleton_horse with weight 5, min day 20 and max day 50
[22Mar2026 23:27:23.710] [main/INFO] [hordes/]: Loaded entity minecraft:stray as entity.minecraft.stray with weight 10, min day 20 and max day 0
[22Mar2026 23:27:23.710] [main/INFO] [hordes/]: Loaded entity minecraft:wither_skeleton as entity.minecraft.wither_skeleton with weight 10, min day 40 and max day 0
[22Mar2026 23:27:23.711] [main/INFO] [hordes/]: Loaded entity minecraft:skeleton_horse as entity.minecraft.skeleton_horse with weight 5, min day 40 and max day 0
[22Mar2026 23:27:23.711] [main/INFO] [hordes/]: loaded horde table hordes:skeletons
[22Mar2026 23:27:23.711] [main/INFO] [hordes/]: Loaded entity minecraft:zombie as entity.minecraft.zombie with weight 30, min day 0 and max day 0
[22Mar2026 23:27:23.711] [main/INFO] [hordes/]: loaded horde table hordes:fallback
[22Mar2026 23:27:23.715] [main/INFO] [hordes/]: loaded horde script hordes:default
[22Mar2026 23:27:23.716] [main/INFO] [insane96mcp.insanelib.InsaneLib/]: Reloading InsaneLib JsonFeature Json
[22Mar2026 23:27:23.849] [main/INFO] [Spartan Weaponry/]: Finished initialising Weapon Traits & Attributes! Took 6.962496ms
[22Mar2026 23:27:23.860] [main/WARN] [ModernFix/]: Initial datapack load took 5.749 s
[22Mar2026 23:27:24.396] [Server thread/INFO] [net.minecraft.server.dedicated.DedicatedServer/]: Starting minecraft server version 1.20.1
[22Mar2026 23:27:24.397] [Server thread/INFO] [net.minecraft.server.dedicated.DedicatedServer/]: Loading properties
[22Mar2026 23:27:24.397] [Server thread/INFO] [net.minecraft.server.dedicated.DedicatedServer/]: Default game type: SURVIVAL
[22Mar2026 23:27:24.397] [Server thread/INFO] [net.minecraft.server.MinecraftServer/]: Generating keypair
[22Mar2026 23:27:24.615] [Server thread/INFO] [net.minecraft.server.dedicated.DedicatedServer/]: Starting Minecraft server on *:25565
[22Mar2026 23:27:24.645] [Server thread/INFO] [net.minecraft.server.network.ServerConnectionListener/]: Using epoll channel type
[22Mar2026 23:27:24.730] [Server thread/WARN] [net.minecraft.server.dedicated.DedicatedServer/]: **** SERVER IS RUNNING IN OFFLINE/INSECURE MODE!
[22Mar2026 23:27:24.731] [Server thread/WARN] [net.minecraft.server.dedicated.DedicatedServer/]: The server will make no attempt to authenticate usernames. Beware.
[22Mar2026 23:27:24.731] [Server thread/WARN] [net.minecraft.server.dedicated.DedicatedServer/]: While this makes the game possible to play without internet access, it also opens up the ability for hackers to connect with any username they choose.
[22Mar2026 23:27:24.731] [Server thread/WARN] [net.minecraft.server.dedicated.DedicatedServer/]: To change this, set "online-mode" to "true" in the server.properties file.
[22Mar2026 23:27:24.768] [Server thread/INFO] [Puzzles Lib/]: Loading server config for mutantmonsters
[22Mar2026 23:27:24.771] [Server thread/INFO] [journeymap/]: Loading JourneyMap Forge Configs
[22Mar2026 23:27:25.156] [Server thread/INFO] [Framework/]: Loading server configs...
[22Mar2026 23:27:25.172] [Netty Epoll Server IO #2/INFO] [net.minecraftforge.server.ServerLifecycleHooks/SERVERHOOKS]: Disconnecting Player (server is still starting): literal{Server is still starting! Please wait before reconnecting.}
[22Mar2026 23:27:25.173] [Netty Epoll Server IO #1/INFO] [net.minecraftforge.server.ServerLifecycleHooks/SERVERHOOKS]: Disconnecting Player (server is still starting): literal{Server is still starting! Please wait before reconnecting.}
[22Mar2026 23:27:25.186] [Server thread/INFO] [quark-zeta/]: Server starting, accepting filewatcher changes for quark's config
[22Mar2026 23:27:25.187] [Server thread/INFO] [zeta/]: Server starting, accepting filewatcher changes for zeta's config
[22Mar2026 23:27:25.315] [Netty Epoll Server IO #3/INFO] [net.minecraftforge.server.ServerLifecycleHooks/SERVERHOOKS]: Disconnecting Player (server is still starting): literal{Server is still starting! Please wait before reconnecting.}
[22Mar2026 23:27:25.469] [Netty Epoll Server IO #4/INFO] [net.minecraftforge.server.ServerLifecycleHooks/SERVERHOOKS]: Disconnecting Player (server is still starting): literal{Server is still starting! Please wait before reconnecting.}
[22Mar2026 23:27:25.620] [Netty Epoll Server IO #5/INFO] [net.minecraftforge.server.ServerLifecycleHooks/SERVERHOOKS]: Disconnecting Player (server is still starting): literal{Server is still starting! Please wait before reconnecting.}
[22Mar2026 23:27:25.737] [Server thread/INFO] [terrablender/]: Initialized TerraBlender biomes for level stem minecraft:overworld
[22Mar2026 23:27:25.738] [Server thread/INFO] [terrablender/]: Initialized TerraBlender biomes for level stem minecraft:the_nether
[22Mar2026 23:27:25.738] [Server thread/INFO] [net.minecraft.server.dedicated.DedicatedServer/]: Preparing level "world"
[22Mar2026 23:27:25.775] [Netty Epoll Server IO #6/INFO] [net.minecraftforge.server.ServerLifecycleHooks/SERVERHOOKS]: Disconnecting Player (server is still starting): literal{Server is still starting! Please wait before reconnecting.}
[22Mar2026 23:27:25.777] [Server thread/INFO] [CheckedThreadLocalRandom/]: Enforcing safe world random access
[22Mar2026 23:27:25.907] [Netty Epoll Server IO #7/INFO] [net.minecraftforge.server.ServerLifecycleHooks/SERVERHOOKS]: Disconnecting Player (server is still starting): literal{Server is still starting! Please wait before reconnecting.}
[22Mar2026 23:27:26.073] [Netty Epoll Server IO #0/INFO] [net.minecraftforge.server.ServerLifecycleHooks/SERVERHOOKS]: Disconnecting Player (server is still starting): literal{Server is still starting! Please wait before reconnecting.}
[22Mar2026 23:27:26.225] [Netty Epoll Server IO #1/INFO] [net.minecraftforge.server.ServerLifecycleHooks/SERVERHOOKS]: Disconnecting Player (server is still starting): literal{Server is still starting! Please wait before reconnecting.}
[22Mar2026 23:27:26.259] [Server thread/WARN] [net.minecraft.world.scores.Scoreboard/]: Requested creation of existing team 'Bandits'
[22Mar2026 23:27:26.259] [Server thread/WARN] [net.minecraft.world.scores.Scoreboard/]: Requested creation of existing team 'Neutral'
[22Mar2026 23:27:26.259] [Server thread/WARN] [net.minecraft.world.scores.Scoreboard/]: Requested creation of existing team 'Valarians'
[22Mar2026 23:27:26.260] [Server thread/WARN] [net.minecraft.world.scores.Scoreboard/]: Requested creation of existing team 'Bohemians'
[22Mar2026 23:27:26.260] [Server thread/WARN] [net.minecraft.world.scores.Scoreboard/]: Requested creation of existing team 'Caladrians'
[22Mar2026 23:27:26.260] [Server thread/WARN] [net.minecraft.world.scores.Scoreboard/]: Requested creation of existing team 'Numerians'
[22Mar2026 23:27:26.262] [Server thread/WARN] [net.minecraft.world.scores.Scoreboard/]: Requested creation of existing team 'Burgundians'
[22Mar2026 23:27:26.262] [Server thread/WARN] [net.minecraft.world.scores.Scoreboard/]: Requested creation of existing team 'Galicians'
[22Mar2026 23:27:26.263] [Server thread/WARN] [net.minecraft.world.scores.Scoreboard/]: Requested creation of existing team 'Visgothians'
[22Mar2026 23:27:26.263] [Server thread/WARN] [net.minecraft.world.scores.Scoreboard/]: Requested creation of existing team 'Lancastians'
[22Mar2026 23:27:26.263] [Server thread/WARN] [net.minecraft.world.scores.Scoreboard/]: Requested creation of existing team 'Orleanians'
[22Mar2026 23:27:26.264] [Server thread/WARN] [net.minecraft.world.scores.Scoreboard/]: Requested creation of existing team 'Templars'
[22Mar2026 23:27:26.268] [Server thread/WARN] [net.minecraft.world.scores.Scoreboard/]: Requested creation of existing team 'Hospitallers'
[22Mar2026 23:27:26.268] [Server thread/WARN] [net.minecraft.world.scores.Scoreboard/]: Requested creation of existing team 'Barathians'
[22Mar2026 23:27:26.268] [Server thread/WARN] [net.minecraft.world.scores.Scoreboard/]: Requested creation of existing team 'Undead'
[22Mar2026 23:27:26.278] [Server thread/INFO] [incontrol/]: Reading rules from areas.json
[22Mar2026 23:27:26.301] [Server thread/INFO] [incontrol/]: Reading rules from spawn.json
[22Mar2026 23:27:26.372] [Netty Epoll Server IO #2/INFO] [net.minecraftforge.server.ServerLifecycleHooks/SERVERHOOKS]: Disconnecting Player (server is still starting): literal{Server is still starting! Please wait before reconnecting.}
[22Mar2026 23:27:26.430] [Server thread/INFO] [incontrol/]: Reading rules from summonaid.json
[22Mar2026 23:27:26.435] [Server thread/INFO] [incontrol/]: Reading rules from loot.json
[22Mar2026 23:27:26.448] [Server thread/ERROR] [incontrol/]: Unknown item 'cw_additions:rubber_sheet'!
[22Mar2026 23:27:26.451] [Server thread/ERROR] [incontrol/]: Unknown item 'cw_additions:plastic_sheet'!
[22Mar2026 23:27:26.462] [Server thread/INFO] [incontrol/]: Reading rules from experience.json
[22Mar2026 23:27:26.464] [Server thread/INFO] [incontrol/]: Reading rules from phases.json
[22Mar2026 23:27:26.477] [Server thread/INFO] [incontrol/]: Reading rules from effects.json
[22Mar2026 23:27:26.484] [Server thread/INFO] [incontrol/]: Reading rules from breakevents.json
[22Mar2026 23:27:26.486] [Server thread/INFO] [incontrol/]: Reading rules from placeevents.json
[22Mar2026 23:27:26.489] [Server thread/INFO] [incontrol/]: Reading rules from rightclicks.json
[22Mar2026 23:27:26.498] [Server thread/INFO] [incontrol/]: Reading rules from leftclicks.json
[22Mar2026 23:27:26.503] [Server thread/INFO] [incontrol/]: Reading rules from spawner.json
[22Mar2026 23:27:26.534] [Netty Epoll Server IO #3/INFO] [net.minecraftforge.server.ServerLifecycleHooks/SERVERHOOKS]: Disconnecting Player (server is still starting): literal{Server is still starting! Please wait before reconnecting.}
[22Mar2026 23:27:26.568] [Server thread/INFO] [incontrol/]: Reading rules from events.json
[22Mar2026 23:27:26.684] [Netty Epoll Server IO #4/INFO] [net.minecraftforge.server.ServerLifecycleHooks/SERVERHOOKS]: Disconnecting Player (server is still starting): literal{Server is still starting! Please wait before reconnecting.}
[22Mar2026 23:27:26.826] [Netty Epoll Server IO #5/INFO] [net.minecraftforge.server.ServerLifecycleHooks/SERVERHOOKS]: Disconnecting Player (server is still starting): literal{Server is still starting! Please wait before reconnecting.}
[22Mar2026 23:27:26.982] [Netty Epoll Server IO #6/INFO] [net.minecraftforge.server.ServerLifecycleHooks/SERVERHOOKS]: Disconnecting Player (server is still starting): literal{Server is still starting! Please wait before reconnecting.}
[22Mar2026 23:27:27.148] [Netty Epoll Server IO #7/INFO] [net.minecraftforge.server.ServerLifecycleHooks/SERVERHOOKS]: Disconnecting Player (server is still starting): literal{Server is still starting! Please wait before reconnecting.}
[22Mar2026 23:27:27.322] [Netty Epoll Server IO #0/INFO] [net.minecraftforge.server.ServerLifecycleHooks/SERVERHOOKS]: Disconnecting Player (server is still starting): literal{Server is still starting! Please wait before reconnecting.}
[22Mar2026 23:27:27.413] [Server thread/WARN] [net.minecraft.network.syncher.SynchedEntityData/]: defineId called for: class forge.net.mca.entity.CribEntity from class forge.net.mca.util.network.datasync.CDataParameter
[22Mar2026 23:27:27.416] [Server thread/WARN] [net.minecraft.network.syncher.SynchedEntityData/]: defineId called for: class forge.net.mca.entity.CribEntity from class forge.net.mca.util.network.datasync.CEnumParameter
[22Mar2026 23:27:27.419] [Server thread/WARN] [net.minecraft.network.syncher.SynchedEntityData/]: defineId called for: class forge.net.mca.entity.CribEntity from class forge.net.mca.util.network.datasync.CEnumParameter
[22Mar2026 23:27:27.430] [Netty Epoll Server IO #1/INFO] [net.minecraftforge.server.ServerLifecycleHooks/SERVERHOOKS]: Disconnecting Player (server is still starting): literal{Server is still starting! Please wait before reconnecting.}
[22Mar2026 23:27:27.487] [Server thread/WARN] [net.minecraft.network.syncher.SynchedEntityData/]: defineId called for: class forge.net.mca.entity.ZombieVillagerEntityMCA from class forge.net.mca.util.network.datasync.CDataParameter
[22Mar2026 23:27:27.488] [Server thread/WARN] [net.minecraft.network.syncher.SynchedEntityData/]: defineId called for: class forge.net.mca.entity.ZombieVillagerEntityMCA from class forge.net.mca.util.network.datasync.CDataParameter
[22Mar2026 23:27:27.488] [Server thread/WARN] [net.minecraft.network.syncher.SynchedEntityData/]: defineId called for: class forge.net.mca.entity.ZombieVillagerEntityMCA from class forge.net.mca.util.network.datasync.CDataParameter
[22Mar2026 23:27:27.488] [Server thread/WARN] [net.minecraft.network.syncher.SynchedEntityData/]: defineId called for: class forge.net.mca.entity.ZombieVillagerEntityMCA from class forge.net.mca.util.network.datasync.CDataParameter
[22Mar2026 23:27:27.489] [Server thread/WARN] [net.minecraft.network.syncher.SynchedEntityData/]: defineId called for: class forge.net.mca.entity.ZombieVillagerEntityMCA from class forge.net.mca.util.network.datasync.CDataParameter
[22Mar2026 23:27:27.489] [Server thread/WARN] [net.minecraft.network.syncher.SynchedEntityData/]: defineId called for: class forge.net.mca.entity.ZombieVillagerEntityMCA from class forge.net.mca.util.network.datasync.CDataParameter
[22Mar2026 23:27:27.489] [Server thread/WARN] [net.minecraft.network.syncher.SynchedEntityData/]: defineId called for: class forge.net.mca.entity.ZombieVillagerEntityMCA from class forge.net.mca.util.network.datasync.CDataParameter
[22Mar2026 23:27:27.490] [Server thread/WARN] [net.minecraft.network.syncher.SynchedEntityData/]: defineId called for: class forge.net.mca.entity.ZombieVillagerEntityMCA from class forge.net.mca.util.network.datasync.CEnumParameter
[22Mar2026 23:27:27.490] [Server thread/WARN] [net.minecraft.network.syncher.SynchedEntityData/]: defineId called for: class forge.net.mca.entity.ZombieVillagerEntityMCA from class forge.net.mca.util.network.datasync.CDataParameter
[22Mar2026 23:27:27.491] [Server thread/WARN] [net.minecraft.network.syncher.SynchedEntityData/]: defineId called for: class forge.net.mca.entity.ZombieVillagerEntityMCA from class forge.net.mca.util.network.datasync.CDataParameter
[22Mar2026 23:27:27.491] [Server thread/WARN] [net.minecraft.network.syncher.SynchedEntityData/]: defineId called for: class forge.net.mca.entity.ZombieVillagerEntityMCA from class forge.net.mca.util.network.datasync.CDataParameter
[22Mar2026 23:27:27.492] [Server thread/WARN] [net.minecraft.network.syncher.SynchedEntityData/]: defineId called for: class forge.net.mca.entity.ZombieVillagerEntityMCA from class forge.net.mca.util.network.datasync.CDataParameter
[22Mar2026 23:27:27.492] [Server thread/WARN] [net.minecraft.network.syncher.SynchedEntityData/]: defineId called for: class forge.net.mca.entity.ZombieVillagerEntityMCA from class forge.net.mca.util.network.datasync.CDataParameter
[22Mar2026 23:27:27.492] [Server thread/WARN] [net.minecraft.network.syncher.SynchedEntityData/]: defineId called for: class forge.net.mca.entity.ZombieVillagerEntityMCA from class forge.net.mca.util.network.datasync.CDataParameter
[22Mar2026 23:27:27.493] [Server thread/WARN] [net.minecraft.network.syncher.SynchedEntityData/]: defineId called for: class forge.net.mca.entity.ZombieVillagerEntityMCA from class forge.net.mca.util.network.datasync.CDataParameter
[22Mar2026 23:27:27.493] [Server thread/WARN] [net.minecraft.network.syncher.SynchedEntityData/]: defineId called for: class forge.net.mca.entity.ZombieVillagerEntityMCA from class forge.net.mca.util.network.datasync.CDataParameter
[22Mar2026 23:27:27.494] [Server thread/WARN] [net.minecraft.network.syncher.SynchedEntityData/]: defineId called for: class forge.net.mca.entity.ZombieVillagerEntityMCA from class forge.net.mca.util.network.datasync.CDataParameter
[22Mar2026 23:27:27.495] [Server thread/WARN] [net.minecraft.network.syncher.SynchedEntityData/]: defineId called for: class forge.net.mca.entity.ZombieVillagerEntityMCA from class forge.net.mca.util.network.datasync.CDataParameter
[22Mar2026 23:27:27.495] [Server thread/WARN] [net.minecraft.network.syncher.SynchedEntityData/]: defineId called for: class forge.net.mca.entity.ZombieVillagerEntityMCA from class forge.net.mca.util.network.datasync.CDataParameter
[22Mar2026 23:27:27.496] [Server thread/WARN] [net.minecraft.network.syncher.SynchedEntityData/]: defineId called for: class forge.net.mca.entity.ZombieVillagerEntityMCA from class forge.net.mca.util.network.datasync.CEnumParameter
[22Mar2026 23:27:27.496] [Server thread/WARN] [net.minecraft.network.syncher.SynchedEntityData/]: defineId called for: class forge.net.mca.entity.ZombieVillagerEntityMCA from class forge.net.mca.util.network.datasync.CDataParameter
[22Mar2026 23:27:27.496] [Server thread/WARN] [net.minecraft.network.syncher.SynchedEntityData/]: defineId called for: class forge.net.mca.entity.ZombieVillagerEntityMCA from class forge.net.mca.util.network.datasync.CDataParameter
[22Mar2026 23:27:27.497] [Server thread/WARN] [net.minecraft.network.syncher.SynchedEntityData/]: defineId called for: class forge.net.mca.entity.ZombieVillagerEntityMCA from class forge.net.mca.util.network.datasync.CEnumParameter
[22Mar2026 23:27:27.497] [Server thread/WARN] [net.minecraft.network.syncher.SynchedEntityData/]: defineId called for: class forge.net.mca.entity.ZombieVillagerEntityMCA from class forge.net.mca.util.network.datasync.CDataParameter
[22Mar2026 23:27:27.498] [Server thread/WARN] [net.minecraft.network.syncher.SynchedEntityData/]: defineId called for: class forge.net.mca.entity.ZombieVillagerEntityMCA from class forge.net.mca.util.network.datasync.CEnumParameter
[22Mar2026 23:27:27.498] [Server thread/WARN] [net.minecraft.network.syncher.SynchedEntityData/]: defineId called for: class forge.net.mca.entity.ZombieVillagerEntityMCA from class forge.net.mca.util.network.datasync.CEnumParameter
[22Mar2026 23:27:27.499] [Server thread/WARN] [net.minecraft.network.syncher.SynchedEntityData/]: defineId called for: class forge.net.mca.entity.ZombieVillagerEntityMCA from class forge.net.mca.util.network.datasync.CDataParameter
[22Mar2026 23:27:27.500] [Server thread/WARN] [net.minecraft.network.syncher.SynchedEntityData/]: defineId called for: class forge.net.mca.entity.ZombieVillagerEntityMCA from class forge.net.mca.util.network.datasync.CDataParameter
[22Mar2026 23:27:27.500] [Server thread/WARN] [net.minecraft.network.syncher.SynchedEntityData/]: defineId called for: class forge.net.mca.entity.ZombieVillagerEntityMCA from class forge.net.mca.util.network.datasync.CDataParameter
[22Mar2026 23:27:27.501] [Server thread/WARN] [net.minecraft.network.syncher.SynchedEntityData/]: defineId called for: class forge.net.mca.entity.ZombieVillagerEntityMCA from class forge.net.mca.util.network.datasync.CDataParameter
[22Mar2026 23:27:27.501] [Server thread/WARN] [net.minecraft.network.syncher.SynchedEntityData/]: defineId called for: class forge.net.mca.entity.ZombieVillagerEntityMCA from class forge.net.mca.util.network.datasync.CDataParameter
[22Mar2026 23:27:27.502] [Server thread/WARN] [net.minecraft.network.syncher.SynchedEntityData/]: defineId called for: class forge.net.mca.entity.ZombieVillagerEntityMCA from class forge.net.mca.util.network.datasync.CDataParameter
[22Mar2026 23:27:27.504] [Server thread/WARN] [net.minecraft.network.syncher.SynchedEntityData/]: defineId called for: class forge.net.mca.entity.ZombieVillagerEntityMCA from class forge.net.mca.util.network.datasync.CDataParameter
[22Mar2026 23:27:27.505] [Server thread/WARN] [net.minecraft.network.syncher.SynchedEntityData/]: defineId called for: class forge.net.mca.entity.ZombieVillagerEntityMCA from class forge.net.mca.util.network.datasync.CDataParameter
[22Mar2026 23:27:27.505] [Server thread/WARN] [net.minecraft.network.syncher.SynchedEntityData/]: defineId called for: class forge.net.mca.entity.ZombieVillagerEntityMCA from class forge.net.mca.util.network.datasync.CDataParameter
[22Mar2026 23:27:27.506] [Server thread/WARN] [net.minecraft.network.syncher.SynchedEntityData/]: defineId called for: class forge.net.mca.entity.ZombieVillagerEntityMCA from class forge.net.mca.util.network.datasync.CDataParameter
[22Mar2026 23:27:27.506] [Server thread/WARN] [net.minecraft.network.syncher.SynchedEntityData/]: defineId called for: class forge.net.mca.entity.ZombieVillagerEntityMCA from class forge.net.mca.util.network.datasync.CDataParameter
[22Mar2026 23:27:27.620] [Netty Epoll Server IO #2/INFO] [net.minecraftforge.server.ServerLifecycleHooks/SERVERHOOKS]: Disconnecting Player (server is still starting): literal{Server is still starting! Please wait before reconnecting.}
[22Mar2026 23:27:27.778] [Netty Epoll Server IO #3/INFO] [net.minecraftforge.server.ServerLifecycleHooks/SERVERHOOKS]: Disconnecting Player (server is still starting): literal{Server is still starting! Please wait before reconnecting.}
[22Mar2026 23:27:27.918] [Netty Epoll Server IO #4/INFO] [net.minecraftforge.server.ServerLifecycleHooks/SERVERHOOKS]: Disconnecting Player (server is still starting): literal{Server is still starting! Please wait before reconnecting.}
[22Mar2026 23:27:28.117] [Netty Epoll Server IO #5/INFO] [net.minecraftforge.server.ServerLifecycleHooks/SERVERHOOKS]: Disconnecting Player (server is still starting): literal{Server is still starting! Please wait before reconnecting.}
[22Mar2026 23:27:28.269] [Netty Epoll Server IO #6/INFO] [net.minecraftforge.server.ServerLifecycleHooks/SERVERHOOKS]: Disconnecting Player (server is still starting): literal{Server is still starting! Please wait before reconnecting.}
[22Mar2026 23:27:28.441] [Netty Epoll Server IO #7/INFO] [net.minecraftforge.server.ServerLifecycleHooks/SERVERHOOKS]: Disconnecting Player (server is still starting): literal{Server is still starting! Please wait before reconnecting.}
[22Mar2026 23:27:28.725] [Netty Epoll Server IO #0/INFO] [net.minecraftforge.server.ServerLifecycleHooks/SERVERHOOKS]: Disconnecting Player (server is still starting): literal{Server is still starting! Please wait before reconnecting.}
[22Mar2026 23:27:28.929] [Netty Epoll Server IO #1/INFO] [net.minecraftforge.server.ServerLifecycleHooks/SERVERHOOKS]: Disconnecting Player (server is still starting): literal{Server is still starting! Please wait before reconnecting.}
[22Mar2026 23:27:29.077] [Netty Epoll Server IO #2/INFO] [net.minecraftforge.server.ServerLifecycleHooks/SERVERHOOKS]: Disconnecting Player (server is still starting): literal{Server is still starting! Please wait before reconnecting.}
[22Mar2026 23:27:29.715] [Netty Epoll Server IO #3/INFO] [net.minecraftforge.server.ServerLifecycleHooks/SERVERHOOKS]: Disconnecting Player (server is still starting): literal{Server is still starting! Please wait before reconnecting.}
[22Mar2026 23:27:30.184] [Netty Epoll Server IO #4/INFO] [net.minecraftforge.server.ServerLifecycleHooks/SERVERHOOKS]: Disconnecting Player (server is still starting): literal{Server is still starting! Please wait before reconnecting.}
[22Mar2026 23:27:30.517] [Netty Epoll Server IO #5/INFO] [net.minecraftforge.server.ServerLifecycleHooks/SERVERHOOKS]: Disconnecting Player (server is still starting): literal{Server is still starting! Please wait before reconnecting.}
[22Mar2026 23:27:30.684] [Netty Epoll Server IO #6/INFO] [net.minecraftforge.server.ServerLifecycleHooks/SERVERHOOKS]: Disconnecting Player (server is still starting): literal{Server is still starting! Please wait before reconnecting.}
[22Mar2026 23:27:30.866] [Netty Epoll Server IO #7/INFO] [net.minecraftforge.server.ServerLifecycleHooks/SERVERHOOKS]: Disconnecting Player (server is still starting): literal{Server is still starting! Please wait before reconnecting.}
[22Mar2026 23:27:31.018] [Netty Epoll Server IO #0/INFO] [net.minecraftforge.server.ServerLifecycleHooks/SERVERHOOKS]: Disconnecting Player (server is still starting): literal{Server is still starting! Please wait before reconnecting.}
[22Mar2026 23:27:31.153] [Netty Epoll Server IO #1/INFO] [net.minecraftforge.server.ServerLifecycleHooks/SERVERHOOKS]: Disconnecting Player (server is still starting): literal{Server is still starting! Please wait before reconnecting.}
[22Mar2026 23:27:31.372] [Netty Epoll Server IO #2/INFO] [net.minecraftforge.server.ServerLifecycleHooks/SERVERHOOKS]: Disconnecting Player (server is still starting): literal{Server is still starting! Please wait before reconnecting.}
[22Mar2026 23:27:31.525] [Netty Epoll Server IO #3/INFO] [net.minecraftforge.server.ServerLifecycleHooks/SERVERHOOKS]: Disconnecting Player (server is still starting): literal{Server is still starting! Please wait before reconnecting.}
[22Mar2026 23:27:31.822] [Netty Epoll Server IO #4/INFO] [net.minecraftforge.server.ServerLifecycleHooks/SERVERHOOKS]: Disconnecting Player (server is still starting): literal{Server is still starting! Please wait before reconnecting.}
[22Mar2026 23:27:31.855] [Server thread/WARN] [net.minecraft.world.scores.Scoreboard/]: Requested creation of existing team 'Bandits'
[22Mar2026 23:27:31.855] [Server thread/WARN] [net.minecraft.world.scores.Scoreboard/]: Requested creation of existing team 'Neutral'
[22Mar2026 23:27:31.856] [Server thread/WARN] [net.minecraft.world.scores.Scoreboard/]: Requested creation of existing team 'Valarians'
[22Mar2026 23:27:31.856] [Server thread/WARN] [net.minecraft.world.scores.Scoreboard/]: Requested creation of existing team 'Bohemians'
[22Mar2026 23:27:31.856] [Server thread/WARN] [net.minecraft.world.scores.Scoreboard/]: Requested creation of existing team 'Caladrians'
[22Mar2026 23:27:31.856] [Server thread/WARN] [net.minecraft.world.scores.Scoreboard/]: Requested creation of existing team 'Numerians'
[22Mar2026 23:27:31.856] [Server thread/WARN] [net.minecraft.world.scores.Scoreboard/]: Requested creation of existing team 'Burgundians'
[22Mar2026 23:27:31.856] [Server thread/WARN] [net.minecraft.world.scores.Scoreboard/]: Requested creation of existing team 'Galicians'
[22Mar2026 23:27:31.857] [Server thread/WARN] [net.minecraft.world.scores.Scoreboard/]: Requested creation of existing team 'Visgothians'
[22Mar2026 23:27:31.857] [Server thread/WARN] [net.minecraft.world.scores.Scoreboard/]: Requested creation of existing team 'Lancastians'
[22Mar2026 23:27:31.857] [Server thread/WARN] [net.minecraft.world.scores.Scoreboard/]: Requested creation of existing team 'Orleanians'
[22Mar2026 23:27:31.857] [Server thread/WARN] [net.minecraft.world.scores.Scoreboard/]: Requested creation of existing team 'Templars'
[22Mar2026 23:27:31.857] [Server thread/WARN] [net.minecraft.world.scores.Scoreboard/]: Requested creation of existing team 'Hospitallers'
[22Mar2026 23:27:31.858] [Server thread/WARN] [net.minecraft.world.scores.Scoreboard/]: Requested creation of existing team 'Barathians'
[22Mar2026 23:27:31.858] [Server thread/WARN] [net.minecraft.world.scores.Scoreboard/]: Requested creation of existing team 'Undead'
[22Mar2026 23:27:31.873] [Server thread/WARN] [net.minecraft.world.scores.Scoreboard/]: Requested creation of existing team 'Bandits'
[22Mar2026 23:27:31.874] [Server thread/WARN] [net.minecraft.world.scores.Scoreboard/]: Requested creation of existing team 'Neutral'
[22Mar2026 23:27:31.874] [Server thread/WARN] [net.minecraft.world.scores.Scoreboard/]: Requested creation of existing team 'Valarians'
[22Mar2026 23:27:31.874] [Server thread/WARN] [net.minecraft.world.scores.Scoreboard/]: Requested creation of existing team 'Bohemians'
[22Mar2026 23:27:31.875] [Server thread/WARN] [net.minecraft.world.scores.Scoreboard/]: Requested creation of existing team 'Caladrians'
[22Mar2026 23:27:31.875] [Server thread/WARN] [net.minecraft.world.scores.Scoreboard/]: Requested creation of existing team 'Numerians'
[22Mar2026 23:27:31.875] [Server thread/WARN] [net.minecraft.world.scores.Scoreboard/]: Requested creation of existing team 'Burgundians'
[22Mar2026 23:27:31.875] [Server thread/WARN] [net.minecraft.world.scores.Scoreboard/]: Requested creation of existing team 'Galicians'
[22Mar2026 23:27:31.875] [Server thread/WARN] [net.minecraft.world.scores.Scoreboard/]: Requested creation of existing team 'Visgothians'
[22Mar2026 23:27:31.875] [Server thread/WARN] [net.minecraft.world.scores.Scoreboard/]: Requested creation of existing team 'Lancastians'
[22Mar2026 23:27:31.876] [Server thread/WARN] [net.minecraft.world.scores.Scoreboard/]: Requested creation of existing team 'Orleanians'
[22Mar2026 23:27:31.876] [Server thread/WARN] [net.minecraft.world.scores.Scoreboard/]: Requested creation of existing team 'Templars'
[22Mar2026 23:27:31.876] [Server thread/WARN] [net.minecraft.world.scores.Scoreboard/]: Requested creation of existing team 'Hospitallers'
[22Mar2026 23:27:31.876] [Server thread/WARN] [net.minecraft.world.scores.Scoreboard/]: Requested creation of existing team 'Barathians'
[22Mar2026 23:27:31.876] [Server thread/WARN] [net.minecraft.world.scores.Scoreboard/]: Requested creation of existing team 'Undead'
[22Mar2026 23:27:31.916] [Netty Epoll Server IO #5/INFO] [net.minecraftforge.server.ServerLifecycleHooks/SERVERHOOKS]: Disconnecting Player (server is still starting): literal{Server is still starting! Please wait before reconnecting.}
[22Mar2026 23:27:31.944] [Server thread/WARN] [net.minecraft.world.scores.Scoreboard/]: Requested creation of existing team 'Bandits'
[22Mar2026 23:27:31.945] [Server thread/WARN] [net.minecraft.world.scores.Scoreboard/]: Requested creation of existing team 'Neutral'
[22Mar2026 23:27:31.946] [Server thread/WARN] [net.minecraft.world.scores.Scoreboard/]: Requested creation of existing team 'Valarians'
[22Mar2026 23:27:31.946] [Server thread/WARN] [net.minecraft.world.scores.Scoreboard/]: Requested creation of existing team 'Bohemians'
[22Mar2026 23:27:31.947] [Server thread/WARN] [net.minecraft.world.scores.Scoreboard/]: Requested creation of existing team 'Caladrians'
[22Mar2026 23:27:31.947] [Server thread/WARN] [net.minecraft.world.scores.Scoreboard/]: Requested creation of existing team 'Numerians'
[22Mar2026 23:27:31.947] [Server thread/WARN] [net.minecraft.world.scores.Scoreboard/]: Requested creation of existing team 'Burgundians'
[22Mar2026 23:27:31.947] [Server thread/WARN] [net.minecraft.world.scores.Scoreboard/]: Requested creation of existing team 'Galicians'
[22Mar2026 23:27:31.948] [Server thread/WARN] [net.minecraft.world.scores.Scoreboard/]: Requested creation of existing team 'Visgothians'
[22Mar2026 23:27:31.948] [Server thread/WARN] [net.minecraft.world.scores.Scoreboard/]: Requested creation of existing team 'Lancastians'
[22Mar2026 23:27:31.948] [Server thread/WARN] [net.minecraft.world.scores.Scoreboard/]: Requested creation of existing team 'Orleanians'
[22Mar2026 23:27:31.949] [Server thread/WARN] [net.minecraft.world.scores.Scoreboard/]: Requested creation of existing team 'Templars'
[22Mar2026 23:27:31.952] [Server thread/WARN] [net.minecraft.world.scores.Scoreboard/]: Requested creation of existing team 'Hospitallers'
[22Mar2026 23:27:31.952] [Server thread/WARN] [net.minecraft.world.scores.Scoreboard/]: Requested creation of existing team 'Barathians'
[22Mar2026 23:27:31.953] [Server thread/WARN] [net.minecraft.world.scores.Scoreboard/]: Requested creation of existing team 'Undead'
[22Mar2026 23:27:32.095] [Netty Epoll Server IO #6/INFO] [net.minecraftforge.server.ServerLifecycleHooks/SERVERHOOKS]: Disconnecting Player (server is still starting): literal{Server is still starting! Please wait before reconnecting.}
[22Mar2026 23:27:32.261] [Netty Epoll Server IO #7/INFO] [net.minecraftforge.server.ServerLifecycleHooks/SERVERHOOKS]: Disconnecting Player (server is still starting): literal{Server is still starting! Please wait before reconnecting.}
[22Mar2026 23:27:32.412] [Netty Epoll Server IO #0/INFO] [net.minecraftforge.server.ServerLifecycleHooks/SERVERHOOKS]: Disconnecting Player (server is still starting): literal{Server is still starting! Please wait before reconnecting.}
[22Mar2026 23:27:32.562] [Netty Epoll Server IO #1/INFO] [net.minecraftforge.server.ServerLifecycleHooks/SERVERHOOKS]: Disconnecting Player (server is still starting): literal{Server is still starting! Please wait before reconnecting.}
[22Mar2026 23:27:32.716] [Netty Epoll Server IO #2/INFO] [net.minecraftforge.server.ServerLifecycleHooks/SERVERHOOKS]: Disconnecting Player (server is still starting): literal{Server is still starting! Please wait before reconnecting.}
[22Mar2026 23:27:32.916] [Netty Epoll Server IO #3/INFO] [net.minecraftforge.server.ServerLifecycleHooks/SERVERHOOKS]: Disconnecting Player (server is still starting): literal{Server is still starting! Please wait before reconnecting.}
[22Mar2026 23:27:33.044] [Netty Epoll Server IO #4/INFO] [net.minecraftforge.server.ServerLifecycleHooks/SERVERHOOKS]: Disconnecting Player (server is still starting): literal{Server is still starting! Please wait before reconnecting.}
[22Mar2026 23:27:33.266] [Netty Epoll Server IO #5/INFO] [net.minecraftforge.server.ServerLifecycleHooks/SERVERHOOKS]: Disconnecting Player (server is still starting): literal{Server is still starting! Please wait before reconnecting.}
[22Mar2026 23:27:33.411] [Netty Epoll Server IO #6/INFO] [net.minecraftforge.server.ServerLifecycleHooks/SERVERHOOKS]: Disconnecting Player (server is still starting): literal{Server is still starting! Please wait before reconnecting.}
[22Mar2026 23:27:33.562] [Netty Epoll Server IO #7/INFO] [net.minecraftforge.server.ServerLifecycleHooks/SERVERHOOKS]: Disconnecting Player (server is still starting): literal{Server is still starting! Please wait before reconnecting.}
[22Mar2026 23:27:33.714] [Netty Epoll Server IO #0/INFO] [net.minecraftforge.server.ServerLifecycleHooks/SERVERHOOKS]: Disconnecting Player (server is still starting): literal{Server is still starting! Please wait before reconnecting.}
[22Mar2026 23:27:33.914] [Netty Epoll Server IO #1/INFO] [net.minecraftforge.server.ServerLifecycleHooks/SERVERHOOKS]: Disconnecting Player (server is still starting): literal{Server is still starting! Please wait before reconnecting.}
[22Mar2026 23:27:34.116] [Netty Epoll Server IO #2/INFO] [net.minecraftforge.server.ServerLifecycleHooks/SERVERHOOKS]: Disconnecting Player (server is still starting): literal{Server is still starting! Please wait before reconnecting.}
[22Mar2026 23:27:34.177] [Server thread/WARN] [net.minecraft.world.scores.Scoreboard/]: Requested creation of existing team 'Bandits'
[22Mar2026 23:27:34.180] [Server thread/WARN] [net.minecraft.world.scores.Scoreboard/]: Requested creation of existing team 'Neutral'
[22Mar2026 23:27:34.180] [Server thread/WARN] [net.minecraft.world.scores.Scoreboard/]: Requested creation of existing team 'Valarians'
[22Mar2026 23:27:34.181] [Server thread/WARN] [net.minecraft.world.scores.Scoreboard/]: Requested creation of existing team 'Bohemians'
[22Mar2026 23:27:34.182] [Server thread/WARN] [net.minecraft.world.scores.Scoreboard/]: Requested creation of existing team 'Caladrians'
[22Mar2026 23:27:34.182] [Server thread/WARN] [net.minecraft.world.scores.Scoreboard/]: Requested creation of existing team 'Numerians'
[22Mar2026 23:27:34.183] [Server thread/WARN] [net.minecraft.world.scores.Scoreboard/]: Requested creation of existing team 'Burgundians'
[22Mar2026 23:27:34.187] [Server thread/WARN] [net.minecraft.world.scores.Scoreboard/]: Requested creation of existing team 'Galicians'
[22Mar2026 23:27:34.187] [Server thread/WARN] [net.minecraft.world.scores.Scoreboard/]: Requested creation of existing team 'Visgothians'
[22Mar2026 23:27:34.187] [Server thread/WARN] [net.minecraft.world.scores.Scoreboard/]: Requested creation of existing team 'Lancastians'
[22Mar2026 23:27:34.187] [Server thread/WARN] [net.minecraft.world.scores.Scoreboard/]: Requested creation of existing team 'Orleanians'
[22Mar2026 23:27:34.187] [Server thread/WARN] [net.minecraft.world.scores.Scoreboard/]: Requested creation of existing team 'Templars'
[22Mar2026 23:27:34.187] [Server thread/WARN] [net.minecraft.world.scores.Scoreboard/]: Requested creation of existing team 'Hospitallers'
[22Mar2026 23:27:34.187] [Server thread/WARN] [net.minecraft.world.scores.Scoreboard/]: Requested creation of existing team 'Barathians'
[22Mar2026 23:27:34.187] [Server thread/WARN] [net.minecraft.world.scores.Scoreboard/]: Requested creation of existing team 'Undead'
[22Mar2026 23:27:34.207] [Server thread/INFO] [net.minecraft.server.MinecraftServer/]: Preparing start region for dimension minecraft:overworld
[22Mar2026 23:27:34.371] [Netty Epoll Server IO #3/INFO] [net.minecraftforge.server.ServerLifecycleHooks/SERVERHOOKS]: Disconnecting Player (server is still starting): literal{Server is still starting! Please wait before reconnecting.}
[22Mar2026 23:27:34.472] [Netty Epoll Server IO #4/INFO] [net.minecraftforge.server.ServerLifecycleHooks/SERVERHOOKS]: Disconnecting Player (server is still starting): literal{Server is still starting! Please wait before reconnecting.}
[22Mar2026 23:27:34.674] [Netty Epoll Server IO #5/INFO] [net.minecraftforge.server.ServerLifecycleHooks/SERVERHOOKS]: Disconnecting Player (server is still starting): literal{Server is still starting! Please wait before reconnecting.}
[22Mar2026 23:27:34.874] [Netty Epoll Server IO #6/INFO] [net.minecraftforge.server.ServerLifecycleHooks/SERVERHOOKS]: Disconnecting Player (server is still starting): literal{Server is still starting! Please wait before reconnecting.}
[22Mar2026 23:27:35.074] [Netty Epoll Server IO #7/INFO] [net.minecraftforge.server.ServerLifecycleHooks/SERVERHOOKS]: Disconnecting Player (server is still starting): literal{Server is still starting! Please wait before reconnecting.}
[22Mar2026 23:27:35.221] [Netty Epoll Server IO #0/INFO] [net.minecraftforge.server.ServerLifecycleHooks/SERVERHOOKS]: Disconnecting Player (server is still starting): literal{Server is still starting! Please wait before reconnecting.}
[22Mar2026 23:27:35.431] [Netty Epoll Server IO #1/INFO] [net.minecraftforge.server.ServerLifecycleHooks/SERVERHOOKS]: Disconnecting Player (server is still starting): literal{Server is still starting! Please wait before reconnecting.}
[22Mar2026 23:27:35.626] [Netty Epoll Server IO #2/INFO] [net.minecraftforge.server.ServerLifecycleHooks/SERVERHOOKS]: Disconnecting Player (server is still starting): literal{Server is still starting! Please wait before reconnecting.}
[22Mar2026 23:27:35.778] [Netty Epoll Server IO #3/INFO] [net.minecraftforge.server.ServerLifecycleHooks/SERVERHOOKS]: Disconnecting Player (server is still starting): literal{Server is still starting! Please wait before reconnecting.}
[22Mar2026 23:27:35.966] [Netty Epoll Server IO #4/INFO] [net.minecraftforge.server.ServerLifecycleHooks/SERVERHOOKS]: Disconnecting Player (server is still starting): literal{Server is still starting! Please wait before reconnecting.}
[22Mar2026 23:27:36.114] [Netty Epoll Server IO #5/INFO] [net.minecraftforge.server.ServerLifecycleHooks/SERVERHOOKS]: Disconnecting Player (server is still starting): literal{Server is still starting! Please wait before reconnecting.}
[22Mar2026 23:27:36.317] [Netty Epoll Server IO #6/INFO] [net.minecraftforge.server.ServerLifecycleHooks/SERVERHOOKS]: Disconnecting Player (server is still starting): literal{Server is still starting! Please wait before reconnecting.}
[22Mar2026 23:27:36.465] [Netty Epoll Server IO #7/INFO] [net.minecraftforge.server.ServerLifecycleHooks/SERVERHOOKS]: Disconnecting Player (server is still starting): literal{Server is still starting! Please wait before reconnecting.}
[22Mar2026 23:27:36.588] [Netty Epoll Server IO #0/INFO] [net.minecraftforge.server.ServerLifecycleHooks/SERVERHOOKS]: Disconnecting Player (server is still starting): literal{Server is still starting! Please wait before reconnecting.}
[22Mar2026 23:27:36.756] [Netty Epoll Server IO #1/INFO] [net.minecraftforge.server.ServerLifecycleHooks/SERVERHOOKS]: Disconnecting Player (server is still starting): literal{Server is still starting! Please wait before reconnecting.}
[22Mar2026 23:27:36.964] [Netty Epoll Server IO #2/INFO] [net.minecraftforge.server.ServerLifecycleHooks/SERVERHOOKS]: Disconnecting Player (server is still starting): literal{Server is still starting! Please wait before reconnecting.}
[22Mar2026 23:27:37.126] [Netty Epoll Server IO #3/INFO] [net.minecraftforge.server.ServerLifecycleHooks/SERVERHOOKS]: Disconnecting Player (server is still starting): literal{Server is still starting! Please wait before reconnecting.}
[22Mar2026 23:27:37.282] [Netty Epoll Server IO #4/INFO] [net.minecraftforge.server.ServerLifecycleHooks/SERVERHOOKS]: Disconnecting Player (server is still starting): literal{Server is still starting! Please wait before reconnecting.}
[22Mar2026 23:27:37.475] [Netty Epoll Server IO #5/INFO] [net.minecraftforge.server.ServerLifecycleHooks/SERVERHOOKS]: Disconnecting Player (server is still starting): literal{Server is still starting! Please wait before reconnecting.}
[22Mar2026 23:27:37.665] [Netty Epoll Server IO #6/INFO] [net.minecraftforge.server.ServerLifecycleHooks/SERVERHOOKS]: Disconnecting Player (server is still starting): literal{Server is still starting! Please wait before reconnecting.}
[22Mar2026 23:27:37.722] [Worker-Main-3/INFO] [net.minecraft.server.level.progress.LoggerChunkProgressListener/]: Preparing spawn area: 0%
[22Mar2026 23:27:37.724] [Worker-Main-1/INFO] [net.minecraft.server.level.progress.LoggerChunkProgressListener/]: Preparing spawn area: 0%
[22Mar2026 23:27:37.725] [Worker-Main-1/INFO] [net.minecraft.server.level.progress.LoggerChunkProgressListener/]: Preparing spawn area: 0%
[22Mar2026 23:27:37.725] [Worker-Main-1/INFO] [net.minecraft.server.level.progress.LoggerChunkProgressListener/]: Preparing spawn area: 0%
[22Mar2026 23:27:37.726] [Worker-Main-1/INFO] [net.minecraft.server.level.progress.LoggerChunkProgressListener/]: Preparing spawn area: 0%
[22Mar2026 23:27:37.727] [Worker-Main-3/INFO] [net.minecraft.server.level.progress.LoggerChunkProgressListener/]: Preparing spawn area: 0%
[22Mar2026 23:27:37.727] [Worker-Main-1/INFO] [net.minecraft.server.level.progress.LoggerChunkProgressListener/]: Preparing spawn area: 0%
[22Mar2026 23:27:37.728] [Worker-Main-1/INFO] [net.minecraft.server.level.progress.LoggerChunkProgressListener/]: Preparing spawn area: 0%
[22Mar2026 23:27:38.328] [Netty Epoll Server IO #0/INFO] [net.minecraftforge.server.ServerLifecycleHooks/SERVERHOOKS]: Disconnecting Player (server is still starting): literal{Server is still starting! Please wait before reconnecting.}
[22Mar2026 23:27:38.328] [Netty Epoll Server IO #7/INFO] [net.minecraftforge.server.ServerLifecycleHooks/SERVERHOOKS]: Disconnecting Player (server is still starting): literal{Server is still starting! Please wait before reconnecting.}
[22Mar2026 23:27:38.329] [Worker-Main-3/INFO] [net.minecraft.server.level.progress.LoggerChunkProgressListener/]: Preparing spawn area: 0%
[22Mar2026 23:27:38.329] [Netty Epoll Server IO #1/INFO] [net.minecraftforge.server.ServerLifecycleHooks/SERVERHOOKS]: Disconnecting Player (server is still starting): literal{Server is still starting! Please wait before reconnecting.}
[22Mar2026 23:27:38.371] [Netty Epoll Server IO #2/INFO] [net.minecraftforge.server.ServerLifecycleHooks/SERVERHOOKS]: Disconnecting Player (server is still starting): literal{Server is still starting! Please wait before reconnecting.}
[22Mar2026 23:27:38.526] [Netty Epoll Server IO #3/INFO] [net.minecraftforge.server.ServerLifecycleHooks/SERVERHOOKS]: Disconnecting Player (server is still starting): literal{Server is still starting! Please wait before reconnecting.}
[22Mar2026 23:27:38.802] [Netty Epoll Server IO #4/INFO] [net.minecraftforge.server.ServerLifecycleHooks/SERVERHOOKS]: Disconnecting Player (server is still starting): literal{Server is still starting! Please wait before reconnecting.}
[22Mar2026 23:27:38.804] [Worker-Main-3/INFO] [net.minecraft.server.level.progress.LoggerChunkProgressListener/]: Preparing spawn area: 0%
[22Mar2026 23:27:38.849] [Netty Epoll Server IO #5/INFO] [net.minecraftforge.server.ServerLifecycleHooks/SERVERHOOKS]: Disconnecting Player (server is still starting): literal{Server is still starting! Please wait before reconnecting.}
[22Mar2026 23:27:39.026] [Netty Epoll Server IO #6/INFO] [net.minecraftforge.server.ServerLifecycleHooks/SERVERHOOKS]: Disconnecting Player (server is still starting): literal{Server is still starting! Please wait before reconnecting.}
[22Mar2026 23:27:39.171] [Netty Epoll Server IO #7/INFO] [net.minecraftforge.server.ServerLifecycleHooks/SERVERHOOKS]: Disconnecting Player (server is still starting): literal{Server is still starting! Please wait before reconnecting.}
[22Mar2026 23:27:39.211] [Worker-Main-3/INFO] [net.minecraft.server.level.progress.LoggerChunkProgressListener/]: Preparing spawn area: 0%
[22Mar2026 23:27:39.371] [Netty Epoll Server IO #0/INFO] [net.minecraftforge.server.ServerLifecycleHooks/SERVERHOOKS]: Disconnecting Player (server is still starting): literal{Server is still starting! Please wait before reconnecting.}
[22Mar2026 23:27:39.665] [Netty Epoll Server IO #1/INFO] [net.minecraftforge.server.ServerLifecycleHooks/SERVERHOOKS]: Disconnecting Player (server is still starting): literal{Server is still starting! Please wait before reconnecting.}
[22Mar2026 23:27:39.712] [Worker-Main-3/INFO] [net.minecraft.server.level.progress.LoggerChunkProgressListener/]: Preparing spawn area: 1%
[22Mar2026 23:27:39.846] [Netty Epoll Server IO #2/INFO] [net.minecraftforge.server.ServerLifecycleHooks/SERVERHOOKS]: Disconnecting Player (server is still starting): literal{Server is still starting! Please wait before reconnecting.}
[22Mar2026 23:27:40.081] [Netty Epoll Server IO #3/INFO] [net.minecraftforge.server.ServerLifecycleHooks/SERVERHOOKS]: Disconnecting Player (server is still starting): literal{Server is still starting! Please wait before reconnecting.}
[22Mar2026 23:27:40.263] [Worker-Main-2/INFO] [net.minecraft.server.level.progress.LoggerChunkProgressListener/]: Preparing spawn area: 5%
[22Mar2026 23:27:40.358] [Netty Epoll Server IO #4/INFO] [net.minecraftforge.server.ServerLifecycleHooks/SERVERHOOKS]: Disconnecting Player (server is still starting): literal{Server is still starting! Please wait before reconnecting.}
[22Mar2026 23:27:40.531] [Netty Epoll Server IO #5/INFO] [net.minecraftforge.server.ServerLifecycleHooks/SERVERHOOKS]: Disconnecting Player (server is still starting): literal{Server is still starting! Please wait before reconnecting.}
[22Mar2026 23:27:40.677] [Netty Epoll Server IO #6/INFO] [net.minecraftforge.server.ServerLifecycleHooks/SERVERHOOKS]: Disconnecting Player (server is still starting): literal{Server is still starting! Please wait before reconnecting.}
[22Mar2026 23:27:40.710] [Worker-Main-2/INFO] [net.minecraft.server.level.progress.LoggerChunkProgressListener/]: Preparing spawn area: 14%
[22Mar2026 23:27:40.881] [Netty Epoll Server IO #7/INFO] [net.minecraftforge.server.ServerLifecycleHooks/SERVERHOOKS]: Disconnecting Player (server is still starting): literal{Server is still starting! Please wait before reconnecting.}
[22Mar2026 23:27:41.066] [Netty Epoll Server IO #0/INFO] [net.minecraftforge.server.ServerLifecycleHooks/SERVERHOOKS]: Disconnecting Player (server is still starting): literal{Server is still starting! Please wait before reconnecting.}
[22Mar2026 23:27:41.198] [Netty Epoll Server IO #1/INFO] [net.minecraftforge.server.ServerLifecycleHooks/SERVERHOOKS]: Disconnecting Player (server is still starting): literal{Server is still starting! Please wait before reconnecting.}
[22Mar2026 23:27:41.210] [Worker-Main-1/INFO] [net.minecraft.server.level.progress.LoggerChunkProgressListener/]: Preparing spawn area: 17%
[22Mar2026 23:27:41.429] [Netty Epoll Server IO #2/INFO] [net.minecraftforge.server.ServerLifecycleHooks/SERVERHOOKS]: Disconnecting Player (server is still starting): literal{Server is still starting! Please wait before reconnecting.}
[22Mar2026 23:27:41.573] [Netty Epoll Server IO #3/INFO] [net.minecraftforge.server.ServerLifecycleHooks/SERVERHOOKS]: Disconnecting Player (server is still starting): literal{Server is still starting! Please wait before reconnecting.}
[22Mar2026 23:27:41.701] [Netty Epoll Server IO #4/INFO] [net.minecraftforge.server.ServerLifecycleHooks/SERVERHOOKS]: Disconnecting Player (server is still starting): literal{Server is still starting! Please wait before reconnecting.}
[22Mar2026 23:27:41.710] [Worker-Main-1/INFO] [net.minecraft.server.level.progress.LoggerChunkProgressListener/]: Preparing spawn area: 46%
[22Mar2026 23:27:41.930] [Netty Epoll Server IO #5/INFO] [net.minecraftforge.server.ServerLifecycleHooks/SERVERHOOKS]: Disconnecting Player (server is still starting): literal{Server is still starting! Please wait before reconnecting.}
[22Mar2026 23:27:42.092] [Netty Epoll Server IO #6/INFO] [net.minecraftforge.server.ServerLifecycleHooks/SERVERHOOKS]: Disconnecting Player (server is still starting): literal{Server is still starting! Please wait before reconnecting.}
[22Mar2026 23:27:42.212] [Worker-Main-2/INFO] [net.minecraft.server.level.progress.LoggerChunkProgressListener/]: Preparing spawn area: 53%
[22Mar2026 23:27:42.311] [Netty Epoll Server IO #7/INFO] [net.minecraftforge.server.ServerLifecycleHooks/SERVERHOOKS]: Disconnecting Player (server is still starting): literal{Server is still starting! Please wait before reconnecting.}
[22Mar2026 23:27:42.543] [Netty Epoll Server IO #0/INFO] [net.minecraftforge.server.ServerLifecycleHooks/SERVERHOOKS]: Disconnecting Player (server is still starting): literal{Server is still starting! Please wait before reconnecting.}
[22Mar2026 23:27:42.638] [Netty Epoll Server IO #1/INFO] [net.minecraftforge.server.ServerLifecycleHooks/SERVERHOOKS]: Disconnecting Player (server is still starting): literal{Server is still starting! Please wait before reconnecting.}
[22Mar2026 23:27:42.710] [Worker-Main-2/INFO] [net.minecraft.server.level.progress.LoggerChunkProgressListener/]: Preparing spawn area: 79%
[22Mar2026 23:27:42.923] [Netty Epoll Server IO #2/INFO] [net.minecraftforge.server.ServerLifecycleHooks/SERVERHOOKS]: Disconnecting Player (server is still starting): literal{Server is still starting! Please wait before reconnecting.}
[22Mar2026 23:27:43.075] [Netty Epoll Server IO #3/INFO] [net.minecraftforge.server.ServerLifecycleHooks/SERVERHOOKS]: Disconnecting Player (server is still starting): literal{Server is still starting! Please wait before reconnecting.}
[22Mar2026 23:27:43.273] [Netty Epoll Server IO #4/INFO] [net.minecraftforge.server.ServerLifecycleHooks/SERVERHOOKS]: Disconnecting Player (server is still starting): literal{Server is still starting! Please wait before reconnecting.}
[22Mar2026 23:27:43.436] [Netty Epoll Server IO #5/INFO] [net.minecraftforge.server.ServerLifecycleHooks/SERVERHOOKS]: Disconnecting Player (server is still starting): literal{Server is still starting! Please wait before reconnecting.}
[22Mar2026 23:27:43.592] [Netty Epoll Server IO #6/INFO] [net.minecraftforge.server.ServerLifecycleHooks/SERVERHOOKS]: Disconnecting Player (server is still starting): literal{Server is still starting! Please wait before reconnecting.}
[22Mar2026 23:27:43.814] [Netty Epoll Server IO #7/INFO] [net.minecraftforge.server.ServerLifecycleHooks/SERVERHOOKS]: Disconnecting Player (server is still starting): literal{Server is still starting! Please wait before reconnecting.}
[22Mar2026 23:27:43.819] [Netty Epoll Server IO #0/INFO] [net.minecraftforge.server.ServerLifecycleHooks/SERVERHOOKS]: Disconnecting Player (server is still starting): literal{Server is still starting! Please wait before reconnecting.}
[22Mar2026 23:27:43.887] [Server thread/INFO] [net.minecraft.server.level.progress.LoggerChunkProgressListener/]: Time elapsed: 9678 ms
[22Mar2026 23:27:43.887] [Server thread/INFO] [net.minecraft.server.dedicated.DedicatedServer/]: Done (19.141s)! For help, type "help"
[22Mar2026 23:27:43.965] [Netty Epoll Server IO #1/INFO] [net.minecraftforge.server.ServerLifecycleHooks/SERVERHOOKS]: Disconnecting Player (server is still starting): literal{Server is still starting! Please wait before reconnecting.}
[22Mar2026 23:27:43.967] [Server thread/INFO] [org.berezka.berezkas_save_place.Berezkas_save_place/]: getJsonMethod
[22Mar2026 23:27:44.062] [Server thread/INFO] [net.minecraftforge.server.permission.PermissionAPI/]: Successfully initialized permission handler forge:default_handler
[22Mar2026 23:27:44.067] [Netty Epoll Server IO #2/INFO] [net.minecraftforge.server.ServerLifecycleHooks/SERVERHOOKS]: Disconnecting Player (server is still starting): literal{Server is still starting! Please wait before reconnecting.}
[22Mar2026 23:27:44.105] [Server thread/INFO] [com.technicboyman.nobz.nobabyzombies1_20_1forge.Nobabyzombies1_20_1forge/]: No Baby Zombies loaded
[22Mar2026 23:27:44.108] [Server thread/INFO] [com.hbm_m.api.energy.ServerLifecycleHandler/]: [HBM-NETWORK] Server has started, rebuilding energy networks for all dimensions...
[22Mar2026 23:27:44.109] [Netty Epoll Server IO #3/INFO] [net.minecraftforge.server.ServerLifecycleHooks/SERVERHOOKS]: Disconnecting Player (server is still starting): literal{Server is still starting! Please wait before reconnecting.}
[22Mar2026 23:27:44.111] [Server thread/INFO] [com.hbm_m.api.energy.EnergyNetworkManager/]: [NETWORK] Loading 0 nodes for dimension minecraft:overworld
[22Mar2026 23:27:44.112] [Server thread/INFO] [com.hbm_m.api.energy.EnergyNetworkManager/]: [NETWORK] Starting full network rebuild for dimension minecraft:overworld...
[22Mar2026 23:27:44.116] [Server thread/INFO] [com.hbm_m.api.energy.EnergyNetworkManager/]: [NETWORK] Pruned node list: 0 total -> 0 valid.
[22Mar2026 23:27:44.117] [Server thread/INFO] [com.hbm_m.api.energy.EnergyNetworkManager/]: [NETWORK] Rebuild completed. Found 0 networks.
[22Mar2026 23:27:44.117] [Server thread/INFO] [com.hbm_m.api.energy.EnergyNetworkManager/]: [NETWORK] Loading 0 nodes for dimension minecraft:the_nether
[22Mar2026 23:27:44.118] [Server thread/INFO] [com.hbm_m.api.energy.EnergyNetworkManager/]: [NETWORK] Starting full network rebuild for dimension minecraft:the_nether...
[22Mar2026 23:27:44.118] [Server thread/INFO] [com.hbm_m.api.energy.EnergyNetworkManager/]: [NETWORK] Pruned node list: 0 total -> 0 valid.
[22Mar2026 23:27:44.118] [Server thread/INFO] [com.hbm_m.api.energy.EnergyNetworkManager/]: [NETWORK] Rebuild completed. Found 0 networks.
[22Mar2026 23:27:44.119] [Server thread/INFO] [com.hbm_m.api.energy.EnergyNetworkManager/]: [NETWORK] Loading 0 nodes for dimension minecraft:the_end
[22Mar2026 23:27:44.119] [Server thread/INFO] [com.hbm_m.api.energy.EnergyNetworkManager/]: [NETWORK] Starting full network rebuild for dimension minecraft:the_end...
[22Mar2026 23:27:44.120] [Server thread/INFO] [com.hbm_m.api.energy.EnergyNetworkManager/]: [NETWORK] Pruned node list: 0 total -> 0 valid.
[22Mar2026 23:27:44.120] [Server thread/INFO] [com.hbm_m.api.energy.EnergyNetworkManager/]: [NETWORK] Rebuild completed. Found 0 networks.
[22Mar2026 23:27:44.121] [Server thread/INFO] [com.hbm_m.api.energy.EnergyNetworkManager/]: [NETWORK] Loading 0 nodes for dimension graveyard:past
[22Mar2026 23:27:44.121] [Server thread/INFO] [com.hbm_m.api.energy.EnergyNetworkManager/]: [NETWORK] Starting full network rebuild for dimension graveyard:past...
[22Mar2026 23:27:44.121] [Server thread/INFO] [com.hbm_m.api.energy.EnergyNetworkManager/]: [NETWORK] Pruned node list: 0 total -> 0 valid.
[22Mar2026 23:27:44.122] [Server thread/INFO] [com.hbm_m.api.energy.EnergyNetworkManager/]: [NETWORK] Rebuild completed. Found 0 networks.
[22Mar2026 23:27:44.122] [Server thread/INFO] [com.hbm_m.api.energy.EnergyNetworkManager/]: [NETWORK] Loading 0 nodes for dimension lostcities:lostcity
[22Mar2026 23:27:44.123] [Server thread/INFO] [com.hbm_m.api.energy.EnergyNetworkManager/]: [NETWORK] Starting full network rebuild for dimension lostcities:lostcity...
[22Mar2026 23:27:44.123] [Server thread/INFO] [com.hbm_m.api.energy.EnergyNetworkManager/]: [NETWORK] Pruned node list: 0 total -> 0 valid.
[22Mar2026 23:27:44.123] [Server thread/INFO] [com.hbm_m.api.energy.EnergyNetworkManager/]: [NETWORK] Rebuild completed. Found 0 networks.
[22Mar2026 23:27:44.124] [Server thread/INFO] [com.hbm_m.api.energy.ServerLifecycleHandler/]: [HBM-NETWORK] Energy network rebuild complete.
[22Mar2026 23:27:44.158] [Server thread/WARN] [Mob Control/]: WARNING: Mob ignored due to missing name
[22Mar2026 23:27:44.212] [Netty Epoll Server IO #4/INFO] [net.minecraftforge.server.ServerLifecycleHooks/SERVERHOOKS]: Disconnecting Player (server is still starting): literal{Server is still starting! Please wait before reconnecting.}
[22Mar2026 23:27:44.376] [Netty Epoll Server IO #5/INFO] [net.minecraftforge.server.ServerLifecycleHooks/SERVERHOOKS]: Disconnecting Player (server is still starting): literal{Server is still starting! Please wait before reconnecting.}
[22Mar2026 23:27:44.393] [Server thread/INFO] [net.bettercombat.logic.WeaponRegistry/]: Encoded Weapon Attribute registry size (with package overhead): 359864 bytes (in 36 string chunks with the size of 10000)
[22Mar2026 23:27:44.396] [Server thread/WARN] [voicechat/]: [voicechat] Running in offline mode - Voice chat encryption is not secure!
[22Mar2026 23:27:44.408] [VoiceChatServerThread/INFO] [voicechat/]: [voicechat] Voice chat server started at port 24454
[22Mar2026 23:27:44.562] [Netty Epoll Server IO #6/INFO] [net.minecraftforge.server.ServerLifecycleHooks/SERVERHOOKS]: Disconnecting Player (server is still starting): literal{Server is still starting! Please wait before reconnecting.}
[22Mar2026 23:27:44.762] [Server thread/WARN] [ModernFix/]: Dedicated server took 79.048 seconds to load
[22Mar2026 23:27:52.826] [Server thread/WARN] [net.minecraft.network.syncher.SynchedEntityData/]: defineId called for: class net.minecraft.world.entity.player.Player from class tschipp.carryon.common.carry.CarryOnDataManager
[22Mar2026 23:27:52.943] [Server thread/ERROR] [net.minecraft.stats.ServerRecipeBook/]: Tried to load unrecognized recipe: dtbop:infested_seed_to_biomesoplenty_dead_sapling removed now.
[22Mar2026 23:27:52.944] [Server thread/ERROR] [net.minecraft.stats.ServerRecipeBook/]: Tried to load unrecognized recipe: dynamictrees:minecraft_birch_sapling_to_birch_seed removed now.
[22Mar2026 23:27:52.944] [Server thread/ERROR] [net.minecraft.stats.ServerRecipeBook/]: Tried to load unrecognized recipe: dtbop:silk_seed_to_biomesoplenty_dead_sapling removed now.
[22Mar2026 23:27:52.945] [Server thread/ERROR] [net.minecraft.stats.ServerRecipeBook/]: Tried to load unrecognized recipe: dynamictrees:minecraft_dark_oak_sapling_to_dark_oak_seed removed now.
[22Mar2026 23:27:52.945] [Server thread/ERROR] [net.minecraft.stats.ServerRecipeBook/]: Tried to load unrecognized recipe: dynamictrees:minecraft_azalea_to_azalea_seed removed now.
[22Mar2026 23:27:52.946] [Server thread/ERROR] [net.minecraft.stats.ServerRecipeBook/]: Tried to load unrecognized recipe: dtquark:quark_ancient_fruit_to_ancient_seed removed now.
[22Mar2026 23:27:52.946] [Server thread/ERROR] [net.minecraft.stats.ServerRecipeBook/]: Tried to load unrecognized recipe: dtbop:biomesoplenty_dead_sapling_to_tall_dying_seed removed now.
[22Mar2026 23:27:52.946] [Server thread/ERROR] [net.minecraft.stats.ServerRecipeBook/]: Tried to load unrecognized recipe: dtquark:ancient_seed_to_quark_ancient_sapling removed now.
[22Mar2026 23:27:52.947] [Server thread/ERROR] [net.minecraft.stats.ServerRecipeBook/]: Tried to load unrecognized recipe: dtbop:rainbow_birch_seed_to_biomesoplenty_rainbow_birch_sapling removed now.
[22Mar2026 23:27:52.947] [Server thread/ERROR] [net.minecraft.stats.ServerRecipeBook/]: Tried to load unrecognized recipe: dynamictrees:minecraft_mangrove_propagule_to_mangrove_seed removed now.
[22Mar2026 23:27:52.947] [Server thread/ERROR] [net.minecraft.stats.ServerRecipeBook/]: Tried to load unrecognized recipe: dtbop:umbran_seed_to_biomesoplenty_umbran_sapling removed now.
[22Mar2026 23:27:52.947] [Server thread/ERROR] [net.minecraft.stats.ServerRecipeBook/]: Tried to load unrecognized recipe: dynamictrees:minecraft_cherry_sapling_to_cherry_seed removed now.
[22Mar2026 23:27:52.948] [Server thread/ERROR] [net.minecraft.stats.ServerRecipeBook/]: Tried to load unrecognized recipe: dynamictrees:crimson_seed_to_minecraft_crimson_fungus removed now.
[22Mar2026 23:27:52.948] [Server thread/ERROR] [net.minecraft.stats.ServerRecipeBook/]: Tried to load unrecognized recipe: dtbop:biomesoplenty_orange_maple_sapling_to_orange_maple_seed removed now.
[22Mar2026 23:27:52.948] [Server thread/ERROR] [net.minecraft.stats.ServerRecipeBook/]: Tried to load unrecognized recipe: dynamictrees:warped_seed_to_minecraft_warped_fungus removed now.
[22Mar2026 23:27:52.948] [Server thread/ERROR] [net.minecraft.stats.ServerRecipeBook/]: Tried to load unrecognized recipe: dtquark:serene_blossom_seed_to_quark_lavender_blossom_sapling removed now.
[22Mar2026 23:27:52.948] [Server thread/ERROR] [net.minecraft.stats.ServerRecipeBook/]: Tried to load unrecognized recipe: dtquark:quark_ancient_sapling_to_ancient_seed removed now.
[22Mar2026 23:27:52.949] [Server thread/ERROR] [net.minecraft.stats.ServerRecipeBook/]: Tried to load unrecognized recipe: dynamictrees:minecraft_apple_to_apple_oak_seed removed now.
[22Mar2026 23:27:52.949] [Server thread/ERROR] [net.minecraft.stats.ServerRecipeBook/]: Tried to load unrecognized recipe: dtquark:quark_lavender_blossom_sapling_to_serene_blossom_seed removed now.
[22Mar2026 23:27:52.949] [Server thread/ERROR] [net.minecraft.stats.ServerRecipeBook/]: Tried to load unrecognized recipe: dtquark:quark_yellow_blossom_sapling_to_sunny_blossom_seed removed now.
[22Mar2026 23:27:52.949] [Server thread/ERROR] [net.minecraft.stats.ServerRecipeBook/]: Tried to load unrecognized recipe: dtbop:biomesoplenty_dead_sapling_to_silk_seed removed now.
[22Mar2026 23:27:52.949] [Server thread/ERROR] [net.minecraft.stats.ServerRecipeBook/]: Tried to load unrecognized recipe: dtbop:small_redwood_seed_to_biomesoplenty_redwood_sapling removed now.
[22Mar2026 23:27:52.949] [Server thread/ERROR] [net.minecraft.stats.ServerRecipeBook/]: Tried to load unrecognized recipe: dtbop:mahogany_seed_to_biomesoplenty_mahogany_sapling removed now.
[22Mar2026 23:27:52.950] [Server thread/ERROR] [net.minecraft.stats.ServerRecipeBook/]: Tried to load unrecognized recipe: dtbop:biomesoplenty_red_maple_sapling_to_red_maple_seed removed now.
[22Mar2026 23:27:52.950] [Server thread/ERROR] [net.minecraft.stats.ServerRecipeBook/]: Tried to load unrecognized recipe: dtbop:red_maple_seed_to_biomesoplenty_red_maple_sapling removed now.
[22Mar2026 23:27:52.950] [Server thread/ERROR] [net.minecraft.stats.ServerRecipeBook/]: Tried to load unrecognized recipe: dynamictrees:acacia_seed_to_minecraft_acacia_sapling removed now.
[22Mar2026 23:27:52.950] [Server thread/ERROR] [net.minecraft.stats.ServerRecipeBook/]: Tried to load unrecognized recipe: dtbop:biomesoplenty_jacaranda_sapling_to_jacaranda_seed removed now.
[22Mar2026 23:27:52.950] [Server thread/ERROR] [net.minecraft.stats.ServerRecipeBook/]: Tried to load unrecognized recipe: dynamictrees:spruce_seed_to_minecraft_spruce_sapling removed now.
[22Mar2026 23:27:52.951] [Server thread/ERROR] [net.minecraft.stats.ServerRecipeBook/]: Tried to load unrecognized recipe: dtbop:fir_seed_to_biomesoplenty_fir_sapling removed now.
[22Mar2026 23:27:52.951] [Server thread/ERROR] [net.minecraft.stats.ServerRecipeBook/]: Tried to load unrecognized recipe: dtbop:jacaranda_seed_to_biomesoplenty_jacaranda_sapling removed now.
[22Mar2026 23:27:52.951] [Server thread/ERROR] [net.minecraft.stats.ServerRecipeBook/]: Tried to load unrecognized recipe: dtbop:tall_dying_seed_to_biomesoplenty_dead_sapling removed now.
[22Mar2026 23:27:52.951] [Server thread/ERROR] [net.minecraft.stats.ServerRecipeBook/]: Tried to load unrecognized recipe: dtbop:biomesoplenty_magic_sapling_to_magic_poplar_seed removed now.
[22Mar2026 23:27:52.951] [Server thread/ERROR] [net.minecraft.stats.ServerRecipeBook/]: Tried to load unrecognized recipe: dynamictrees:minecraft_warped_fungus_to_warped_seed removed now.
[22Mar2026 23:27:52.952] [Server thread/ERROR] [net.minecraft.stats.ServerRecipeBook/]: Tried to load unrecognized recipe: dtbop:biomesoplenty_dead_sapling_to_dying_seed removed now.
[22Mar2026 23:27:52.952] [Server thread/ERROR] [net.minecraft.stats.ServerRecipeBook/]: Tried to load unrecognized recipe: dtbop:orange_maple_seed_to_biomesoplenty_orange_maple_sapling removed now.
[22Mar2026 23:27:52.953] [Server thread/ERROR] [net.minecraft.stats.ServerRecipeBook/]: Tried to load unrecognized recipe: dtbop:biomesoplenty_willow_sapling_to_willow_seed removed now.
[22Mar2026 23:27:52.953] [Server thread/ERROR] [net.minecraft.stats.ServerRecipeBook/]: Tried to load unrecognized recipe: dynamictrees:minecraft_flowering_azalea_to_azalea_seed removed now.
[22Mar2026 23:27:52.953] [Server thread/ERROR] [net.minecraft.stats.ServerRecipeBook/]: Tried to load unrecognized recipe: dynamictrees:minecraft_oak_sapling_to_oak_seed removed now.
[22Mar2026 23:27:52.954] [Server thread/ERROR] [net.minecraft.stats.ServerRecipeBook/]: Tried to load unrecognized recipe: dynamictrees:jungle_seed_to_minecraft_jungle_sapling removed now.
[22Mar2026 23:27:52.954] [Server thread/ERROR] [net.minecraft.stats.ServerRecipeBook/]: Tried to load unrecognized recipe: dtquark:fiery_blossom_seed_to_quark_red_blossom_sapling removed now.
[22Mar2026 23:27:52.954] [Server thread/ERROR] [net.minecraft.stats.ServerRecipeBook/]: Tried to load unrecognized recipe: dtquark:frosty_blossom_seed_to_quark_blue_blossom_sapling removed now.
[22Mar2026 23:27:52.954] [Server thread/ERROR] [net.minecraft.stats.ServerRecipeBook/]: Tried to load unrecognized recipe: dtbop:biomesoplenty_mahogany_sapling_to_mahogany_seed removed now.
[22Mar2026 23:27:52.955] [Server thread/ERROR] [net.minecraft.stats.ServerRecipeBook/]: Tried to load unrecognized recipe: dtbop:biomesoplenty_hellbark_sapling_to_hellbark_bush_seed removed now.
[22Mar2026 23:27:52.955] [Server thread/ERROR] [net.minecraft.stats.ServerRecipeBook/]: Tried to load unrecognized recipe: dtbop:palm_seed_to_biomesoplenty_palm_sapling removed now.
[22Mar2026 23:27:52.955] [Server thread/ERROR] [net.minecraft.stats.ServerRecipeBook/]: Tried to load unrecognized recipe: dynamictrees:cherry_seed_to_minecraft_cherry_sapling removed now.
[22Mar2026 23:27:52.955] [Server thread/ERROR] [net.minecraft.stats.ServerRecipeBook/]: Tried to load unrecognized recipe: dtbop:flowering_oak_seed_to_biomesoplenty_flowering_oak_sapling removed now.
[22Mar2026 23:27:52.955] [Server thread/ERROR] [net.minecraft.stats.ServerRecipeBook/]: Tried to load unrecognized recipe: dynamictrees:minecraft_jungle_sapling_to_jungle_seed removed now.
[22Mar2026 23:27:52.955] [Server thread/ERROR] [net.minecraft.stats.ServerRecipeBook/]: Tried to load unrecognized recipe: dtquark:sunny_blossom_seed_to_quark_yellow_blossom_sapling removed now.
[22Mar2026 23:27:52.956] [Server thread/ERROR] [net.minecraft.stats.ServerRecipeBook/]: Tried to load unrecognized recipe: dtbop:magic_poplar_seed_to_biomesoplenty_magic_sapling removed now.
[22Mar2026 23:27:52.956] [Server thread/ERROR] [net.minecraft.stats.ServerRecipeBook/]: Tried to load unrecognized recipe: dtbop:biomesoplenty_palm_sapling_to_palm_seed removed now.
[22Mar2026 23:27:52.956] [Server thread/ERROR] [net.minecraft.stats.ServerRecipeBook/]: Tried to load unrecognized recipe: dtbop:snowblossom_seed_to_biomesoplenty_snowblossom_sapling removed now.
[22Mar2026 23:27:52.956] [Server thread/ERROR] [net.minecraft.stats.ServerRecipeBook/]: Tried to load unrecognized recipe: dtbop:biomesoplenty_yellow_maple_sapling_to_yellow_maple_seed removed now.
[22Mar2026 23:27:52.956] [Server thread/ERROR] [net.minecraft.stats.ServerRecipeBook/]: Tried to load unrecognized recipe: dynamictrees:minecraft_spruce_sapling_to_spruce_seed removed now.
[22Mar2026 23:27:52.956] [Server thread/ERROR] [net.minecraft.stats.ServerRecipeBook/]: Tried to load unrecognized recipe: dynamictrees:azalea_seed_to_minecraft_azalea removed now.
[22Mar2026 23:27:52.957] [Server thread/ERROR] [net.minecraft.stats.ServerRecipeBook/]: Tried to load unrecognized recipe: dtquark:warm_blossom_seed_to_quark_orange_blossom_sapling removed now.
[22Mar2026 23:27:52.957] [Server thread/ERROR] [net.minecraft.stats.ServerRecipeBook/]: Tried to load unrecognized recipe: dtbop:biomesoplenty_redwood_sapling_to_small_redwood_seed removed now.
[22Mar2026 23:27:52.957] [Server thread/ERROR] [net.minecraft.stats.ServerRecipeBook/]: Tried to load unrecognized recipe: dynamictrees:oak_seed_to_minecraft_oak_sapling removed now.
[22Mar2026 23:27:52.957] [Server thread/ERROR] [net.minecraft.stats.ServerRecipeBook/]: Tried to load unrecognized recipe: dtbop:dying_seed_to_biomesoplenty_dead_sapling removed now.
[22Mar2026 23:27:52.958] [Server thread/ERROR] [net.minecraft.stats.ServerRecipeBook/]: Tried to load unrecognized recipe: dtbop:biomesoplenty_pine_sapling_to_pine_seed removed now.
[22Mar2026 23:27:52.958] [Server thread/ERROR] [net.minecraft.stats.ServerRecipeBook/]: Tried to load unrecognized recipe: dtbop:hellbark_bush_seed_to_biomesoplenty_hellbark_sapling removed now.
[22Mar2026 23:27:52.958] [Server thread/ERROR] [net.minecraft.stats.ServerRecipeBook/]: Tried to load unrecognized recipe: dynamictrees:dark_oak_seed_to_minecraft_dark_oak_sapling removed now.
[22Mar2026 23:27:52.958] [Server thread/ERROR] [net.minecraft.stats.ServerRecipeBook/]: Tried to load unrecognized recipe: dtbop:willow_seed_to_biomesoplenty_willow_sapling removed now.
[22Mar2026 23:27:52.958] [Server thread/ERROR] [net.minecraft.stats.ServerRecipeBook/]: Tried to load unrecognized recipe: dtbop:biomesoplenty_flowering_oak_sapling_to_flowering_oak_seed removed now.
[22Mar2026 23:27:52.959] [Server thread/ERROR] [net.minecraft.stats.ServerRecipeBook/]: Tried to load unrecognized recipe: dtquark:quark_red_blossom_sapling_to_fiery_blossom_seed removed now.
[22Mar2026 23:27:52.959] [Server thread/ERROR] [net.minecraft.stats.ServerRecipeBook/]: Tried to load unrecognized recipe: dynamictrees:minecraft_crimson_fungus_to_crimson_seed removed now.
[22Mar2026 23:27:52.959] [Server thread/ERROR] [net.minecraft.stats.ServerRecipeBook/]: Tried to load unrecognized recipe: dynamictrees:mangrove_seed_to_minecraft_mangrove_propagule removed now.
[22Mar2026 23:27:52.959] [Server thread/ERROR] [net.minecraft.stats.ServerRecipeBook/]: Tried to load unrecognized recipe: dynamictrees:minecraft_acacia_sapling_to_acacia_seed removed now.
[22Mar2026 23:27:52.959] [Server thread/ERROR] [net.minecraft.stats.ServerRecipeBook/]: Tried to load unrecognized recipe: dtbop:biomesoplenty_rainbow_birch_sapling_to_rainbow_birch_seed removed now.
[22Mar2026 23:27:52.960] [Server thread/ERROR] [net.minecraft.stats.ServerRecipeBook/]: Tried to load unrecognized recipe: dtbop:biomesoplenty_snowblossom_sapling_to_snowblossom_seed removed now.
[22Mar2026 23:27:52.960] [Server thread/ERROR] [net.minecraft.stats.ServerRecipeBook/]: Tried to load unrecognized recipe: dtquark:quark_orange_blossom_sapling_to_warm_blossom_seed removed now.
[22Mar2026 23:27:52.960] [Server thread/ERROR] [net.minecraft.stats.ServerRecipeBook/]: Tried to load unrecognized recipe: dtbop:pine_seed_to_biomesoplenty_pine_sapling removed now.
[22Mar2026 23:27:52.961] [Server thread/ERROR] [net.minecraft.stats.ServerRecipeBook/]: Tried to load unrecognized recipe: dynamictrees:birch_seed_to_minecraft_birch_sapling removed now.
[22Mar2026 23:27:52.961] [Server thread/ERROR] [net.minecraft.stats.ServerRecipeBook/]: Tried to load unrecognized recipe: dynamictrees:azalea_seed_to_minecraft_flowering_azalea removed now.
[22Mar2026 23:27:52.961] [Server thread/ERROR] [net.minecraft.stats.ServerRecipeBook/]: Tried to load unrecognized recipe: dtbop:biomesoplenty_dead_sapling_to_infested_seed removed now.
[22Mar2026 23:27:52.961] [Server thread/ERROR] [net.minecraft.stats.ServerRecipeBook/]: Tried to load unrecognized recipe: dtbop:yellow_maple_seed_to_biomesoplenty_yellow_maple_sapling removed now.
[22Mar2026 23:27:52.962] [Server thread/ERROR] [net.minecraft.stats.ServerRecipeBook/]: Tried to load unrecognized recipe: dtbop:biomesoplenty_umbran_sapling_to_umbran_seed removed now.
[22Mar2026 23:27:52.962] [Server thread/ERROR] [net.minecraft.stats.ServerRecipeBook/]: Tried to load unrecognized recipe: dtquark:quark_blue_blossom_sapling_to_frosty_blossom_seed removed now.
[22Mar2026 23:27:52.962] [Server thread/ERROR] [net.minecraft.stats.ServerRecipeBook/]: Tried to load unrecognized recipe: dtbop:biomesoplenty_fir_sapling_to_fir_seed removed now.
[22Mar2026 23:27:52.963] [Server thread/ERROR] [net.minecraft.stats.ServerRecipeBook/]: Tried to load unrecognized recipe: dynamictrees:jungle_seed_to_minecraft_jungle_sapling removed now.
[22Mar2026 23:27:52.964] [Server thread/ERROR] [net.minecraft.stats.ServerRecipeBook/]: Tried to load unrecognized recipe: dtquark:fiery_blossom_seed_to_quark_red_blossom_sapling removed now.
[22Mar2026 23:27:52.964] [Server thread/ERROR] [net.minecraft.stats.ServerRecipeBook/]: Tried to load unrecognized recipe: dtbop:infested_seed_to_biomesoplenty_dead_sapling removed now.
[22Mar2026 23:27:52.964] [Server thread/ERROR] [net.minecraft.stats.ServerRecipeBook/]: Tried to load unrecognized recipe: dynamictrees:minecraft_birch_sapling_to_birch_seed removed now.
[22Mar2026 23:27:52.965] [Server thread/ERROR] [net.minecraft.stats.ServerRecipeBook/]: Tried to load unrecognized recipe: dtquark:frosty_blossom_seed_to_quark_blue_blossom_sapling removed now.
[22Mar2026 23:27:52.965] [Server thread/ERROR] [net.minecraft.stats.ServerRecipeBook/]: Tried to load unrecognized recipe: dtbop:biomesoplenty_mahogany_sapling_to_mahogany_seed removed now.
[22Mar2026 23:27:52.966] [Server thread/ERROR] [net.minecraft.stats.ServerRecipeBook/]: Tried to load unrecognized recipe: dtbop:silk_seed_to_biomesoplenty_dead_sapling removed now.
[22Mar2026 23:27:52.966] [Server thread/ERROR] [net.minecraft.stats.ServerRecipeBook/]: Tried to load unrecognized recipe: dynamictrees:minecraft_dark_oak_sapling_to_dark_oak_seed removed now.
[22Mar2026 23:27:52.967] [Server thread/ERROR] [net.minecraft.stats.ServerRecipeBook/]: Tried to load unrecognized recipe: dtbop:biomesoplenty_hellbark_sapling_to_hellbark_bush_seed removed now.
[22Mar2026 23:27:52.967] [Server thread/ERROR] [net.minecraft.stats.ServerRecipeBook/]: Tried to load unrecognized recipe: dtbop:palm_seed_to_biomesoplenty_palm_sapling removed now.
[22Mar2026 23:27:52.967] [Server thread/ERROR] [net.minecraft.stats.ServerRecipeBook/]: Tried to load unrecognized recipe: dynamictrees:cherry_seed_to_minecraft_cherry_sapling removed now.
[22Mar2026 23:27:52.967] [Server thread/ERROR] [net.minecraft.stats.ServerRecipeBook/]: Tried to load unrecognized recipe: dynamictrees:minecraft_azalea_to_azalea_seed removed now.
[22Mar2026 23:27:52.968] [Server thread/ERROR] [net.minecraft.stats.ServerRecipeBook/]: Tried to load unrecognized recipe: dtbop:flowering_oak_seed_to_biomesoplenty_flowering_oak_sapling removed now.
[22Mar2026 23:27:52.968] [Server thread/ERROR] [net.minecraft.stats.ServerRecipeBook/]: Tried to load unrecognized recipe: dynamictrees:minecraft_jungle_sapling_to_jungle_seed removed now.
[22Mar2026 23:27:52.968] [Server thread/ERROR] [net.minecraft.stats.ServerRecipeBook/]: Tried to load unrecognized recipe: dtquark:sunny_blossom_seed_to_quark_yellow_blossom_sapling removed now.
[22Mar2026 23:27:52.968] [Server thread/ERROR] [net.minecraft.stats.ServerRecipeBook/]: Tried to load unrecognized recipe: dtquark:quark_ancient_fruit_to_ancient_seed removed now.
[22Mar2026 23:27:52.968] [Server thread/ERROR] [net.minecraft.stats.ServerRecipeBook/]: Tried to load unrecognized recipe: dtbop:biomesoplenty_dead_sapling_to_tall_dying_seed removed now.
[22Mar2026 23:27:52.969] [Server thread/ERROR] [net.minecraft.stats.ServerRecipeBook/]: Tried to load unrecognized recipe: dtquark:ancient_seed_to_quark_ancient_sapling removed now.
[22Mar2026 23:27:52.969] [Server thread/ERROR] [net.minecraft.stats.ServerRecipeBook/]: Tried to load unrecognized recipe: dtbop:magic_poplar_seed_to_biomesoplenty_magic_sapling removed now.
[22Mar2026 23:27:52.969] [Server thread/ERROR] [net.minecraft.stats.ServerRecipeBook/]: Tried to load unrecognized recipe: dtbop:biomesoplenty_palm_sapling_to_palm_seed removed now.
[22Mar2026 23:27:52.969] [Server thread/ERROR] [net.minecraft.stats.ServerRecipeBook/]: Tried to load unrecognized recipe: dtbop:snowblossom_seed_to_biomesoplenty_snowblossom_sapling removed now.
[22Mar2026 23:27:52.969] [Server thread/ERROR] [net.minecraft.stats.ServerRecipeBook/]: Tried to load unrecognized recipe: dtbop:biomesoplenty_yellow_maple_sapling_to_yellow_maple_seed removed now.
[22Mar2026 23:27:52.969] [Server thread/ERROR] [net.minecraft.stats.ServerRecipeBook/]: Tried to load unrecognized recipe: dtbop:rainbow_birch_seed_to_biomesoplenty_rainbow_birch_sapling removed now.
[22Mar2026 23:27:52.970] [Server thread/ERROR] [net.minecraft.stats.ServerRecipeBook/]: Tried to load unrecognized recipe: dynamictrees:minecraft_spruce_sapling_to_spruce_seed removed now.
[22Mar2026 23:27:52.970] [Server thread/ERROR] [net.minecraft.stats.ServerRecipeBook/]: Tried to load unrecognized recipe: dynamictrees:minecraft_mangrove_propagule_to_mangrove_seed removed now.
[22Mar2026 23:27:52.970] [Server thread/ERROR] [net.minecraft.stats.ServerRecipeBook/]: Tried to load unrecognized recipe: dtbop:umbran_seed_to_biomesoplenty_umbran_sapling removed now.
[22Mar2026 23:27:52.970] [Server thread/ERROR] [net.minecraft.stats.ServerRecipeBook/]: Tried to load unrecognized recipe: dynamictrees:azalea_seed_to_minecraft_azalea removed now.
[22Mar2026 23:27:52.971] [Server thread/ERROR] [net.minecraft.stats.ServerRecipeBook/]: Tried to load unrecognized recipe: dynamictrees:minecraft_cherry_sapling_to_cherry_seed removed now.
[22Mar2026 23:27:52.971] [Server thread/ERROR] [net.minecraft.stats.ServerRecipeBook/]: Tried to load unrecognized recipe: dynamictrees:crimson_seed_to_minecraft_crimson_fungus removed now.
[22Mar2026 23:27:52.971] [Server thread/ERROR] [net.minecraft.stats.ServerRecipeBook/]: Tried to load unrecognized recipe: dtquark:warm_blossom_seed_to_quark_orange_blossom_sapling removed now.
[22Mar2026 23:27:52.971] [Server thread/ERROR] [net.minecraft.stats.ServerRecipeBook/]: Tried to load unrecognized recipe: dtbop:biomesoplenty_orange_maple_sapling_to_orange_maple_seed removed now.
[22Mar2026 23:27:52.972] [Server thread/ERROR] [net.minecraft.stats.ServerRecipeBook/]: Tried to load unrecognized recipe: dtbop:biomesoplenty_redwood_sapling_to_small_redwood_seed removed now.
[22Mar2026 23:27:52.972] [Server thread/ERROR] [net.minecraft.stats.ServerRecipeBook/]: Tried to load unrecognized recipe: dynamictrees:warped_seed_to_minecraft_warped_fungus removed now.
[22Mar2026 23:27:52.972] [Server thread/ERROR] [net.minecraft.stats.ServerRecipeBook/]: Tried to load unrecognized recipe: dtquark:serene_blossom_seed_to_quark_lavender_blossom_sapling removed now.
[22Mar2026 23:27:52.972] [Server thread/ERROR] [net.minecraft.stats.ServerRecipeBook/]: Tried to load unrecognized recipe: dtquark:quark_ancient_sapling_to_ancient_seed removed now.
[22Mar2026 23:27:52.972] [Server thread/ERROR] [net.minecraft.stats.ServerRecipeBook/]: Tried to load unrecognized recipe: dynamictrees:oak_seed_to_minecraft_oak_sapling removed now.
[22Mar2026 23:27:52.973] [Server thread/ERROR] [net.minecraft.stats.ServerRecipeBook/]: Tried to load unrecognized recipe: dynamictrees:minecraft_apple_to_apple_oak_seed removed now.
[22Mar2026 23:27:52.973] [Server thread/ERROR] [net.minecraft.stats.ServerRecipeBook/]: Tried to load unrecognized recipe: dtbop:dying_seed_to_biomesoplenty_dead_sapling removed now.
[22Mar2026 23:27:52.973] [Server thread/ERROR] [net.minecraft.stats.ServerRecipeBook/]: Tried to load unrecognized recipe: dtquark:quark_lavender_blossom_sapling_to_serene_blossom_seed removed now.
[22Mar2026 23:27:52.973] [Server thread/ERROR] [net.minecraft.stats.ServerRecipeBook/]: Tried to load unrecognized recipe: dtquark:quark_yellow_blossom_sapling_to_sunny_blossom_seed removed now.
[22Mar2026 23:27:52.974] [Server thread/ERROR] [net.minecraft.stats.ServerRecipeBook/]: Tried to load unrecognized recipe: dtbop:biomesoplenty_dead_sapling_to_silk_seed removed now.
[22Mar2026 23:27:52.974] [Server thread/ERROR] [net.minecraft.stats.ServerRecipeBook/]: Tried to load unrecognized recipe: dtbop:biomesoplenty_pine_sapling_to_pine_seed removed now.
[22Mar2026 23:27:52.974] [Server thread/ERROR] [net.minecraft.stats.ServerRecipeBook/]: Tried to load unrecognized recipe: dtbop:hellbark_bush_seed_to_biomesoplenty_hellbark_sapling removed now.
[22Mar2026 23:27:52.974] [Server thread/ERROR] [net.minecraft.stats.ServerRecipeBook/]: Tried to load unrecognized recipe: dynamictrees:dark_oak_seed_to_minecraft_dark_oak_sapling removed now.
[22Mar2026 23:27:52.974] [Server thread/ERROR] [net.minecraft.stats.ServerRecipeBook/]: Tried to load unrecognized recipe: dtbop:small_redwood_seed_to_biomesoplenty_redwood_sapling removed now.
[22Mar2026 23:27:52.975] [Server thread/ERROR] [net.minecraft.stats.ServerRecipeBook/]: Tried to load unrecognized recipe: dtbop:mahogany_seed_to_biomesoplenty_mahogany_sapling removed now.
[22Mar2026 23:27:52.975] [Server thread/ERROR] [net.minecraft.stats.ServerRecipeBook/]: Tried to load unrecognized recipe: dtbop:willow_seed_to_biomesoplenty_willow_sapling removed now.
[22Mar2026 23:27:52.975] [Server thread/ERROR] [net.minecraft.stats.ServerRecipeBook/]: Tried to load unrecognized recipe: dtbop:biomesoplenty_red_maple_sapling_to_red_maple_seed removed now.
[22Mar2026 23:27:52.976] [Server thread/ERROR] [net.minecraft.stats.ServerRecipeBook/]: Tried to load unrecognized recipe: dtbop:red_maple_seed_to_biomesoplenty_red_maple_sapling removed now.
[22Mar2026 23:27:52.976] [Server thread/ERROR] [net.minecraft.stats.ServerRecipeBook/]: Tried to load unrecognized recipe: dtbop:biomesoplenty_flowering_oak_sapling_to_flowering_oak_seed removed now.
[22Mar2026 23:27:52.976] [Server thread/ERROR] [net.minecraft.stats.ServerRecipeBook/]: Tried to load unrecognized recipe: dtquark:quark_red_blossom_sapling_to_fiery_blossom_seed removed now.
[22Mar2026 23:27:52.976] [Server thread/ERROR] [net.minecraft.stats.ServerRecipeBook/]: Tried to load unrecognized recipe: dynamictrees:acacia_seed_to_minecraft_acacia_sapling removed now.
[22Mar2026 23:27:52.976] [Server thread/ERROR] [net.minecraft.stats.ServerRecipeBook/]: Tried to load unrecognized recipe: dtbop:biomesoplenty_jacaranda_sapling_to_jacaranda_seed removed now.
[22Mar2026 23:27:52.977] [Server thread/ERROR] [net.minecraft.stats.ServerRecipeBook/]: Tried to load unrecognized recipe: dynamictrees:minecraft_crimson_fungus_to_crimson_seed removed now.
[22Mar2026 23:27:52.977] [Server thread/ERROR] [net.minecraft.stats.ServerRecipeBook/]: Tried to load unrecognized recipe: dynamictrees:mangrove_seed_to_minecraft_mangrove_propagule removed now.
[22Mar2026 23:27:52.977] [Server thread/ERROR] [net.minecraft.stats.ServerRecipeBook/]: Tried to load unrecognized recipe: dynamictrees:minecraft_acacia_sapling_to_acacia_seed removed now.
[22Mar2026 23:27:52.977] [Server thread/ERROR] [net.minecraft.stats.ServerRecipeBook/]: Tried to load unrecognized recipe: dynamictrees:spruce_seed_to_minecraft_spruce_sapling removed now.
[22Mar2026 23:27:52.977] [Server thread/ERROR] [net.minecraft.stats.ServerRecipeBook/]: Tried to load unrecognized recipe: dtbop:fir_seed_to_biomesoplenty_fir_sapling removed now.
[22Mar2026 23:27:52.978] [Server thread/ERROR] [net.minecraft.stats.ServerRecipeBook/]: Tried to load unrecognized recipe: dtbop:jacaranda_seed_to_biomesoplenty_jacaranda_sapling removed now.
[22Mar2026 23:27:52.978] [Server thread/ERROR] [net.minecraft.stats.ServerRecipeBook/]: Tried to load unrecognized recipe: dtbop:tall_dying_seed_to_biomesoplenty_dead_sapling removed now.
[22Mar2026 23:27:52.978] [Server thread/ERROR] [net.minecraft.stats.ServerRecipeBook/]: Tried to load unrecognized recipe: dtbop:biomesoplenty_magic_sapling_to_magic_poplar_seed removed now.
[22Mar2026 23:27:52.979] [Server thread/ERROR] [net.minecraft.stats.ServerRecipeBook/]: Tried to load unrecognized recipe: dtbop:biomesoplenty_rainbow_birch_sapling_to_rainbow_birch_seed removed now.
[22Mar2026 23:27:52.979] [Server thread/ERROR] [net.minecraft.stats.ServerRecipeBook/]: Tried to load unrecognized recipe: dynamictrees:minecraft_warped_fungus_to_warped_seed removed now.
[22Mar2026 23:27:52.979] [Server thread/ERROR] [net.minecraft.stats.ServerRecipeBook/]: Tried to load unrecognized recipe: dtbop:biomesoplenty_dead_sapling_to_dying_seed removed now.
[22Mar2026 23:27:52.979] [Server thread/ERROR] [net.minecraft.stats.ServerRecipeBook/]: Tried to load unrecognized recipe: dtbop:biomesoplenty_snowblossom_sapling_to_snowblossom_seed removed now.
[22Mar2026 23:27:52.980] [Server thread/ERROR] [net.minecraft.stats.ServerRecipeBook/]: Tried to load unrecognized recipe: dtbop:orange_maple_seed_to_biomesoplenty_orange_maple_sapling removed now.
[22Mar2026 23:27:52.980] [Server thread/ERROR] [net.minecraft.stats.ServerRecipeBook/]: Tried to load unrecognized recipe: dtquark:quark_orange_blossom_sapling_to_warm_blossom_seed removed now.
[22Mar2026 23:27:52.980] [Server thread/ERROR] [net.minecraft.stats.ServerRecipeBook/]: Tried to load unrecognized recipe: dtbop:pine_seed_to_biomesoplenty_pine_sapling removed now.
[22Mar2026 23:27:52.981] [Server thread/ERROR] [net.minecraft.stats.ServerRecipeBook/]: Tried to load unrecognized recipe: dynamictrees:birch_seed_to_minecraft_birch_sapling removed now.
[22Mar2026 23:27:52.981] [Server thread/ERROR] [net.minecraft.stats.ServerRecipeBook/]: Tried to load unrecognized recipe: dynamictrees:azalea_seed_to_minecraft_flowering_azalea removed now.
[22Mar2026 23:27:52.981] [Server thread/ERROR] [net.minecraft.stats.ServerRecipeBook/]: Tried to load unrecognized recipe: dtbop:biomesoplenty_dead_sapling_to_infested_seed removed now.
[22Mar2026 23:27:52.982] [Server thread/ERROR] [net.minecraft.stats.ServerRecipeBook/]: Tried to load unrecognized recipe: dtbop:biomesoplenty_willow_sapling_to_willow_seed removed now.
[22Mar2026 23:27:52.982] [Server thread/ERROR] [net.minecraft.stats.ServerRecipeBook/]: Tried to load unrecognized recipe: dtbop:yellow_maple_seed_to_biomesoplenty_yellow_maple_sapling removed now.
[22Mar2026 23:27:52.982] [Server thread/ERROR] [net.minecraft.stats.ServerRecipeBook/]: Tried to load unrecognized recipe: dynamictrees:minecraft_flowering_azalea_to_azalea_seed removed now.
[22Mar2026 23:27:52.982] [Server thread/ERROR] [net.minecraft.stats.ServerRecipeBook/]: Tried to load unrecognized recipe: dtbop:biomesoplenty_umbran_sapling_to_umbran_seed removed now.
[22Mar2026 23:27:52.982] [Server thread/ERROR] [net.minecraft.stats.ServerRecipeBook/]: Tried to load unrecognized recipe: dtquark:quark_blue_blossom_sapling_to_frosty_blossom_seed removed now.
[22Mar2026 23:27:52.983] [Server thread/ERROR] [net.minecraft.stats.ServerRecipeBook/]: Tried to load unrecognized recipe: dynamictrees:minecraft_oak_sapling_to_oak_seed removed now.
[22Mar2026 23:27:52.983] [Server thread/ERROR] [net.minecraft.stats.ServerRecipeBook/]: Tried to load unrecognized recipe: dtbop:biomesoplenty_fir_sapling_to_fir_seed removed now.
[22Mar2026 23:27:52.988] [Server thread/INFO] [net.minecraft.server.players.PlayerList/]: Kekin[/127.68.214.94:40671] logged in with entity id 807 at (875.50625289312, 14.0, 126.30000001192093)
[22Mar2026 23:27:53.049] [Server thread/INFO] [ModernFix/]: Using enhanced recipe sync for player Kekin
[22Mar2026 23:27:53.074] [Server thread/INFO] [net.minecraft.server.MinecraftServer/]: Kekin joined the game
[22Mar2026 23:27:53.141] [Server thread/INFO] [dev.corgitaco.enhancedcelestials.EnhancedCelestials/]: Possible lunar events for dimension "minecraft:overworld" are [enhancedcelestials:super_harvest_moon, enhancedcelestials:super_blue_moon, enhancedcelestials:blue_moon, enhancedcelestials:super_blood_moon, enhancedcelestials:super_moon, enhancedcelestials:harvest_moon, enhancedcelestials:blood_moon].
[22Mar2026 23:27:53.207] [Server thread/WARN] [net.minecraft.world.scores.Scoreboard/]: Requested creation of existing team 'pillagers'
[22Mar2026 23:27:53.207] [Server thread/WARN] [net.minecraft.world.scores.Scoreboard/]: Requested creation of existing team 'villagers'
[22Mar2026 23:27:53.210] [Server thread/INFO] [Jade/]: Syncing config to Kekin (6447abfc-ec7a-33ab-946c-e8e797ff1ad1)
[22Mar2026 23:27:57.696] [Server thread/WARN] [ImprovableSkills/]: Skill tick took too long! (4242 ms, expected <50 ms!). Time map: [improvableskills:ladder_king=4242, improvableskills:luck_of_the_sea=0, improvableskills:silent_foot=0, improvableskills:obsidian_skin=0, improvableskills:attack_speed=0, improvableskills:dexterous_arms=0, improvableskills:huckster=0, improvableskills:fast_swimmer=0, improvableskills:growth=0, improvableskills:accelerated_furnace=0, improvableskills:pvp=0, improvableskills:xp_plus=0, improvableskills:soft_landing=0, improvableskills:cutting=0, improvableskills:treasure_sands=0, improvableskills:mob_repellent=0, improvableskills:mining=0, improvableskills:atkdmg_ranged=0, improvableskills:alchemist=0, improvableskills:leaper=0, improvableskills:atkdmg_melee=0, improvableskills:ender_manipulator=0, improvableskills:generic_protection=0, improvableskills:health=0, improvableskills:enchanter=0, improvableskills:digging=0, improvableskills:soul_speed=0]
[22Mar2026 23:27:57.928] [Server thread/INFO] [voicechat/]: [voicechat] Received secret request of Kekin (20)
[22Mar2026 23:27:57.934] [Server thread/INFO] [voicechat/]: [voicechat] Sent secret to Kekin
[22Mar2026 23:27:57.936] [Server thread/INFO] [com.alrex.parcool.ParCool/]: Limitation of 6447abfc-ec7a-33ab-946c-e8e797ff1ad1 was loaded
[22Mar2026 23:27:57.937] [Server thread/INFO] [com.alrex.parcool.ParCool/]: Sent Server Limitation of [Kekin]
[22Mar2026 23:27:57.937] [Server thread/INFO] [com.alrex.parcool.ParCool/]: Received Client Information of [Kekin]
[22Mar2026 23:27:57.964] [Server thread/INFO] [ImprovableSkills/]: Sending skill data to Kekin (6447abfc-ec7a-33ab-946c-e8e797ff1ad1)
[22Mar2026 23:27:57.977] [Server thread/WARN] [net.minecraft.server.MinecraftServer/]: Can't keep up! Is the server overloaded? Running 5061ms or 101 ticks behind
[22Mar2026 23:27:59.395] [Server thread/INFO] [net.minecraft.server.network.ServerGamePacketListenerImpl/]: Kekin lost connection: Disconnected
[22Mar2026 23:27:59.396] [Server thread/INFO] [net.minecraft.server.MinecraftServer/]: Kekin left the game
[22Mar2026 23:27:59.399] [Server thread/INFO] [com.alrex.parcool.ParCool/]: Limitation of 6447abfc-ec7a-33ab-946c-e8e797ff1ad1 was unloaded
[22Mar2026 23:27:59.401] [Server thread/INFO] [voicechat/]: [voicechat] Disconnecting client Kekin
[22Mar2026 23:28:03.552] [Server thread/ERROR] [net.minecraft.stats.ServerRecipeBook/]: Tried to load unrecognized recipe: dtbop:infested_seed_to_biomesoplenty_dead_sapling removed now.
[22Mar2026 23:28:03.555] [Server thread/ERROR] [net.minecraft.stats.ServerRecipeBook/]: Tried to load unrecognized recipe: dynamictrees:minecraft_birch_sapling_to_birch_seed removed now.
[22Mar2026 23:28:03.555] [Server thread/ERROR] [net.minecraft.stats.ServerRecipeBook/]: Tried to load unrecognized recipe: dtbop:silk_seed_to_biomesoplenty_dead_sapling removed now.
[22Mar2026 23:28:03.555] [Server thread/ERROR] [net.minecraft.stats.ServerRecipeBook/]: Tried to load unrecognized recipe: dynamictrees:minecraft_dark_oak_sapling_to_dark_oak_seed removed now.
[22Mar2026 23:28:03.555] [Server thread/ERROR] [net.minecraft.stats.ServerRecipeBook/]: Tried to load unrecognized recipe: dynamictrees:minecraft_azalea_to_azalea_seed removed now.
[22Mar2026 23:28:03.556] [Server thread/ERROR] [net.minecraft.stats.ServerRecipeBook/]: Tried to load unrecognized recipe: dtquark:quark_ancient_fruit_to_ancient_seed removed now.
[22Mar2026 23:28:03.556] [Server thread/ERROR] [net.minecraft.stats.ServerRecipeBook/]: Tried to load unrecognized recipe: dtbop:biomesoplenty_dead_sapling_to_tall_dying_seed removed now.
[22Mar2026 23:28:03.556] [Server thread/ERROR] [net.minecraft.stats.ServerRecipeBook/]: Tried to load unrecognized recipe: dtquark:ancient_seed_to_quark_ancient_sapling removed now.
[22Mar2026 23:28:03.556] [Server thread/ERROR] [net.minecraft.stats.ServerRecipeBook/]: Tried to load unrecognized recipe: dtbop:rainbow_birch_seed_to_biomesoplenty_rainbow_birch_sapling removed now.
[22Mar2026 23:28:03.558] [Server thread/ERROR] [net.minecraft.stats.ServerRecipeBook/]: Tried to load unrecognized recipe: dynamictrees:minecraft_mangrove_propagule_to_mangrove_seed removed now.
[22Mar2026 23:28:03.558] [Server thread/ERROR] [net.minecraft.stats.ServerRecipeBook/]: Tried to load unrecognized recipe: dtbop:umbran_seed_to_biomesoplenty_umbran_sapling removed now.
[22Mar2026 23:28:03.558] [Server thread/ERROR] [net.minecraft.stats.ServerRecipeBook/]: Tried to load unrecognized recipe: dynamictrees:minecraft_cherry_sapling_to_cherry_seed removed now.
[22Mar2026 23:28:03.558] [Server thread/ERROR] [net.minecraft.stats.ServerRecipeBook/]: Tried to load unrecognized recipe: dynamictrees:crimson_seed_to_minecraft_crimson_fungus removed now.
[22Mar2026 23:28:03.558] [Server thread/ERROR] [net.minecraft.stats.ServerRecipeBook/]: Tried to load unrecognized recipe: dtbop:biomesoplenty_orange_maple_sapling_to_orange_maple_seed removed now.
[22Mar2026 23:28:03.559] [Server thread/ERROR] [net.minecraft.stats.ServerRecipeBook/]: Tried to load unrecognized recipe: dynamictrees:warped_seed_to_minecraft_warped_fungus removed now.
[22Mar2026 23:28:03.560] [Server thread/ERROR] [net.minecraft.stats.ServerRecipeBook/]: Tried to load unrecognized recipe: dtquark:serene_blossom_seed_to_quark_lavender_blossom_sapling removed now.
[22Mar2026 23:28:03.560] [Server thread/ERROR] [net.minecraft.stats.ServerRecipeBook/]: Tried to load unrecognized recipe: dtquark:quark_ancient_sapling_to_ancient_seed removed now.
[22Mar2026 23:28:03.560] [Server thread/ERROR] [net.minecraft.stats.ServerRecipeBook/]: Tried to load unrecognized recipe: dynamictrees:minecraft_apple_to_apple_oak_seed removed now.
[22Mar2026 23:28:03.560] [Server thread/ERROR] [net.minecraft.stats.ServerRecipeBook/]: Tried to load unrecognized recipe: dtquark:quark_lavender_blossom_sapling_to_serene_blossom_seed removed now.
[22Mar2026 23:28:03.562] [Server thread/ERROR] [net.minecraft.stats.ServerRecipeBook/]: Tried to load unrecognized recipe: dtquark:quark_yellow_blossom_sapling_to_sunny_blossom_seed removed now.
[22Mar2026 23:28:03.562] [Server thread/ERROR] [net.minecraft.stats.ServerRecipeBook/]: Tried to load unrecognized recipe: dtbop:biomesoplenty_dead_sapling_to_silk_seed removed now.
[22Mar2026 23:28:03.562] [Server thread/ERROR] [net.minecraft.stats.ServerRecipeBook/]: Tried to load unrecognized recipe: dtbop:small_redwood_seed_to_biomesoplenty_redwood_sapling removed now.
[22Mar2026 23:28:03.562] [Server thread/ERROR] [net.minecraft.stats.ServerRecipeBook/]: Tried to load unrecognized recipe: dtbop:mahogany_seed_to_biomesoplenty_mahogany_sapling removed now.
[22Mar2026 23:28:03.562] [Server thread/ERROR] [net.minecraft.stats.ServerRecipeBook/]: Tried to load unrecognized recipe: dtbop:biomesoplenty_red_maple_sapling_to_red_maple_seed removed now.
[22Mar2026 23:28:03.563] [Server thread/ERROR] [net.minecraft.stats.ServerRecipeBook/]: Tried to load unrecognized recipe: dtbop:red_maple_seed_to_biomesoplenty_red_maple_sapling removed now.
[22Mar2026 23:28:03.563] [Server thread/ERROR] [net.minecraft.stats.ServerRecipeBook/]: Tried to load unrecognized recipe: dynamictrees:acacia_seed_to_minecraft_acacia_sapling removed now.
[22Mar2026 23:28:03.567] [Server thread/ERROR] [net.minecraft.stats.ServerRecipeBook/]: Tried to load unrecognized recipe: dtbop:biomesoplenty_jacaranda_sapling_to_jacaranda_seed removed now.
[22Mar2026 23:28:03.567] [Server thread/ERROR] [net.minecraft.stats.ServerRecipeBook/]: Tried to load unrecognized recipe: dynamictrees:spruce_seed_to_minecraft_spruce_sapling removed now.
[22Mar2026 23:28:03.567] [Server thread/ERROR] [net.minecraft.stats.ServerRecipeBook/]: Tried to load unrecognized recipe: dtbop:fir_seed_to_biomesoplenty_fir_sapling removed now.
[22Mar2026 23:28:03.567] [Server thread/ERROR] [net.minecraft.stats.ServerRecipeBook/]: Tried to load unrecognized recipe: dtbop:jacaranda_seed_to_biomesoplenty_jacaranda_sapling removed now.
[22Mar2026 23:28:03.567] [Server thread/ERROR] [net.minecraft.stats.ServerRecipeBook/]: Tried to load unrecognized recipe: dtbop:tall_dying_seed_to_biomesoplenty_dead_sapling removed now.
[22Mar2026 23:28:03.568] [Server thread/ERROR] [net.minecraft.stats.ServerRecipeBook/]: Tried to load unrecognized recipe: dtbop:biomesoplenty_magic_sapling_to_magic_poplar_seed removed now.
[22Mar2026 23:28:03.568] [Server thread/ERROR] [net.minecraft.stats.ServerRecipeBook/]: Tried to load unrecognized recipe: dynamictrees:minecraft_warped_fungus_to_warped_seed removed now.
[22Mar2026 23:28:03.568] [Server thread/ERROR] [net.minecraft.stats.ServerRecipeBook/]: Tried to load unrecognized recipe: dtbop:biomesoplenty_dead_sapling_to_dying_seed removed now.
[22Mar2026 23:28:03.568] [Server thread/ERROR] [net.minecraft.stats.ServerRecipeBook/]: Tried to load unrecognized recipe: dtbop:orange_maple_seed_to_biomesoplenty_orange_maple_sapling removed now.
[22Mar2026 23:28:03.569] [Server thread/ERROR] [net.minecraft.stats.ServerRecipeBook/]: Tried to load unrecognized recipe: dtbop:biomesoplenty_willow_sapling_to_willow_seed removed now.
[22Mar2026 23:28:03.569] [Server thread/ERROR] [net.minecraft.stats.ServerRecipeBook/]: Tried to load unrecognized recipe: dynamictrees:minecraft_flowering_azalea_to_azalea_seed removed now.
[22Mar2026 23:28:03.569] [Server thread/ERROR] [net.minecraft.stats.ServerRecipeBook/]: Tried to load unrecognized recipe: dynamictrees:minecraft_oak_sapling_to_oak_seed removed now.
[22Mar2026 23:28:03.570] [Server thread/ERROR] [net.minecraft.stats.ServerRecipeBook/]: Tried to load unrecognized recipe: dynamictrees:jungle_seed_to_minecraft_jungle_sapling removed now.
[22Mar2026 23:28:03.570] [Server thread/ERROR] [net.minecraft.stats.ServerRecipeBook/]: Tried to load unrecognized recipe: dtquark:fiery_blossom_seed_to_quark_red_blossom_sapling removed now.
[22Mar2026 23:28:03.570] [Server thread/ERROR] [net.minecraft.stats.ServerRecipeBook/]: Tried to load unrecognized recipe: dtquark:frosty_blossom_seed_to_quark_blue_blossom_sapling removed now.
[22Mar2026 23:28:03.574] [Server thread/ERROR] [net.minecraft.stats.ServerRecipeBook/]: Tried to load unrecognized recipe: dtbop:biomesoplenty_mahogany_sapling_to_mahogany_seed removed now.
[22Mar2026 23:28:03.574] [Server thread/ERROR] [net.minecraft.stats.ServerRecipeBook/]: Tried to load unrecognized recipe: dtbop:biomesoplenty_hellbark_sapling_to_hellbark_bush_seed removed now.
[22Mar2026 23:28:03.574] [Server thread/ERROR] [net.minecraft.stats.ServerRecipeBook/]: Tried to load unrecognized recipe: dtbop:palm_seed_to_biomesoplenty_palm_sapling removed now.
[22Mar2026 23:28:03.574] [Server thread/ERROR] [net.minecraft.stats.ServerRecipeBook/]: Tried to load unrecognized recipe: dynamictrees:cherry_seed_to_minecraft_cherry_sapling removed now.
[22Mar2026 23:28:03.574] [Server thread/ERROR] [net.minecraft.stats.ServerRecipeBook/]: Tried to load unrecognized recipe: dtbop:flowering_oak_seed_to_biomesoplenty_flowering_oak_sapling removed now.
[22Mar2026 23:28:03.575] [Server thread/ERROR] [net.minecraft.stats.ServerRecipeBook/]: Tried to load unrecognized recipe: dynamictrees:minecraft_jungle_sapling_to_jungle_seed removed now.
[22Mar2026 23:28:03.575] [Server thread/ERROR] [net.minecraft.stats.ServerRecipeBook/]: Tried to load unrecognized recipe: dtquark:sunny_blossom_seed_to_quark_yellow_blossom_sapling removed now.
[22Mar2026 23:28:03.575] [Server thread/ERROR] [net.minecraft.stats.ServerRecipeBook/]: Tried to load unrecognized recipe: dtbop:magic_poplar_seed_to_biomesoplenty_magic_sapling removed now.
[22Mar2026 23:28:03.575] [Server thread/ERROR] [net.minecraft.stats.ServerRecipeBook/]: Tried to load unrecognized recipe: dtbop:biomesoplenty_palm_sapling_to_palm_seed removed now.
[22Mar2026 23:28:03.575] [Server thread/ERROR] [net.minecraft.stats.ServerRecipeBook/]: Tried to load unrecognized recipe: dtbop:snowblossom_seed_to_biomesoplenty_snowblossom_sapling removed now.
[22Mar2026 23:28:03.575] [Server thread/ERROR] [net.minecraft.stats.ServerRecipeBook/]: Tried to load unrecognized recipe: dtbop:biomesoplenty_yellow_maple_sapling_to_yellow_maple_seed removed now.
[22Mar2026 23:28:03.576] [Server thread/ERROR] [net.minecraft.stats.ServerRecipeBook/]: Tried to load unrecognized recipe: dynamictrees:minecraft_spruce_sapling_to_spruce_seed removed now.
[22Mar2026 23:28:03.576] [Server thread/ERROR] [net.minecraft.stats.ServerRecipeBook/]: Tried to load unrecognized recipe: dynamictrees:azalea_seed_to_minecraft_azalea removed now.
[22Mar2026 23:28:03.576] [Server thread/ERROR] [net.minecraft.stats.ServerRecipeBook/]: Tried to load unrecognized recipe: dtquark:warm_blossom_seed_to_quark_orange_blossom_sapling removed now.
[22Mar2026 23:28:03.577] [Server thread/ERROR] [net.minecraft.stats.ServerRecipeBook/]: Tried to load unrecognized recipe: dtbop:biomesoplenty_redwood_sapling_to_small_redwood_seed removed now.
[22Mar2026 23:28:03.577] [Server thread/ERROR] [net.minecraft.stats.ServerRecipeBook/]: Tried to load unrecognized recipe: dynamictrees:oak_seed_to_minecraft_oak_sapling removed now.
[22Mar2026 23:28:03.578] [Server thread/ERROR] [net.minecraft.stats.ServerRecipeBook/]: Tried to load unrecognized recipe: dtbop:dying_seed_to_biomesoplenty_dead_sapling removed now.
[22Mar2026 23:28:03.578] [Server thread/ERROR] [net.minecraft.stats.ServerRecipeBook/]: Tried to load unrecognized recipe: dtbop:biomesoplenty_pine_sapling_to_pine_seed removed now.
[22Mar2026 23:28:03.579] [Server thread/ERROR] [net.minecraft.stats.ServerRecipeBook/]: Tried to load unrecognized recipe: dtbop:hellbark_bush_seed_to_biomesoplenty_hellbark_sapling removed now.
[22Mar2026 23:28:03.579] [Server thread/ERROR] [net.minecraft.stats.ServerRecipeBook/]: Tried to load unrecognized recipe: dynamictrees:dark_oak_seed_to_minecraft_dark_oak_sapling removed now.
[22Mar2026 23:28:03.579] [Server thread/ERROR] [net.minecraft.stats.ServerRecipeBook/]: Tried to load unrecognized recipe: dtbop:willow_seed_to_biomesoplenty_willow_sapling removed now.
[22Mar2026 23:28:03.579] [Server thread/ERROR] [net.minecraft.stats.ServerRecipeBook/]: Tried to load unrecognized recipe: dtbop:biomesoplenty_flowering_oak_sapling_to_flowering_oak_seed removed now.
[22Mar2026 23:28:03.579] [Server thread/ERROR] [net.minecraft.stats.ServerRecipeBook/]: Tried to load unrecognized recipe: dtquark:quark_red_blossom_sapling_to_fiery_blossom_seed removed now.
[22Mar2026 23:28:03.579] [Server thread/ERROR] [net.minecraft.stats.ServerRecipeBook/]: Tried to load unrecognized recipe: dynamictrees:minecraft_crimson_fungus_to_crimson_seed removed now.
[22Mar2026 23:28:03.580] [Server thread/ERROR] [net.minecraft.stats.ServerRecipeBook/]: Tried to load unrecognized recipe: dynamictrees:mangrove_seed_to_minecraft_mangrove_propagule removed now.
[22Mar2026 23:28:03.583] [Server thread/ERROR] [net.minecraft.stats.ServerRecipeBook/]: Tried to load unrecognized recipe: dynamictrees:minecraft_acacia_sapling_to_acacia_seed removed now.
[22Mar2026 23:28:03.583] [Server thread/ERROR] [net.minecraft.stats.ServerRecipeBook/]: Tried to load unrecognized recipe: dtbop:biomesoplenty_rainbow_birch_sapling_to_rainbow_birch_seed removed now.
[22Mar2026 23:28:03.583] [Server thread/ERROR] [net.minecraft.stats.ServerRecipeBook/]: Tried to load unrecognized recipe: dtbop:biomesoplenty_snowblossom_sapling_to_snowblossom_seed removed now.
[22Mar2026 23:28:03.584] [Server thread/ERROR] [net.minecraft.stats.ServerRecipeBook/]: Tried to load unrecognized recipe: dtquark:quark_orange_blossom_sapling_to_warm_blossom_seed removed now.
[22Mar2026 23:28:03.584] [Server thread/ERROR] [net.minecraft.stats.ServerRecipeBook/]: Tried to load unrecognized recipe: dtbop:pine_seed_to_biomesoplenty_pine_sapling removed now.
[22Mar2026 23:28:03.587] [Server thread/ERROR] [net.minecraft.stats.ServerRecipeBook/]: Tried to load unrecognized recipe: dynamictrees:birch_seed_to_minecraft_birch_sapling removed now.
[22Mar2026 23:28:03.587] [Server thread/ERROR] [net.minecraft.stats.ServerRecipeBook/]: Tried to load unrecognized recipe: dynamictrees:azalea_seed_to_minecraft_flowering_azalea removed now.
[22Mar2026 23:28:03.587] [Server thread/ERROR] [net.minecraft.stats.ServerRecipeBook/]: Tried to load unrecognized recipe: dtbop:biomesoplenty_dead_sapling_to_infested_seed removed now.
[22Mar2026 23:28:03.587] [Server thread/ERROR] [net.minecraft.stats.ServerRecipeBook/]: Tried to load unrecognized recipe: dtbop:yellow_maple_seed_to_biomesoplenty_yellow_maple_sapling removed now.
[22Mar2026 23:28:03.587] [Server thread/ERROR] [net.minecraft.stats.ServerRecipeBook/]: Tried to load unrecognized recipe: dtbop:biomesoplenty_umbran_sapling_to_umbran_seed removed now.
[22Mar2026 23:28:03.588] [Server thread/ERROR] [net.minecraft.stats.ServerRecipeBook/]: Tried to load unrecognized recipe: dtquark:quark_blue_blossom_sapling_to_frosty_blossom_seed removed now.
[22Mar2026 23:28:03.588] [Server thread/ERROR] [net.minecraft.stats.ServerRecipeBook/]: Tried to load unrecognized recipe: dtbop:biomesoplenty_fir_sapling_to_fir_seed removed now.
[22Mar2026 23:28:03.588] [Server thread/ERROR] [net.minecraft.stats.ServerRecipeBook/]: Tried to load unrecognized recipe: dynamictrees:jungle_seed_to_minecraft_jungle_sapling removed now.
[22Mar2026 23:28:03.588] [Server thread/ERROR] [net.minecraft.stats.ServerRecipeBook/]: Tried to load unrecognized recipe: dtquark:fiery_blossom_seed_to_quark_red_blossom_sapling removed now.
[22Mar2026 23:28:03.588] [Server thread/ERROR] [net.minecraft.stats.ServerRecipeBook/]: Tried to load unrecognized recipe: dtbop:infested_seed_to_biomesoplenty_dead_sapling removed now.
[22Mar2026 23:28:03.589] [Server thread/ERROR] [net.minecraft.stats.ServerRecipeBook/]: Tried to load unrecognized recipe: dynamictrees:minecraft_birch_sapling_to_birch_seed removed now.
[22Mar2026 23:28:03.589] [Server thread/ERROR] [net.minecraft.stats.ServerRecipeBook/]: Tried to load unrecognized recipe: dtquark:frosty_blossom_seed_to_quark_blue_blossom_sapling removed now.
[22Mar2026 23:28:03.589] [Server thread/ERROR] [net.minecraft.stats.ServerRecipeBook/]: Tried to load unrecognized recipe: dtbop:biomesoplenty_mahogany_sapling_to_mahogany_seed removed now.
[22Mar2026 23:28:03.589] [Server thread/ERROR] [net.minecraft.stats.ServerRecipeBook/]: Tried to load unrecognized recipe: dtbop:silk_seed_to_biomesoplenty_dead_sapling removed now.
[22Mar2026 23:28:03.589] [Server thread/ERROR] [net.minecraft.stats.ServerRecipeBook/]: Tried to load unrecognized recipe: dynamictrees:minecraft_dark_oak_sapling_to_dark_oak_seed removed now.
[22Mar2026 23:28:03.589] [Server thread/ERROR] [net.minecraft.stats.ServerRecipeBook/]: Tried to load unrecognized recipe: dtbop:biomesoplenty_hellbark_sapling_to_hellbark_bush_seed removed now.
[22Mar2026 23:28:03.590] [Server thread/ERROR] [net.minecraft.stats.ServerRecipeBook/]: Tried to load unrecognized recipe: dtbop:palm_seed_to_biomesoplenty_palm_sapling removed now.
[22Mar2026 23:28:03.590] [Server thread/ERROR] [net.minecraft.stats.ServerRecipeBook/]: Tried to load unrecognized recipe: dynamictrees:cherry_seed_to_minecraft_cherry_sapling removed now.
[22Mar2026 23:28:03.591] [Server thread/ERROR] [net.minecraft.stats.ServerRecipeBook/]: Tried to load unrecognized recipe: dynamictrees:minecraft_azalea_to_azalea_seed removed now.
[22Mar2026 23:28:03.591] [Server thread/ERROR] [net.minecraft.stats.ServerRecipeBook/]: Tried to load unrecognized recipe: dtbop:flowering_oak_seed_to_biomesoplenty_flowering_oak_sapling removed now.
[22Mar2026 23:28:03.594] [Server thread/ERROR] [net.minecraft.stats.ServerRecipeBook/]: Tried to load unrecognized recipe: dynamictrees:minecraft_jungle_sapling_to_jungle_seed removed now.
[22Mar2026 23:28:03.594] [Server thread/ERROR] [net.minecraft.stats.ServerRecipeBook/]: Tried to load unrecognized recipe: dtquark:sunny_blossom_seed_to_quark_yellow_blossom_sapling removed now.
[22Mar2026 23:28:03.594] [Server thread/ERROR] [net.minecraft.stats.ServerRecipeBook/]: Tried to load unrecognized recipe: dtquark:quark_ancient_fruit_to_ancient_seed removed now.
[22Mar2026 23:28:03.594] [Server thread/ERROR] [net.minecraft.stats.ServerRecipeBook/]: Tried to load unrecognized recipe: dtbop:biomesoplenty_dead_sapling_to_tall_dying_seed removed now.
[22Mar2026 23:28:03.594] [Server thread/ERROR] [net.minecraft.stats.ServerRecipeBook/]: Tried to load unrecognized recipe: dtquark:ancient_seed_to_quark_ancient_sapling removed now.
[22Mar2026 23:28:03.595] [Server thread/ERROR] [net.minecraft.stats.ServerRecipeBook/]: Tried to load unrecognized recipe: dtbop:magic_poplar_seed_to_biomesoplenty_magic_sapling removed now.
[22Mar2026 23:28:03.595] [Server thread/ERROR] [net.minecraft.stats.ServerRecipeBook/]: Tried to load unrecognized recipe: dtbop:biomesoplenty_palm_sapling_to_palm_seed removed now.
[22Mar2026 23:28:03.595] [Server thread/ERROR] [net.minecraft.stats.ServerRecipeBook/]: Tried to load unrecognized recipe: dtbop:snowblossom_seed_to_biomesoplenty_snowblossom_sapling removed now.
[22Mar2026 23:28:03.595] [Server thread/ERROR] [net.minecraft.stats.ServerRecipeBook/]: Tried to load unrecognized recipe: dtbop:biomesoplenty_yellow_maple_sapling_to_yellow_maple_seed removed now.
[22Mar2026 23:28:03.595] [Server thread/ERROR] [net.minecraft.stats.ServerRecipeBook/]: Tried to load unrecognized recipe: dtbop:rainbow_birch_seed_to_biomesoplenty_rainbow_birch_sapling removed now.
[22Mar2026 23:28:03.595] [Server thread/ERROR] [net.minecraft.stats.ServerRecipeBook/]: Tried to load unrecognized recipe: dynamictrees:minecraft_spruce_sapling_to_spruce_seed removed now.
[22Mar2026 23:28:03.595] [Server thread/ERROR] [net.minecraft.stats.ServerRecipeBook/]: Tried to load unrecognized recipe: dynamictrees:minecraft_mangrove_propagule_to_mangrove_seed removed now.
[22Mar2026 23:28:03.596] [Server thread/ERROR] [net.minecraft.stats.ServerRecipeBook/]: Tried to load unrecognized recipe: dtbop:umbran_seed_to_biomesoplenty_umbran_sapling removed now.
[22Mar2026 23:28:03.596] [Server thread/ERROR] [net.minecraft.stats.ServerRecipeBook/]: Tried to load unrecognized recipe: dynamictrees:azalea_seed_to_minecraft_azalea removed now.
[22Mar2026 23:28:03.596] [Server thread/ERROR] [net.minecraft.stats.ServerRecipeBook/]: Tried to load unrecognized recipe: dynamictrees:minecraft_cherry_sapling_to_cherry_seed removed now.
[22Mar2026 23:28:03.598] [Server thread/ERROR] [net.minecraft.stats.ServerRecipeBook/]: Tried to load unrecognized recipe: dynamictrees:crimson_seed_to_minecraft_crimson_fungus removed now.
[22Mar2026 23:28:03.598] [Server thread/ERROR] [net.minecraft.stats.ServerRecipeBook/]: Tried to load unrecognized recipe: dtquark:warm_blossom_seed_to_quark_orange_blossom_sapling removed now.
[22Mar2026 23:28:03.598] [Server thread/ERROR] [net.minecraft.stats.ServerRecipeBook/]: Tried to load unrecognized recipe: dtbop:biomesoplenty_orange_maple_sapling_to_orange_maple_seed removed now.
[22Mar2026 23:28:03.599] [Server thread/ERROR] [net.minecraft.stats.ServerRecipeBook/]: Tried to load unrecognized recipe: dtbop:biomesoplenty_redwood_sapling_to_small_redwood_seed removed now.
[22Mar2026 23:28:03.600] [Server thread/ERROR] [net.minecraft.stats.ServerRecipeBook/]: Tried to load unrecognized recipe: dynamictrees:warped_seed_to_minecraft_warped_fungus removed now.
[22Mar2026 23:28:03.601] [Server thread/ERROR] [net.minecraft.stats.ServerRecipeBook/]: Tried to load unrecognized recipe: dtquark:serene_blossom_seed_to_quark_lavender_blossom_sapling removed now.
[22Mar2026 23:28:03.601] [Server thread/ERROR] [net.minecraft.stats.ServerRecipeBook/]: Tried to load unrecognized recipe: dtquark:quark_ancient_sapling_to_ancient_seed removed now.
[22Mar2026 23:28:03.601] [Server thread/ERROR] [net.minecraft.stats.ServerRecipeBook/]: Tried to load unrecognized recipe: dynamictrees:oak_seed_to_minecraft_oak_sapling removed now.
[22Mar2026 23:28:03.601] [Server thread/ERROR] [net.minecraft.stats.ServerRecipeBook/]: Tried to load unrecognized recipe: dynamictrees:minecraft_apple_to_apple_oak_seed removed now.
[22Mar2026 23:28:03.602] [Server thread/ERROR] [net.minecraft.stats.ServerRecipeBook/]: Tried to load unrecognized recipe: dtbop:dying_seed_to_biomesoplenty_dead_sapling removed now.
[22Mar2026 23:28:03.604] [Server thread/ERROR] [net.minecraft.stats.ServerRecipeBook/]: Tried to load unrecognized recipe: dtquark:quark_lavender_blossom_sapling_to_serene_blossom_seed removed now.
[22Mar2026 23:28:03.604] [Server thread/ERROR] [net.minecraft.stats.ServerRecipeBook/]: Tried to load unrecognized recipe: dtquark:quark_yellow_blossom_sapling_to_sunny_blossom_seed removed now.
[22Mar2026 23:28:03.605] [Server thread/ERROR] [net.minecraft.stats.ServerRecipeBook/]: Tried to load unrecognized recipe: dtbop:biomesoplenty_dead_sapling_to_silk_seed removed now.
[22Mar2026 23:28:03.605] [Server thread/ERROR] [net.minecraft.stats.ServerRecipeBook/]: Tried to load unrecognized recipe: dtbop:biomesoplenty_pine_sapling_to_pine_seed removed now.
[22Mar2026 23:28:03.606] [Server thread/ERROR] [net.minecraft.stats.ServerRecipeBook/]: Tried to load unrecognized recipe: dtbop:hellbark_bush_seed_to_biomesoplenty_hellbark_sapling removed now.
[22Mar2026 23:28:03.606] [Server thread/ERROR] [net.minecraft.stats.ServerRecipeBook/]: Tried to load unrecognized recipe: dynamictrees:dark_oak_seed_to_minecraft_dark_oak_sapling removed now.
[22Mar2026 23:28:03.606] [Server thread/ERROR] [net.minecraft.stats.ServerRecipeBook/]: Tried to load unrecognized recipe: dtbop:small_redwood_seed_to_biomesoplenty_redwood_sapling removed now.
[22Mar2026 23:28:03.607] [Server thread/ERROR] [net.minecraft.stats.ServerRecipeBook/]: Tried to load unrecognized recipe: dtbop:mahogany_seed_to_biomesoplenty_mahogany_sapling removed now.
[22Mar2026 23:28:03.607] [Server thread/ERROR] [net.minecraft.stats.ServerRecipeBook/]: Tried to load unrecognized recipe: dtbop:willow_seed_to_biomesoplenty_willow_sapling removed now.
[22Mar2026 23:28:03.607] [Server thread/ERROR] [net.minecraft.stats.ServerRecipeBook/]: Tried to load unrecognized recipe: dtbop:biomesoplenty_red_maple_sapling_to_red_maple_seed removed now.
[22Mar2026 23:28:03.608] [Server thread/ERROR] [net.minecraft.stats.ServerRecipeBook/]: Tried to load unrecognized recipe: dtbop:red_maple_seed_to_biomesoplenty_red_maple_sapling removed now.
[22Mar2026 23:28:03.608] [Server thread/ERROR] [net.minecraft.stats.ServerRecipeBook/]: Tried to load unrecognized recipe: dtbop:biomesoplenty_flowering_oak_sapling_to_flowering_oak_seed removed now.
[22Mar2026 23:28:03.610] [Server thread/ERROR] [net.minecraft.stats.ServerRecipeBook/]: Tried to load unrecognized recipe: dtquark:quark_red_blossom_sapling_to_fiery_blossom_seed removed now.
[22Mar2026 23:28:03.610] [Server thread/ERROR] [net.minecraft.stats.ServerRecipeBook/]: Tried to load unrecognized recipe: dynamictrees:acacia_seed_to_minecraft_acacia_sapling removed now.
[22Mar2026 23:28:03.611] [Server thread/ERROR] [net.minecraft.stats.ServerRecipeBook/]: Tried to load unrecognized recipe: dtbop:biomesoplenty_jacaranda_sapling_to_jacaranda_seed removed now.
[22Mar2026 23:28:03.611] [Server thread/ERROR] [net.minecraft.stats.ServerRecipeBook/]: Tried to load unrecognized recipe: dynamictrees:minecraft_crimson_fungus_to_crimson_seed removed now.
[22Mar2026 23:28:03.611] [Server thread/ERROR] [net.minecraft.stats.ServerRecipeBook/]: Tried to load unrecognized recipe: dynamictrees:mangrove_seed_to_minecraft_mangrove_propagule removed now.
[22Mar2026 23:28:03.612] [Server thread/ERROR] [net.minecraft.stats.ServerRecipeBook/]: Tried to load unrecognized recipe: dynamictrees:minecraft_acacia_sapling_to_acacia_seed removed now.
[22Mar2026 23:28:03.614] [Server thread/ERROR] [net.minecraft.stats.ServerRecipeBook/]: Tried to load unrecognized recipe: dynamictrees:spruce_seed_to_minecraft_spruce_sapling removed now.
[22Mar2026 23:28:03.614] [Server thread/ERROR] [net.minecraft.stats.ServerRecipeBook/]: Tried to load unrecognized recipe: dtbop:fir_seed_to_biomesoplenty_fir_sapling removed now.
[22Mar2026 23:28:03.614] [Server thread/ERROR] [net.minecraft.stats.ServerRecipeBook/]: Tried to load unrecognized recipe: dtbop:jacaranda_seed_to_biomesoplenty_jacaranda_sapling removed now.
[22Mar2026 23:28:03.615] [Server thread/ERROR] [net.minecraft.stats.ServerRecipeBook/]: Tried to load unrecognized recipe: dtbop:tall_dying_seed_to_biomesoplenty_dead_sapling removed now.
[22Mar2026 23:28:03.615] [Server thread/ERROR] [net.minecraft.stats.ServerRecipeBook/]: Tried to load unrecognized recipe: dtbop:biomesoplenty_magic_sapling_to_magic_poplar_seed removed now.
[22Mar2026 23:28:03.615] [Server thread/ERROR] [net.minecraft.stats.ServerRecipeBook/]: Tried to load unrecognized recipe: dtbop:biomesoplenty_rainbow_birch_sapling_to_rainbow_birch_seed removed now.
[22Mar2026 23:28:03.616] [Server thread/ERROR] [net.minecraft.stats.ServerRecipeBook/]: Tried to load unrecognized recipe: dynamictrees:minecraft_warped_fungus_to_warped_seed removed now.
[22Mar2026 23:28:03.616] [Server thread/ERROR] [net.minecraft.stats.ServerRecipeBook/]: Tried to load unrecognized recipe: dtbop:biomesoplenty_dead_sapling_to_dying_seed removed now.
[22Mar2026 23:28:03.616] [Server thread/ERROR] [net.minecraft.stats.ServerRecipeBook/]: Tried to load unrecognized recipe: dtbop:biomesoplenty_snowblossom_sapling_to_snowblossom_seed removed now.
[22Mar2026 23:28:03.616] [Server thread/ERROR] [net.minecraft.stats.ServerRecipeBook/]: Tried to load unrecognized recipe: dtbop:orange_maple_seed_to_biomesoplenty_orange_maple_sapling removed now.
[22Mar2026 23:28:03.617] [Server thread/ERROR] [net.minecraft.stats.ServerRecipeBook/]: Tried to load unrecognized recipe: dtquark:quark_orange_blossom_sapling_to_warm_blossom_seed removed now.
[22Mar2026 23:28:03.617] [Server thread/ERROR] [net.minecraft.stats.ServerRecipeBook/]: Tried to load unrecognized recipe: dtbop:pine_seed_to_biomesoplenty_pine_sapling removed now.
[22Mar2026 23:28:03.617] [Server thread/ERROR] [net.minecraft.stats.ServerRecipeBook/]: Tried to load unrecognized recipe: dynamictrees:birch_seed_to_minecraft_birch_sapling removed now.
[22Mar2026 23:28:03.617] [Server thread/ERROR] [net.minecraft.stats.ServerRecipeBook/]: Tried to load unrecognized recipe: dynamictrees:azalea_seed_to_minecraft_flowering_azalea removed now.
[22Mar2026 23:28:03.618] [Server thread/ERROR] [net.minecraft.stats.ServerRecipeBook/]: Tried to load unrecognized recipe: dtbop:biomesoplenty_dead_sapling_to_infested_seed removed now.
[22Mar2026 23:28:03.618] [Server thread/ERROR] [net.minecraft.stats.ServerRecipeBook/]: Tried to load unrecognized recipe: dtbop:biomesoplenty_willow_sapling_to_willow_seed removed now.
[22Mar2026 23:28:03.618] [Server thread/ERROR] [net.minecraft.stats.ServerRecipeBook/]: Tried to load unrecognized recipe: dtbop:yellow_maple_seed_to_biomesoplenty_yellow_maple_sapling removed now.
[22Mar2026 23:28:03.618] [Server thread/ERROR] [net.minecraft.stats.ServerRecipeBook/]: Tried to load unrecognized recipe: dynamictrees:minecraft_flowering_azalea_to_azalea_seed removed now.
[22Mar2026 23:28:03.618] [Server thread/ERROR] [net.minecraft.stats.ServerRecipeBook/]: Tried to load unrecognized recipe: dtbop:biomesoplenty_umbran_sapling_to_umbran_seed removed now.
[22Mar2026 23:28:03.619] [Server thread/ERROR] [net.minecraft.stats.ServerRecipeBook/]: Tried to load unrecognized recipe: dtquark:quark_blue_blossom_sapling_to_frosty_blossom_seed removed now.
[22Mar2026 23:28:03.619] [Server thread/ERROR] [net.minecraft.stats.ServerRecipeBook/]: Tried to load unrecognized recipe: dynamictrees:minecraft_oak_sapling_to_oak_seed removed now.
[22Mar2026 23:28:03.619] [Server thread/ERROR] [net.minecraft.stats.ServerRecipeBook/]: Tried to load unrecognized recipe: dtbop:biomesoplenty_fir_sapling_to_fir_seed removed now.
[22Mar2026 23:28:03.619] [Server thread/INFO] [net.minecraft.server.players.PlayerList/]: Kekin[/127.68.214.94:48553] logged in with entity id 967 at (875.50625289312, 14.0, 126.30000001192093)
[22Mar2026 23:28:03.632] [Server thread/INFO] [ModernFix/]: Using enhanced recipe sync for player Kekin
[22Mar2026 23:28:03.638] [Server thread/INFO] [net.minecraft.server.MinecraftServer/]: Kekin joined the game
[22Mar2026 23:28:03.919] [Server thread/WARN] [net.minecraft.world.scores.Scoreboard/]: Requested creation of existing team 'pillagers'
[22Mar2026 23:28:03.920] [Server thread/WARN] [net.minecraft.world.scores.Scoreboard/]: Requested creation of existing team 'villagers'
[22Mar2026 23:28:03.920] [Server thread/INFO] [Jade/]: Syncing config to Kekin (6447abfc-ec7a-33ab-946c-e8e797ff1ad1)
[22Mar2026 23:28:04.010] [Server thread/INFO] [voicechat/]: [voicechat] Received secret request of Kekin (20)
[22Mar2026 23:28:04.011] [Server thread/INFO] [voicechat/]: [voicechat] Sent secret to Kekin
[22Mar2026 23:28:04.011] [Server thread/INFO] [com.alrex.parcool.ParCool/]: Limitation of 6447abfc-ec7a-33ab-946c-e8e797ff1ad1 was loaded
[22Mar2026 23:28:04.012] [Server thread/INFO] [com.alrex.parcool.ParCool/]: Sent Server Limitation of [Kekin]
[22Mar2026 23:28:04.012] [Server thread/INFO] [com.alrex.parcool.ParCool/]: Received Client Information of [Kekin]
[22Mar2026 23:28:04.013] [Server thread/INFO] [ImprovableSkills/]: Sending skill data to Kekin (6447abfc-ec7a-33ab-946c-e8e797ff1ad1)
[22Mar2026 23:28:13.239] [ForkJoinPool.commonPool-worker-1/WARN] [SkinRestorer/]: Failed to fetch skin 'mojang:SebasGEO'
java.lang.IllegalStateException: not found
	at net.lionarius.skinrestorer.util.WebUtils.throwOnClientErrors(WebUtils.java:98) ~[?:?]
	at net.lionarius.skinrestorer.skin.provider.base.YggdrasilSkinProvider.getProfile(YggdrasilSkinProvider.java:54) ~[?:?]
	at net.lionarius.skinrestorer.skin.provider.builtin.MojangSkinProvider.lambda$new$0(MojangSkinProvider.java:43) ~[?:?]
	at net.minecraft.server.players.GameProfileCache.m_10993_(GameProfileCache.java:98) ~[?:?]
	at net.minecraft.server.players.GameProfileCache.m_10996_(GameProfileCache.java:150) ~[?:?]
	at net.lionarius.skinrestorer.skin.provider.builtin.MojangSkinProvider.resolveUuid(MojangSkinProvider.java:73) ~[?:?]
	at net.lionarius.skinrestorer.skin.provider.base.ProfileSkinProvider.getCacheKey(ProfileSkinProvider.java:64) ~[?:?]
	at net.lionarius.skinrestorer.skin.provider.base.ProfileSkinProvider.getCacheKey(ProfileSkinProvider.java:19) ~[?:?]
	at net.lionarius.skinrestorer.skin.provider.base.AbstractSkinProvider.fetchSkin(AbstractSkinProvider.java:50) ~[?:?]
	at net.minecraft.server.network.ServerLoginPacketListenerImpl.mdb27a00$lambda$skinrestorer$fetchSkin$1$1(ServerLoginPacketListenerImpl.java:597) ~[?:?]
	at java.util.Optional.map(Optional.java:260) ~[?:?]
	at net.minecraft.server.network.ServerLoginPacketListenerImpl.skinrestorer$fetchSkin(ServerLoginPacketListenerImpl.java:596) ~[?:?]
	at net.minecraft.server.network.ServerLoginPacketListenerImpl.mdb27a00$lambda$waitForSkin$0$2(ServerLoginPacketListenerImpl.java:580) ~[?:?]
	at java.util.concurrent.CompletableFuture$AsyncSupply.run(CompletableFuture.java:1768) ~[?:?]
	at java.util.concurrent.CompletableFuture$AsyncSupply.exec(CompletableFuture.java:1760) ~[?:?]
	at java.util.concurrent.ForkJoinTask.doExec(ForkJoinTask.java:373) ~[?:?]
	at java.util.concurrent.ForkJoinPool$WorkQueue.topLevelExec(ForkJoinPool.java:1182) ~[?:?]
	at java.util.concurrent.ForkJoinPool.scan(ForkJoinPool.java:1655) ~[?:?]
	at java.util.concurrent.ForkJoinPool.runWorker(ForkJoinPool.java:1622) ~[?:?]
	at java.util.concurrent.ForkJoinWorkerThread.run(ForkJoinWorkerThread.java:165) ~[?:?]
[22Mar2026 23:28:13.415] [Server thread/ERROR] [net.minecraft.stats.ServerRecipeBook/]: Tried to load unrecognized recipe: dtbop:infested_seed_to_biomesoplenty_dead_sapling removed now.
[22Mar2026 23:28:13.415] [Server thread/ERROR] [net.minecraft.stats.ServerRecipeBook/]: Tried to load unrecognized recipe: dynamictrees:minecraft_birch_sapling_to_birch_seed removed now.
[22Mar2026 23:28:13.416] [Server thread/ERROR] [net.minecraft.stats.ServerRecipeBook/]: Tried to load unrecognized recipe: dtbop:silk_seed_to_biomesoplenty_dead_sapling removed now.
[22Mar2026 23:28:13.416] [Server thread/ERROR] [net.minecraft.stats.ServerRecipeBook/]: Tried to load unrecognized recipe: dynamictrees:minecraft_dark_oak_sapling_to_dark_oak_seed removed now.
[22Mar2026 23:28:13.416] [Server thread/ERROR] [net.minecraft.stats.ServerRecipeBook/]: Tried to load unrecognized recipe: dynamictrees:minecraft_azalea_to_azalea_seed removed now.
[22Mar2026 23:28:13.416] [Server thread/ERROR] [net.minecraft.stats.ServerRecipeBook/]: Tried to load unrecognized recipe: dtquark:quark_ancient_fruit_to_ancient_seed removed now.
[22Mar2026 23:28:13.416] [Server thread/ERROR] [net.minecraft.stats.ServerRecipeBook/]: Tried to load unrecognized recipe: dtbop:biomesoplenty_dead_sapling_to_tall_dying_seed removed now.
[22Mar2026 23:28:13.416] [Server thread/ERROR] [net.minecraft.stats.ServerRecipeBook/]: Tried to load unrecognized recipe: dtquark:ancient_seed_to_quark_ancient_sapling removed now.
[22Mar2026 23:28:13.416] [Server thread/ERROR] [net.minecraft.stats.ServerRecipeBook/]: Tried to load unrecognized recipe: dtbop:rainbow_birch_seed_to_biomesoplenty_rainbow_birch_sapling removed now.
[22Mar2026 23:28:13.417] [Server thread/ERROR] [net.minecraft.stats.ServerRecipeBook/]: Tried to load unrecognized recipe: dynamictrees:minecraft_mangrove_propagule_to_mangrove_seed removed now.
[22Mar2026 23:28:13.417] [Server thread/ERROR] [net.minecraft.stats.ServerRecipeBook/]: Tried to load unrecognized recipe: dtbop:umbran_seed_to_biomesoplenty_umbran_sapling removed now.
[22Mar2026 23:28:13.417] [Server thread/ERROR] [net.minecraft.stats.ServerRecipeBook/]: Tried to load unrecognized recipe: dynamictrees:minecraft_cherry_sapling_to_cherry_seed removed now.
[22Mar2026 23:28:13.417] [Server thread/ERROR] [net.minecraft.stats.ServerRecipeBook/]: Tried to load unrecognized recipe: dynamictrees:crimson_seed_to_minecraft_crimson_fungus removed now.
[22Mar2026 23:28:13.417] [Server thread/ERROR] [net.minecraft.stats.ServerRecipeBook/]: Tried to load unrecognized recipe: dtbop:biomesoplenty_orange_maple_sapling_to_orange_maple_seed removed now.
[22Mar2026 23:28:13.417] [Server thread/ERROR] [net.minecraft.stats.ServerRecipeBook/]: Tried to load unrecognized recipe: dynamictrees:warped_seed_to_minecraft_warped_fungus removed now.
[22Mar2026 23:28:13.417] [Server thread/ERROR] [net.minecraft.stats.ServerRecipeBook/]: Tried to load unrecognized recipe: dtquark:serene_blossom_seed_to_quark_lavender_blossom_sapling removed now.
[22Mar2026 23:28:13.418] [Server thread/ERROR] [net.minecraft.stats.ServerRecipeBook/]: Tried to load unrecognized recipe: dtquark:quark_ancient_sapling_to_ancient_seed removed now.
[22Mar2026 23:28:13.418] [Server thread/ERROR] [net.minecraft.stats.ServerRecipeBook/]: Tried to load unrecognized recipe: dynamictrees:minecraft_apple_to_apple_oak_seed removed now.
[22Mar2026 23:28:13.418] [Server thread/ERROR] [net.minecraft.stats.ServerRecipeBook/]: Tried to load unrecognized recipe: dtquark:quark_lavender_blossom_sapling_to_serene_blossom_seed removed now.
[22Mar2026 23:28:13.418] [Server thread/ERROR] [net.minecraft.stats.ServerRecipeBook/]: Tried to load unrecognized recipe: dtquark:quark_yellow_blossom_sapling_to_sunny_blossom_seed removed now.
[22Mar2026 23:28:13.418] [Server thread/ERROR] [net.minecraft.stats.ServerRecipeBook/]: Tried to load unrecognized recipe: dtbop:biomesoplenty_dead_sapling_to_silk_seed removed now.
[22Mar2026 23:28:13.418] [Server thread/ERROR] [net.minecraft.stats.ServerRecipeBook/]: Tried to load unrecognized recipe: dtbop:small_redwood_seed_to_biomesoplenty_redwood_sapling removed now.
[22Mar2026 23:28:13.418] [Server thread/ERROR] [net.minecraft.stats.ServerRecipeBook/]: Tried to load unrecognized recipe: dtbop:mahogany_seed_to_biomesoplenty_mahogany_sapling removed now.
[22Mar2026 23:28:13.418] [Server thread/ERROR] [net.minecraft.stats.ServerRecipeBook/]: Tried to load unrecognized recipe: dtbop:biomesoplenty_red_maple_sapling_to_red_maple_seed removed now.
[22Mar2026 23:28:13.419] [Server thread/ERROR] [net.minecraft.stats.ServerRecipeBook/]: Tried to load unrecognized recipe: dtbop:red_maple_seed_to_biomesoplenty_red_maple_sapling removed now.
[22Mar2026 23:28:13.419] [Server thread/ERROR] [net.minecraft.stats.ServerRecipeBook/]: Tried to load unrecognized recipe: dynamictrees:acacia_seed_to_minecraft_acacia_sapling removed now.
[22Mar2026 23:28:13.419] [Server thread/ERROR] [net.minecraft.stats.ServerRecipeBook/]: Tried to load unrecognized recipe: dtbop:biomesoplenty_jacaranda_sapling_to_jacaranda_seed removed now.
[22Mar2026 23:28:13.419] [Server thread/ERROR] [net.minecraft.stats.ServerRecipeBook/]: Tried to load unrecognized recipe: dynamictrees:spruce_seed_to_minecraft_spruce_sapling removed now.
[22Mar2026 23:28:13.419] [Server thread/ERROR] [net.minecraft.stats.ServerRecipeBook/]: Tried to load unrecognized recipe: dtbop:fir_seed_to_biomesoplenty_fir_sapling removed now.
[22Mar2026 23:28:13.419] [Server thread/ERROR] [net.minecraft.stats.ServerRecipeBook/]: Tried to load unrecognized recipe: dtbop:jacaranda_seed_to_biomesoplenty_jacaranda_sapling removed now.
[22Mar2026 23:28:13.419] [Server thread/ERROR] [net.minecraft.stats.ServerRecipeBook/]: Tried to load unrecognized recipe: dtbop:tall_dying_seed_to_biomesoplenty_dead_sapling removed now.
[22Mar2026 23:28:13.420] [Server thread/ERROR] [net.minecraft.stats.ServerRecipeBook/]: Tried to load unrecognized recipe: dtbop:biomesoplenty_magic_sapling_to_magic_poplar_seed removed now.
[22Mar2026 23:28:13.420] [Server thread/ERROR] [net.minecraft.stats.ServerRecipeBook/]: Tried to load unrecognized recipe: dynamictrees:minecraft_warped_fungus_to_warped_seed removed now.
[22Mar2026 23:28:13.420] [Server thread/ERROR] [net.minecraft.stats.ServerRecipeBook/]: Tried to load unrecognized recipe: dtbop:biomesoplenty_dead_sapling_to_dying_seed removed now.
[22Mar2026 23:28:13.420] [Server thread/ERROR] [net.minecraft.stats.ServerRecipeBook/]: Tried to load unrecognized recipe: dtbop:orange_maple_seed_to_biomesoplenty_orange_maple_sapling removed now.
[22Mar2026 23:28:13.420] [Server thread/ERROR] [net.minecraft.stats.ServerRecipeBook/]: Tried to load unrecognized recipe: dtbop:biomesoplenty_willow_sapling_to_willow_seed removed now.
[22Mar2026 23:28:13.421] [Server thread/ERROR] [net.minecraft.stats.ServerRecipeBook/]: Tried to load unrecognized recipe: dynamictrees:minecraft_flowering_azalea_to_azalea_seed removed now.
[22Mar2026 23:28:13.421] [Server thread/ERROR] [net.minecraft.stats.ServerRecipeBook/]: Tried to load unrecognized recipe: dynamictrees:minecraft_oak_sapling_to_oak_seed removed now.
[22Mar2026 23:28:13.421] [Server thread/ERROR] [net.minecraft.stats.ServerRecipeBook/]: Tried to load unrecognized recipe: dynamictrees:jungle_seed_to_minecraft_jungle_sapling removed now.
[22Mar2026 23:28:13.421] [Server thread/ERROR] [net.minecraft.stats.ServerRecipeBook/]: Tried to load unrecognized recipe: dtquark:fiery_blossom_seed_to_quark_red_blossom_sapling removed now.
[22Mar2026 23:28:13.421] [Server thread/ERROR] [net.minecraft.stats.ServerRecipeBook/]: Tried to load unrecognized recipe: dtquark:frosty_blossom_seed_to_quark_blue_blossom_sapling removed now.
[22Mar2026 23:28:13.421] [Server thread/ERROR] [net.minecraft.stats.ServerRecipeBook/]: Tried to load unrecognized recipe: dtbop:biomesoplenty_mahogany_sapling_to_mahogany_seed removed now.
[22Mar2026 23:28:13.421] [Server thread/ERROR] [net.minecraft.stats.ServerRecipeBook/]: Tried to load unrecognized recipe: dtbop:biomesoplenty_hellbark_sapling_to_hellbark_bush_seed removed now.
[22Mar2026 23:28:13.423] [Server thread/ERROR] [net.minecraft.stats.ServerRecipeBook/]: Tried to load unrecognized recipe: dtbop:palm_seed_to_biomesoplenty_palm_sapling removed now.
[22Mar2026 23:28:13.423] [Server thread/ERROR] [net.minecraft.stats.ServerRecipeBook/]: Tried to load unrecognized recipe: dynamictrees:cherry_seed_to_minecraft_cherry_sapling removed now.
[22Mar2026 23:28:13.423] [Server thread/ERROR] [net.minecraft.stats.ServerRecipeBook/]: Tried to load unrecognized recipe: dtbop:flowering_oak_seed_to_biomesoplenty_flowering_oak_sapling removed now.
[22Mar2026 23:28:13.423] [Server thread/ERROR] [net.minecraft.stats.ServerRecipeBook/]: Tried to load unrecognized recipe: dynamictrees:minecraft_jungle_sapling_to_jungle_seed removed now.
[22Mar2026 23:28:13.423] [Server thread/ERROR] [net.minecraft.stats.ServerRecipeBook/]: Tried to load unrecognized recipe: dtquark:sunny_blossom_seed_to_quark_yellow_blossom_sapling removed now.
[22Mar2026 23:28:13.423] [Server thread/ERROR] [net.minecraft.stats.ServerRecipeBook/]: Tried to load unrecognized recipe: dtbop:magic_poplar_seed_to_biomesoplenty_magic_sapling removed now.
[22Mar2026 23:28:13.423] [Server thread/ERROR] [net.minecraft.stats.ServerRecipeBook/]: Tried to load unrecognized recipe: dtbop:biomesoplenty_palm_sapling_to_palm_seed removed now.
[22Mar2026 23:28:13.423] [Server thread/ERROR] [net.minecraft.stats.ServerRecipeBook/]: Tried to load unrecognized recipe: dtbop:snowblossom_seed_to_biomesoplenty_snowblossom_sapling removed now.
[22Mar2026 23:28:13.423] [Server thread/ERROR] [net.minecraft.stats.ServerRecipeBook/]: Tried to load unrecognized recipe: dtbop:biomesoplenty_yellow_maple_sapling_to_yellow_maple_seed removed now.
[22Mar2026 23:28:13.424] [Server thread/ERROR] [net.minecraft.stats.ServerRecipeBook/]: Tried to load unrecognized recipe: dynamictrees:minecraft_spruce_sapling_to_spruce_seed removed now.
[22Mar2026 23:28:13.424] [Server thread/ERROR] [net.minecraft.stats.ServerRecipeBook/]: Tried to load unrecognized recipe: dynamictrees:azalea_seed_to_minecraft_azalea removed now.
[22Mar2026 23:28:13.424] [Server thread/ERROR] [net.minecraft.stats.ServerRecipeBook/]: Tried to load unrecognized recipe: dtquark:warm_blossom_seed_to_quark_orange_blossom_sapling removed now.
[22Mar2026 23:28:13.424] [Server thread/ERROR] [net.minecraft.stats.ServerRecipeBook/]: Tried to load unrecognized recipe: dtbop:biomesoplenty_redwood_sapling_to_small_redwood_seed removed now.
[22Mar2026 23:28:13.424] [Server thread/ERROR] [net.minecraft.stats.ServerRecipeBook/]: Tried to load unrecognized recipe: dynamictrees:oak_seed_to_minecraft_oak_sapling removed now.
[22Mar2026 23:28:13.424] [Server thread/ERROR] [net.minecraft.stats.ServerRecipeBook/]: Tried to load unrecognized recipe: dtbop:dying_seed_to_biomesoplenty_dead_sapling removed now.
[22Mar2026 23:28:13.425] [Server thread/ERROR] [net.minecraft.stats.ServerRecipeBook/]: Tried to load unrecognized recipe: dtbop:biomesoplenty_pine_sapling_to_pine_seed removed now.
[22Mar2026 23:28:13.425] [Server thread/ERROR] [net.minecraft.stats.ServerRecipeBook/]: Tried to load unrecognized recipe: dtbop:hellbark_bush_seed_to_biomesoplenty_hellbark_sapling removed now.
[22Mar2026 23:28:13.425] [Server thread/ERROR] [net.minecraft.stats.ServerRecipeBook/]: Tried to load unrecognized recipe: dynamictrees:dark_oak_seed_to_minecraft_dark_oak_sapling removed now.
[22Mar2026 23:28:13.425] [Server thread/ERROR] [net.minecraft.stats.ServerRecipeBook/]: Tried to load unrecognized recipe: dtbop:willow_seed_to_biomesoplenty_willow_sapling removed now.
[22Mar2026 23:28:13.426] [Server thread/ERROR] [net.minecraft.stats.ServerRecipeBook/]: Tried to load unrecognized recipe: dtbop:biomesoplenty_flowering_oak_sapling_to_flowering_oak_seed removed now.
[22Mar2026 23:28:13.426] [Server thread/ERROR] [net.minecraft.stats.ServerRecipeBook/]: Tried to load unrecognized recipe: dtquark:quark_red_blossom_sapling_to_fiery_blossom_seed removed now.
[22Mar2026 23:28:13.426] [Server thread/ERROR] [net.minecraft.stats.ServerRecipeBook/]: Tried to load unrecognized recipe: dynamictrees:minecraft_crimson_fungus_to_crimson_seed removed now.
[22Mar2026 23:28:13.426] [Server thread/ERROR] [net.minecraft.stats.ServerRecipeBook/]: Tried to load unrecognized recipe: dynamictrees:mangrove_seed_to_minecraft_mangrove_propagule removed now.
[22Mar2026 23:28:13.427] [Server thread/ERROR] [net.minecraft.stats.ServerRecipeBook/]: Tried to load unrecognized recipe: dynamictrees:minecraft_acacia_sapling_to_acacia_seed removed now.
[22Mar2026 23:28:13.427] [Server thread/ERROR] [net.minecraft.stats.ServerRecipeBook/]: Tried to load unrecognized recipe: dtbop:biomesoplenty_rainbow_birch_sapling_to_rainbow_birch_seed removed now.
[22Mar2026 23:28:13.427] [Server thread/ERROR] [net.minecraft.stats.ServerRecipeBook/]: Tried to load unrecognized recipe: dtbop:biomesoplenty_snowblossom_sapling_to_snowblossom_seed removed now.
[22Mar2026 23:28:13.427] [Server thread/ERROR] [net.minecraft.stats.ServerRecipeBook/]: Tried to load unrecognized recipe: dtquark:quark_orange_blossom_sapling_to_warm_blossom_seed removed now.
[22Mar2026 23:28:13.428] [Server thread/ERROR] [net.minecraft.stats.ServerRecipeBook/]: Tried to load unrecognized recipe: dtbop:pine_seed_to_biomesoplenty_pine_sapling removed now.
[22Mar2026 23:28:13.428] [Server thread/ERROR] [net.minecraft.stats.ServerRecipeBook/]: Tried to load unrecognized recipe: dynamictrees:birch_seed_to_minecraft_birch_sapling removed now.
[22Mar2026 23:28:13.429] [Server thread/ERROR] [net.minecraft.stats.ServerRecipeBook/]: Tried to load unrecognized recipe: dynamictrees:azalea_seed_to_minecraft_flowering_azalea removed now.
[22Mar2026 23:28:13.429] [Server thread/ERROR] [net.minecraft.stats.ServerRecipeBook/]: Tried to load unrecognized recipe: dtbop:biomesoplenty_dead_sapling_to_infested_seed removed now.
[22Mar2026 23:28:13.429] [Server thread/ERROR] [net.minecraft.stats.ServerRecipeBook/]: Tried to load unrecognized recipe: dtbop:yellow_maple_seed_to_biomesoplenty_yellow_maple_sapling removed now.
[22Mar2026 23:28:13.429] [Server thread/ERROR] [net.minecraft.stats.ServerRecipeBook/]: Tried to load unrecognized recipe: dtbop:biomesoplenty_umbran_sapling_to_umbran_seed removed now.
[22Mar2026 23:28:13.429] [Server thread/ERROR] [net.minecraft.stats.ServerRecipeBook/]: Tried to load unrecognized recipe: dtquark:quark_blue_blossom_sapling_to_frosty_blossom_seed removed now.
[22Mar2026 23:28:13.429] [Server thread/ERROR] [net.minecraft.stats.ServerRecipeBook/]: Tried to load unrecognized recipe: dtbop:biomesoplenty_fir_sapling_to_fir_seed removed now.
[22Mar2026 23:28:13.429] [Server thread/ERROR] [net.minecraft.stats.ServerRecipeBook/]: Tried to load unrecognized recipe: dtbop:infested_seed_to_biomesoplenty_dead_sapling removed now.
[22Mar2026 23:28:13.430] [Server thread/ERROR] [net.minecraft.stats.ServerRecipeBook/]: Tried to load unrecognized recipe: dynamictrees:minecraft_birch_sapling_to_birch_seed removed now.
[22Mar2026 23:28:13.430] [Server thread/ERROR] [net.minecraft.stats.ServerRecipeBook/]: Tried to load unrecognized recipe: dtbop:silk_seed_to_biomesoplenty_dead_sapling removed now.
[22Mar2026 23:28:13.430] [Server thread/ERROR] [net.minecraft.stats.ServerRecipeBook/]: Tried to load unrecognized recipe: dynamictrees:minecraft_dark_oak_sapling_to_dark_oak_seed removed now.
[22Mar2026 23:28:13.430] [Server thread/ERROR] [net.minecraft.stats.ServerRecipeBook/]: Tried to load unrecognized recipe: dynamictrees:minecraft_azalea_to_azalea_seed removed now.
[22Mar2026 23:28:13.430] [Server thread/ERROR] [net.minecraft.stats.ServerRecipeBook/]: Tried to load unrecognized recipe: dtquark:quark_ancient_fruit_to_ancient_seed removed now.
[22Mar2026 23:28:13.431] [Server thread/ERROR] [net.minecraft.stats.ServerRecipeBook/]: Tried to load unrecognized recipe: dtbop:biomesoplenty_dead_sapling_to_tall_dying_seed removed now.
[22Mar2026 23:28:13.431] [Server thread/ERROR] [net.minecraft.stats.ServerRecipeBook/]: Tried to load unrecognized recipe: dtquark:ancient_seed_to_quark_ancient_sapling removed now.
[22Mar2026 23:28:13.431] [Server thread/ERROR] [net.minecraft.stats.ServerRecipeBook/]: Tried to load unrecognized recipe: dtbop:rainbow_birch_seed_to_biomesoplenty_rainbow_birch_sapling removed now.
[22Mar2026 23:28:13.431] [Server thread/ERROR] [net.minecraft.stats.ServerRecipeBook/]: Tried to load unrecognized recipe: dynamictrees:minecraft_mangrove_propagule_to_mangrove_seed removed now.
[22Mar2026 23:28:13.431] [Server thread/ERROR] [net.minecraft.stats.ServerRecipeBook/]: Tried to load unrecognized recipe: dtbop:umbran_seed_to_biomesoplenty_umbran_sapling removed now.
[22Mar2026 23:28:13.431] [Server thread/ERROR] [net.minecraft.stats.ServerRecipeBook/]: Tried to load unrecognized recipe: dynamictrees:minecraft_cherry_sapling_to_cherry_seed removed now.
[22Mar2026 23:28:13.432] [Server thread/ERROR] [net.minecraft.stats.ServerRecipeBook/]: Tried to load unrecognized recipe: dynamictrees:crimson_seed_to_minecraft_crimson_fungus removed now.
[22Mar2026 23:28:13.432] [Server thread/ERROR] [net.minecraft.stats.ServerRecipeBook/]: Tried to load unrecognized recipe: dtbop:biomesoplenty_orange_maple_sapling_to_orange_maple_seed removed now.
[22Mar2026 23:28:13.432] [Server thread/ERROR] [net.minecraft.stats.ServerRecipeBook/]: Tried to load unrecognized recipe: dynamictrees:warped_seed_to_minecraft_warped_fungus removed now.
[22Mar2026 23:28:13.432] [Server thread/ERROR] [net.minecraft.stats.ServerRecipeBook/]: Tried to load unrecognized recipe: dtquark:serene_blossom_seed_to_quark_lavender_blossom_sapling removed now.
[22Mar2026 23:28:13.432] [Server thread/ERROR] [net.minecraft.stats.ServerRecipeBook/]: Tried to load unrecognized recipe: dtquark:quark_ancient_sapling_to_ancient_seed removed now.
[22Mar2026 23:28:13.432] [Server thread/ERROR] [net.minecraft.stats.ServerRecipeBook/]: Tried to load unrecognized recipe: dynamictrees:minecraft_apple_to_apple_oak_seed removed now.
[22Mar2026 23:28:13.433] [Server thread/ERROR] [net.minecraft.stats.ServerRecipeBook/]: Tried to load unrecognized recipe: dtquark:quark_lavender_blossom_sapling_to_serene_blossom_seed removed now.
[22Mar2026 23:28:13.433] [Server thread/ERROR] [net.minecraft.stats.ServerRecipeBook/]: Tried to load unrecognized recipe: dtquark:quark_yellow_blossom_sapling_to_sunny_blossom_seed removed now.
[22Mar2026 23:28:13.433] [Server thread/ERROR] [net.minecraft.stats.ServerRecipeBook/]: Tried to load unrecognized recipe: dtbop:biomesoplenty_dead_sapling_to_silk_seed removed now.
[22Mar2026 23:28:13.433] [Server thread/ERROR] [net.minecraft.stats.ServerRecipeBook/]: Tried to load unrecognized recipe: dtbop:small_redwood_seed_to_biomesoplenty_redwood_sapling removed now.
[22Mar2026 23:28:13.433] [Server thread/ERROR] [net.minecraft.stats.ServerRecipeBook/]: Tried to load unrecognized recipe: dtbop:mahogany_seed_to_biomesoplenty_mahogany_sapling removed now.
[22Mar2026 23:28:13.434] [Server thread/ERROR] [net.minecraft.stats.ServerRecipeBook/]: Tried to load unrecognized recipe: dtbop:biomesoplenty_red_maple_sapling_to_red_maple_seed removed now.
[22Mar2026 23:28:13.434] [Server thread/ERROR] [net.minecraft.stats.ServerRecipeBook/]: Tried to load unrecognized recipe: dtbop:red_maple_seed_to_biomesoplenty_red_maple_sapling removed now.
[22Mar2026 23:28:13.434] [Server thread/ERROR] [net.minecraft.stats.ServerRecipeBook/]: Tried to load unrecognized recipe: dynamictrees:acacia_seed_to_minecraft_acacia_sapling removed now.
[22Mar2026 23:28:13.434] [Server thread/ERROR] [net.minecraft.stats.ServerRecipeBook/]: Tried to load unrecognized recipe: dtbop:biomesoplenty_jacaranda_sapling_to_jacaranda_seed removed now.
[22Mar2026 23:28:13.434] [Server thread/ERROR] [net.minecraft.stats.ServerRecipeBook/]: Tried to load unrecognized recipe: dynamictrees:spruce_seed_to_minecraft_spruce_sapling removed now.
[22Mar2026 23:28:13.434] [Server thread/ERROR] [net.minecraft.stats.ServerRecipeBook/]: Tried to load unrecognized recipe: dtbop:fir_seed_to_biomesoplenty_fir_sapling removed now.
[22Mar2026 23:28:13.434] [Server thread/ERROR] [net.minecraft.stats.ServerRecipeBook/]: Tried to load unrecognized recipe: dtbop:jacaranda_seed_to_biomesoplenty_jacaranda_sapling removed now.
[22Mar2026 23:28:13.435] [Server thread/ERROR] [net.minecraft.stats.ServerRecipeBook/]: Tried to load unrecognized recipe: dtbop:tall_dying_seed_to_biomesoplenty_dead_sapling removed now.
[22Mar2026 23:28:13.435] [Server thread/ERROR] [net.minecraft.stats.ServerRecipeBook/]: Tried to load unrecognized recipe: dtbop:biomesoplenty_magic_sapling_to_magic_poplar_seed removed now.
[22Mar2026 23:28:13.435] [Server thread/ERROR] [net.minecraft.stats.ServerRecipeBook/]: Tried to load unrecognized recipe: dynamictrees:minecraft_warped_fungus_to_warped_seed removed now.
[22Mar2026 23:28:13.435] [Server thread/ERROR] [net.minecraft.stats.ServerRecipeBook/]: Tried to load unrecognized recipe: dtbop:biomesoplenty_dead_sapling_to_dying_seed removed now.
[22Mar2026 23:28:13.435] [Server thread/ERROR] [net.minecraft.stats.ServerRecipeBook/]: Tried to load unrecognized recipe: dtbop:orange_maple_seed_to_biomesoplenty_orange_maple_sapling removed now.
[22Mar2026 23:28:13.436] [Server thread/ERROR] [net.minecraft.stats.ServerRecipeBook/]: Tried to load unrecognized recipe: dtbop:biomesoplenty_willow_sapling_to_willow_seed removed now.
[22Mar2026 23:28:13.436] [Server thread/ERROR] [net.minecraft.stats.ServerRecipeBook/]: Tried to load unrecognized recipe: dynamictrees:minecraft_flowering_azalea_to_azalea_seed removed now.
[22Mar2026 23:28:13.436] [Server thread/ERROR] [net.minecraft.stats.ServerRecipeBook/]: Tried to load unrecognized recipe: dynamictrees:minecraft_oak_sapling_to_oak_seed removed now.
[22Mar2026 23:28:13.436] [Server thread/ERROR] [net.minecraft.stats.ServerRecipeBook/]: Tried to load unrecognized recipe: dynamictrees:jungle_seed_to_minecraft_jungle_sapling removed now.
[22Mar2026 23:28:13.436] [Server thread/ERROR] [net.minecraft.stats.ServerRecipeBook/]: Tried to load unrecognized recipe: dtquark:fiery_blossom_seed_to_quark_red_blossom_sapling removed now.
[22Mar2026 23:28:13.437] [Server thread/ERROR] [net.minecraft.stats.ServerRecipeBook/]: Tried to load unrecognized recipe: dtquark:frosty_blossom_seed_to_quark_blue_blossom_sapling removed now.
[22Mar2026 23:28:13.437] [Server thread/ERROR] [net.minecraft.stats.ServerRecipeBook/]: Tried to load unrecognized recipe: dtbop:biomesoplenty_mahogany_sapling_to_mahogany_seed removed now.
[22Mar2026 23:28:13.437] [Server thread/ERROR] [net.minecraft.stats.ServerRecipeBook/]: Tried to load unrecognized recipe: dtbop:biomesoplenty_hellbark_sapling_to_hellbark_bush_seed removed now.
[22Mar2026 23:28:13.437] [Server thread/ERROR] [net.minecraft.stats.ServerRecipeBook/]: Tried to load unrecognized recipe: dtbop:palm_seed_to_biomesoplenty_palm_sapling removed now.
[22Mar2026 23:28:13.437] [Server thread/ERROR] [net.minecraft.stats.ServerRecipeBook/]: Tried to load unrecognized recipe: dynamictrees:cherry_seed_to_minecraft_cherry_sapling removed now.
[22Mar2026 23:28:13.437] [Server thread/ERROR] [net.minecraft.stats.ServerRecipeBook/]: Tried to load unrecognized recipe: dtbop:flowering_oak_seed_to_biomesoplenty_flowering_oak_sapling removed now.
[22Mar2026 23:28:13.437] [Server thread/ERROR] [net.minecraft.stats.ServerRecipeBook/]: Tried to load unrecognized recipe: dynamictrees:minecraft_jungle_sapling_to_jungle_seed removed now.
[22Mar2026 23:28:13.438] [Server thread/ERROR] [net.minecraft.stats.ServerRecipeBook/]: Tried to load unrecognized recipe: dtquark:sunny_blossom_seed_to_quark_yellow_blossom_sapling removed now.
[22Mar2026 23:28:13.438] [Server thread/ERROR] [net.minecraft.stats.ServerRecipeBook/]: Tried to load unrecognized recipe: dtbop:magic_poplar_seed_to_biomesoplenty_magic_sapling removed now.
[22Mar2026 23:28:13.438] [Server thread/ERROR] [net.minecraft.stats.ServerRecipeBook/]: Tried to load unrecognized recipe: dtbop:biomesoplenty_palm_sapling_to_palm_seed removed now.
[22Mar2026 23:28:13.438] [Server thread/ERROR] [net.minecraft.stats.ServerRecipeBook/]: Tried to load unrecognized recipe: dtbop:snowblossom_seed_to_biomesoplenty_snowblossom_sapling removed now.
[22Mar2026 23:28:13.438] [Server thread/ERROR] [net.minecraft.stats.ServerRecipeBook/]: Tried to load unrecognized recipe: dtbop:biomesoplenty_yellow_maple_sapling_to_yellow_maple_seed removed now.
[22Mar2026 23:28:13.438] [Server thread/ERROR] [net.minecraft.stats.ServerRecipeBook/]: Tried to load unrecognized recipe: dynamictrees:minecraft_spruce_sapling_to_spruce_seed removed now.
[22Mar2026 23:28:13.439] [Server thread/ERROR] [net.minecraft.stats.ServerRecipeBook/]: Tried to load unrecognized recipe: dynamictrees:azalea_seed_to_minecraft_azalea removed now.
[22Mar2026 23:28:13.439] [Server thread/ERROR] [net.minecraft.stats.ServerRecipeBook/]: Tried to load unrecognized recipe: dtquark:warm_blossom_seed_to_quark_orange_blossom_sapling removed now.
[22Mar2026 23:28:13.439] [Server thread/ERROR] [net.minecraft.stats.ServerRecipeBook/]: Tried to load unrecognized recipe: dtbop:biomesoplenty_redwood_sapling_to_small_redwood_seed removed now.
[22Mar2026 23:28:13.439] [Server thread/ERROR] [net.minecraft.stats.ServerRecipeBook/]: Tried to load unrecognized recipe: dynamictrees:oak_seed_to_minecraft_oak_sapling removed now.
[22Mar2026 23:28:13.439] [Server thread/ERROR] [net.minecraft.stats.ServerRecipeBook/]: Tried to load unrecognized recipe: dtbop:dying_seed_to_biomesoplenty_dead_sapling removed now.
[22Mar2026 23:28:13.440] [Server thread/ERROR] [net.minecraft.stats.ServerRecipeBook/]: Tried to load unrecognized recipe: dtbop:biomesoplenty_pine_sapling_to_pine_seed removed now.
[22Mar2026 23:28:13.440] [Server thread/ERROR] [net.minecraft.stats.ServerRecipeBook/]: Tried to load unrecognized recipe: dtbop:hellbark_bush_seed_to_biomesoplenty_hellbark_sapling removed now.
[22Mar2026 23:28:13.440] [Server thread/ERROR] [net.minecraft.stats.ServerRecipeBook/]: Tried to load unrecognized recipe: dynamictrees:dark_oak_seed_to_minecraft_dark_oak_sapling removed now.
[22Mar2026 23:28:13.440] [Server thread/ERROR] [net.minecraft.stats.ServerRecipeBook/]: Tried to load unrecognized recipe: dtbop:willow_seed_to_biomesoplenty_willow_sapling removed now.
[22Mar2026 23:28:13.440] [Server thread/ERROR] [net.minecraft.stats.ServerRecipeBook/]: Tried to load unrecognized recipe: dtbop:biomesoplenty_flowering_oak_sapling_to_flowering_oak_seed removed now.
[22Mar2026 23:28:13.440] [Server thread/ERROR] [net.minecraft.stats.ServerRecipeBook/]: Tried to load unrecognized recipe: dtquark:quark_red_blossom_sapling_to_fiery_blossom_seed removed now.
[22Mar2026 23:28:13.441] [Server thread/ERROR] [net.minecraft.stats.ServerRecipeBook/]: Tried to load unrecognized recipe: dynamictrees:minecraft_crimson_fungus_to_crimson_seed removed now.
[22Mar2026 23:28:13.441] [Server thread/ERROR] [net.minecraft.stats.ServerRecipeBook/]: Tried to load unrecognized recipe: dynamictrees:mangrove_seed_to_minecraft_mangrove_propagule removed now.
[22Mar2026 23:28:13.441] [Server thread/ERROR] [net.minecraft.stats.ServerRecipeBook/]: Tried to load unrecognized recipe: dynamictrees:minecraft_acacia_sapling_to_acacia_seed removed now.
[22Mar2026 23:28:13.441] [Server thread/ERROR] [net.minecraft.stats.ServerRecipeBook/]: Tried to load unrecognized recipe: dtbop:biomesoplenty_rainbow_birch_sapling_to_rainbow_birch_seed removed now.
[22Mar2026 23:28:13.441] [Server thread/ERROR] [net.minecraft.stats.ServerRecipeBook/]: Tried to load unrecognized recipe: dtbop:biomesoplenty_snowblossom_sapling_to_snowblossom_seed removed now.
[22Mar2026 23:28:13.442] [Server thread/ERROR] [net.minecraft.stats.ServerRecipeBook/]: Tried to load unrecognized recipe: dtquark:quark_orange_blossom_sapling_to_warm_blossom_seed removed now.
[22Mar2026 23:28:13.442] [Server thread/ERROR] [net.minecraft.stats.ServerRecipeBook/]: Tried to load unrecognized recipe: dtbop:pine_seed_to_biomesoplenty_pine_sapling removed now.
[22Mar2026 23:28:13.442] [Server thread/ERROR] [net.minecraft.stats.ServerRecipeBook/]: Tried to load unrecognized recipe: dynamictrees:birch_seed_to_minecraft_birch_sapling removed now.
[22Mar2026 23:28:13.442] [Server thread/ERROR] [net.minecraft.stats.ServerRecipeBook/]: Tried to load unrecognized recipe: dynamictrees:azalea_seed_to_minecraft_flowering_azalea removed now.
[22Mar2026 23:28:13.442] [Server thread/ERROR] [net.minecraft.stats.ServerRecipeBook/]: Tried to load unrecognized recipe: dtbop:biomesoplenty_dead_sapling_to_infested_seed removed now.
[22Mar2026 23:28:13.443] [Server thread/ERROR] [net.minecraft.stats.ServerRecipeBook/]: Tried to load unrecognized recipe: dtbop:yellow_maple_seed_to_biomesoplenty_yellow_maple_sapling removed now.
[22Mar2026 23:28:13.443] [Server thread/ERROR] [net.minecraft.stats.ServerRecipeBook/]: Tried to load unrecognized recipe: dtbop:biomesoplenty_umbran_sapling_to_umbran_seed removed now.
[22Mar2026 23:28:13.443] [Server thread/ERROR] [net.minecraft.stats.ServerRecipeBook/]: Tried to load unrecognized recipe: dtquark:quark_blue_blossom_sapling_to_frosty_blossom_seed removed now.
[22Mar2026 23:28:13.443] [Server thread/ERROR] [net.minecraft.stats.ServerRecipeBook/]: Tried to load unrecognized recipe: dtbop:biomesoplenty_fir_sapling_to_fir_seed removed now.
[22Mar2026 23:28:13.445] [Server thread/INFO] [net.minecraft.server.players.PlayerList/]: SebasGEO[/127.46.219.95:45325] logged in with entity id 1339 at (1241.7453550557652, 68.0, 231.80300215101826)
[22Mar2026 23:28:13.455] [Server thread/INFO] [ModernFix/]: Using enhanced recipe sync for player SebasGEO
[22Mar2026 23:28:13.458] [Server thread/INFO] [net.minecraft.server.MinecraftServer/]: SebasGEO joined the game
[22Mar2026 23:28:13.501] [Server thread/WARN] [net.minecraft.world.scores.Scoreboard/]: Requested creation of existing team 'pillagers'
[22Mar2026 23:28:13.502] [Server thread/WARN] [net.minecraft.world.scores.Scoreboard/]: Requested creation of existing team 'villagers'
[22Mar2026 23:28:13.502] [Server thread/INFO] [Jade/]: Syncing config to SebasGEO (355dd2c5-2038-3392-9b15-fa4e2454f725)
[22Mar2026 23:28:15.619] [Server thread/INFO] [voicechat/]: [voicechat] Received secret request of SebasGEO (20)
[22Mar2026 23:28:15.620] [Server thread/INFO] [voicechat/]: [voicechat] Sent secret to SebasGEO
[22Mar2026 23:28:15.621] [Server thread/INFO] [com.alrex.parcool.ParCool/]: Limitation of 355dd2c5-2038-3392-9b15-fa4e2454f725 was loaded
[22Mar2026 23:28:15.621] [Server thread/INFO] [com.alrex.parcool.ParCool/]: Sent Server Limitation of [SebasGEO]
[22Mar2026 23:28:15.621] [Server thread/INFO] [com.alrex.parcool.ParCool/]: Received Client Information of [SebasGEO]
[22Mar2026 23:28:22.383] [Server thread/INFO] [net.minecraft.server.MinecraftServer/]: [Not Secure] <Kekin> usa el barra skin no veo tu skin
[22Mar2026 23:28:23.198] [Server thread/WARN] [net.minecraft.server.MinecraftServer/]: Can't keep up! Is the server overloaded? Running 10232ms or 204 ticks behind
[22Mar2026 23:28:23.807] [Server thread/INFO] [ImprovableSkills/]: Sending skill data to SebasGEO (355dd2c5-2038-3392-9b15-fa4e2454f725)
[22Mar2026 23:28:35.393] [Server thread/INFO] [net.minecraft.server.MinecraftServer/]: [Not Secure] <SebasGEO> duerme causa
[22Mar2026 23:28:38.454] [Server thread/INFO] [net.minecraft.server.MinecraftServer/]: [Not Secure] <Kekin> nmms
[22Mar2026 23:28:40.024] [Server thread/INFO] [net.minecraft.server.network.ServerGamePacketListenerImpl/]: Kekin lost connection: Disconnected
[22Mar2026 23:28:40.024] [Server thread/INFO] [net.minecraft.server.MinecraftServer/]: Kekin left the game
[22Mar2026 23:28:40.025] [Server thread/INFO] [com.alrex.parcool.ParCool/]: Limitation of 6447abfc-ec7a-33ab-946c-e8e797ff1ad1 was unloaded
[22Mar2026 23:28:40.025] [Server thread/INFO] [voicechat/]: [voicechat] Disconnecting client Kekin
[22Mar2026 23:28:40.457] [Server thread/WARN] [net.minecraft.server.MinecraftServer/]: Can't keep up! Is the server overloaded? Running 2041ms or 40 ticks behind
[22Mar2026 23:28:51.263] [Server thread/INFO] [net.minecraft.server.MinecraftServer/]: Made seebasge a server operator
[22Mar2026 23:29:09.471] [Server thread/INFO] [net.minecraft.server.MinecraftServer/]: Made Sebage a server operator
[22Mar2026 23:29:16.403] [Server thread/ERROR] [net.minecraft.stats.ServerRecipeBook/]: Tried to load unrecognized recipe: dtbop:infested_seed_to_biomesoplenty_dead_sapling removed now.
[22Mar2026 23:29:16.403] [Server thread/ERROR] [net.minecraft.stats.ServerRecipeBook/]: Tried to load unrecognized recipe: dynamictrees:minecraft_birch_sapling_to_birch_seed removed now.
[22Mar2026 23:29:16.404] [Server thread/ERROR] [net.minecraft.stats.ServerRecipeBook/]: Tried to load unrecognized recipe: dtbop:silk_seed_to_biomesoplenty_dead_sapling removed now.
[22Mar2026 23:29:16.404] [Server thread/ERROR] [net.minecraft.stats.ServerRecipeBook/]: Tried to load unrecognized recipe: dynamictrees:minecraft_dark_oak_sapling_to_dark_oak_seed removed now.
[22Mar2026 23:29:16.404] [Server thread/ERROR] [net.minecraft.stats.ServerRecipeBook/]: Tried to load unrecognized recipe: dynamictrees:minecraft_azalea_to_azalea_seed removed now.
[22Mar2026 23:29:16.404] [Server thread/ERROR] [net.minecraft.stats.ServerRecipeBook/]: Tried to load unrecognized recipe: dtquark:quark_ancient_fruit_to_ancient_seed removed now.
[22Mar2026 23:29:16.404] [Server thread/ERROR] [net.minecraft.stats.ServerRecipeBook/]: Tried to load unrecognized recipe: dtbop:biomesoplenty_dead_sapling_to_tall_dying_seed removed now.
[22Mar2026 23:29:16.404] [Server thread/ERROR] [net.minecraft.stats.ServerRecipeBook/]: Tried to load unrecognized recipe: dtquark:ancient_seed_to_quark_ancient_sapling removed now.
[22Mar2026 23:29:16.405] [Server thread/ERROR] [net.minecraft.stats.ServerRecipeBook/]: Tried to load unrecognized recipe: dtbop:rainbow_birch_seed_to_biomesoplenty_rainbow_birch_sapling removed now.
[22Mar2026 23:29:16.405] [Server thread/ERROR] [net.minecraft.stats.ServerRecipeBook/]: Tried to load unrecognized recipe: dynamictrees:minecraft_mangrove_propagule_to_mangrove_seed removed now.
[22Mar2026 23:29:16.405] [Server thread/ERROR] [net.minecraft.stats.ServerRecipeBook/]: Tried to load unrecognized recipe: dtbop:umbran_seed_to_biomesoplenty_umbran_sapling removed now.
[22Mar2026 23:29:16.405] [Server thread/ERROR] [net.minecraft.stats.ServerRecipeBook/]: Tried to load unrecognized recipe: dynamictrees:minecraft_cherry_sapling_to_cherry_seed removed now.
[22Mar2026 23:29:16.405] [Server thread/ERROR] [net.minecraft.stats.ServerRecipeBook/]: Tried to load unrecognized recipe: dynamictrees:crimson_seed_to_minecraft_crimson_fungus removed now.
[22Mar2026 23:29:16.405] [Server thread/ERROR] [net.minecraft.stats.ServerRecipeBook/]: Tried to load unrecognized recipe: dtbop:biomesoplenty_orange_maple_sapling_to_orange_maple_seed removed now.
[22Mar2026 23:29:16.405] [Server thread/ERROR] [net.minecraft.stats.ServerRecipeBook/]: Tried to load unrecognized recipe: dynamictrees:warped_seed_to_minecraft_warped_fungus removed now.
[22Mar2026 23:29:16.406] [Server thread/ERROR] [net.minecraft.stats.ServerRecipeBook/]: Tried to load unrecognized recipe: dtquark:serene_blossom_seed_to_quark_lavender_blossom_sapling removed now.
[22Mar2026 23:29:16.406] [Server thread/ERROR] [net.minecraft.stats.ServerRecipeBook/]: Tried to load unrecognized recipe: dtquark:quark_ancient_sapling_to_ancient_seed removed now.
[22Mar2026 23:29:16.406] [Server thread/ERROR] [net.minecraft.stats.ServerRecipeBook/]: Tried to load unrecognized recipe: dynamictrees:minecraft_apple_to_apple_oak_seed removed now.
[22Mar2026 23:29:16.406] [Server thread/ERROR] [net.minecraft.stats.ServerRecipeBook/]: Tried to load unrecognized recipe: dtquark:quark_lavender_blossom_sapling_to_serene_blossom_seed removed now.
[22Mar2026 23:29:16.406] [Server thread/ERROR] [net.minecraft.stats.ServerRecipeBook/]: Tried to load unrecognized recipe: dtquark:quark_yellow_blossom_sapling_to_sunny_blossom_seed removed now.
[22Mar2026 23:29:16.406] [Server thread/ERROR] [net.minecraft.stats.ServerRecipeBook/]: Tried to load unrecognized recipe: dtbop:biomesoplenty_dead_sapling_to_silk_seed removed now.
[22Mar2026 23:29:16.406] [Server thread/ERROR] [net.minecraft.stats.ServerRecipeBook/]: Tried to load unrecognized recipe: dtbop:small_redwood_seed_to_biomesoplenty_redwood_sapling removed now.
[22Mar2026 23:29:16.407] [Server thread/ERROR] [net.minecraft.stats.ServerRecipeBook/]: Tried to load unrecognized recipe: dtbop:mahogany_seed_to_biomesoplenty_mahogany_sapling removed now.
[22Mar2026 23:29:16.407] [Server thread/ERROR] [net.minecraft.stats.ServerRecipeBook/]: Tried to load unrecognized recipe: dtbop:biomesoplenty_red_maple_sapling_to_red_maple_seed removed now.
[22Mar2026 23:29:16.408] [Server thread/ERROR] [net.minecraft.stats.ServerRecipeBook/]: Tried to load unrecognized recipe: dtbop:red_maple_seed_to_biomesoplenty_red_maple_sapling removed now.
[22Mar2026 23:29:16.408] [Server thread/ERROR] [net.minecraft.stats.ServerRecipeBook/]: Tried to load unrecognized recipe: dynamictrees:acacia_seed_to_minecraft_acacia_sapling removed now.
[22Mar2026 23:29:16.408] [Server thread/ERROR] [net.minecraft.stats.ServerRecipeBook/]: Tried to load unrecognized recipe: dtbop:biomesoplenty_jacaranda_sapling_to_jacaranda_seed removed now.
[22Mar2026 23:29:16.408] [Server thread/ERROR] [net.minecraft.stats.ServerRecipeBook/]: Tried to load unrecognized recipe: dynamictrees:spruce_seed_to_minecraft_spruce_sapling removed now.
[22Mar2026 23:29:16.408] [Server thread/ERROR] [net.minecraft.stats.ServerRecipeBook/]: Tried to load unrecognized recipe: dtbop:fir_seed_to_biomesoplenty_fir_sapling removed now.
[22Mar2026 23:29:16.409] [Server thread/ERROR] [net.minecraft.stats.ServerRecipeBook/]: Tried to load unrecognized recipe: dtbop:jacaranda_seed_to_biomesoplenty_jacaranda_sapling removed now.
[22Mar2026 23:29:16.409] [Server thread/ERROR] [net.minecraft.stats.ServerRecipeBook/]: Tried to load unrecognized recipe: dtbop:tall_dying_seed_to_biomesoplenty_dead_sapling removed now.
[22Mar2026 23:29:16.409] [Server thread/ERROR] [net.minecraft.stats.ServerRecipeBook/]: Tried to load unrecognized recipe: dtbop:biomesoplenty_magic_sapling_to_magic_poplar_seed removed now.
[22Mar2026 23:29:16.409] [Server thread/ERROR] [net.minecraft.stats.ServerRecipeBook/]: Tried to load unrecognized recipe: dynamictrees:minecraft_warped_fungus_to_warped_seed removed now.
[22Mar2026 23:29:16.409] [Server thread/ERROR] [net.minecraft.stats.ServerRecipeBook/]: Tried to load unrecognized recipe: dtbop:biomesoplenty_dead_sapling_to_dying_seed removed now.
[22Mar2026 23:29:16.409] [Server thread/ERROR] [net.minecraft.stats.ServerRecipeBook/]: Tried to load unrecognized recipe: dtbop:orange_maple_seed_to_biomesoplenty_orange_maple_sapling removed now.
[22Mar2026 23:29:16.410] [Server thread/ERROR] [net.minecraft.stats.ServerRecipeBook/]: Tried to load unrecognized recipe: dtbop:biomesoplenty_willow_sapling_to_willow_seed removed now.
[22Mar2026 23:29:16.410] [Server thread/ERROR] [net.minecraft.stats.ServerRecipeBook/]: Tried to load unrecognized recipe: dynamictrees:minecraft_flowering_azalea_to_azalea_seed removed now.
[22Mar2026 23:29:16.410] [Server thread/ERROR] [net.minecraft.stats.ServerRecipeBook/]: Tried to load unrecognized recipe: dynamictrees:minecraft_oak_sapling_to_oak_seed removed now.
[22Mar2026 23:29:16.410] [Server thread/ERROR] [net.minecraft.stats.ServerRecipeBook/]: Tried to load unrecognized recipe: dynamictrees:jungle_seed_to_minecraft_jungle_sapling removed now.
[22Mar2026 23:29:16.410] [Server thread/ERROR] [net.minecraft.stats.ServerRecipeBook/]: Tried to load unrecognized recipe: dtquark:fiery_blossom_seed_to_quark_red_blossom_sapling removed now.
[22Mar2026 23:29:16.411] [Server thread/ERROR] [net.minecraft.stats.ServerRecipeBook/]: Tried to load unrecognized recipe: dtquark:frosty_blossom_seed_to_quark_blue_blossom_sapling removed now.
[22Mar2026 23:29:16.411] [Server thread/ERROR] [net.minecraft.stats.ServerRecipeBook/]: Tried to load unrecognized recipe: dtbop:biomesoplenty_mahogany_sapling_to_mahogany_seed removed now.
[22Mar2026 23:29:16.411] [Server thread/ERROR] [net.minecraft.stats.ServerRecipeBook/]: Tried to load unrecognized recipe: dtbop:biomesoplenty_hellbark_sapling_to_hellbark_bush_seed removed now.
[22Mar2026 23:29:16.411] [Server thread/ERROR] [net.minecraft.stats.ServerRecipeBook/]: Tried to load unrecognized recipe: dtbop:palm_seed_to_biomesoplenty_palm_sapling removed now.
[22Mar2026 23:29:16.411] [Server thread/ERROR] [net.minecraft.stats.ServerRecipeBook/]: Tried to load unrecognized recipe: dynamictrees:cherry_seed_to_minecraft_cherry_sapling removed now.
[22Mar2026 23:29:16.411] [Server thread/ERROR] [net.minecraft.stats.ServerRecipeBook/]: Tried to load unrecognized recipe: dtbop:flowering_oak_seed_to_biomesoplenty_flowering_oak_sapling removed now.
[22Mar2026 23:29:16.411] [Server thread/ERROR] [net.minecraft.stats.ServerRecipeBook/]: Tried to load unrecognized recipe: dynamictrees:minecraft_jungle_sapling_to_jungle_seed removed now.
[22Mar2026 23:29:16.411] [Server thread/ERROR] [net.minecraft.stats.ServerRecipeBook/]: Tried to load unrecognized recipe: dtquark:sunny_blossom_seed_to_quark_yellow_blossom_sapling removed now.
[22Mar2026 23:29:16.411] [Server thread/ERROR] [net.minecraft.stats.ServerRecipeBook/]: Tried to load unrecognized recipe: dtbop:magic_poplar_seed_to_biomesoplenty_magic_sapling removed now.
[22Mar2026 23:29:16.411] [Server thread/ERROR] [net.minecraft.stats.ServerRecipeBook/]: Tried to load unrecognized recipe: dtbop:biomesoplenty_palm_sapling_to_palm_seed removed now.
[22Mar2026 23:29:16.411] [Server thread/ERROR] [net.minecraft.stats.ServerRecipeBook/]: Tried to load unrecognized recipe: dtbop:snowblossom_seed_to_biomesoplenty_snowblossom_sapling removed now.
[22Mar2026 23:29:16.412] [Server thread/ERROR] [net.minecraft.stats.ServerRecipeBook/]: Tried to load unrecognized recipe: dtbop:biomesoplenty_yellow_maple_sapling_to_yellow_maple_seed removed now.
[22Mar2026 23:29:16.412] [Server thread/ERROR] [net.minecraft.stats.ServerRecipeBook/]: Tried to load unrecognized recipe: dynamictrees:minecraft_spruce_sapling_to_spruce_seed removed now.
[22Mar2026 23:29:16.412] [Server thread/ERROR] [net.minecraft.stats.ServerRecipeBook/]: Tried to load unrecognized recipe: dynamictrees:azalea_seed_to_minecraft_azalea removed now.
[22Mar2026 23:29:16.412] [Server thread/ERROR] [net.minecraft.stats.ServerRecipeBook/]: Tried to load unrecognized recipe: dtquark:warm_blossom_seed_to_quark_orange_blossom_sapling removed now.
[22Mar2026 23:29:16.412] [Server thread/ERROR] [net.minecraft.stats.ServerRecipeBook/]: Tried to load unrecognized recipe: dtbop:biomesoplenty_redwood_sapling_to_small_redwood_seed removed now.
[22Mar2026 23:29:16.412] [Server thread/ERROR] [net.minecraft.stats.ServerRecipeBook/]: Tried to load unrecognized recipe: dynamictrees:oak_seed_to_minecraft_oak_sapling removed now.
[22Mar2026 23:29:16.412] [Server thread/ERROR] [net.minecraft.stats.ServerRecipeBook/]: Tried to load unrecognized recipe: dtbop:dying_seed_to_biomesoplenty_dead_sapling removed now.
[22Mar2026 23:29:16.412] [Server thread/ERROR] [net.minecraft.stats.ServerRecipeBook/]: Tried to load unrecognized recipe: dtbop:biomesoplenty_pine_sapling_to_pine_seed removed now.
[22Mar2026 23:29:16.412] [Server thread/ERROR] [net.minecraft.stats.ServerRecipeBook/]: Tried to load unrecognized recipe: dtbop:hellbark_bush_seed_to_biomesoplenty_hellbark_sapling removed now.
[22Mar2026 23:29:16.412] [Server thread/ERROR] [net.minecraft.stats.ServerRecipeBook/]: Tried to load unrecognized recipe: dynamictrees:dark_oak_seed_to_minecraft_dark_oak_sapling removed now.
[22Mar2026 23:29:16.413] [Server thread/ERROR] [net.minecraft.stats.ServerRecipeBook/]: Tried to load unrecognized recipe: dtbop:willow_seed_to_biomesoplenty_willow_sapling removed now.
[22Mar2026 23:29:16.413] [Server thread/ERROR] [net.minecraft.stats.ServerRecipeBook/]: Tried to load unrecognized recipe: dtbop:biomesoplenty_flowering_oak_sapling_to_flowering_oak_seed removed now.
[22Mar2026 23:29:16.413] [Server thread/ERROR] [net.minecraft.stats.ServerRecipeBook/]: Tried to load unrecognized recipe: dtquark:quark_red_blossom_sapling_to_fiery_blossom_seed removed now.
[22Mar2026 23:29:16.413] [Server thread/ERROR] [net.minecraft.stats.ServerRecipeBook/]: Tried to load unrecognized recipe: dynamictrees:minecraft_crimson_fungus_to_crimson_seed removed now.
[22Mar2026 23:29:16.413] [Server thread/ERROR] [net.minecraft.stats.ServerRecipeBook/]: Tried to load unrecognized recipe: dynamictrees:mangrove_seed_to_minecraft_mangrove_propagule removed now.
[22Mar2026 23:29:16.413] [Server thread/ERROR] [net.minecraft.stats.ServerRecipeBook/]: Tried to load unrecognized recipe: dynamictrees:minecraft_acacia_sapling_to_acacia_seed removed now.
[22Mar2026 23:29:16.413] [Server thread/ERROR] [net.minecraft.stats.ServerRecipeBook/]: Tried to load unrecognized recipe: dtbop:biomesoplenty_rainbow_birch_sapling_to_rainbow_birch_seed removed now.
[22Mar2026 23:29:16.413] [Server thread/ERROR] [net.minecraft.stats.ServerRecipeBook/]: Tried to load unrecognized recipe: dtbop:biomesoplenty_snowblossom_sapling_to_snowblossom_seed removed now.
[22Mar2026 23:29:16.413] [Server thread/ERROR] [net.minecraft.stats.ServerRecipeBook/]: Tried to load unrecognized recipe: dtquark:quark_orange_blossom_sapling_to_warm_blossom_seed removed now.
[22Mar2026 23:29:16.413] [Server thread/ERROR] [net.minecraft.stats.ServerRecipeBook/]: Tried to load unrecognized recipe: dtbop:pine_seed_to_biomesoplenty_pine_sapling removed now.
[22Mar2026 23:29:16.414] [Server thread/ERROR] [net.minecraft.stats.ServerRecipeBook/]: Tried to load unrecognized recipe: dynamictrees:birch_seed_to_minecraft_birch_sapling removed now.
[22Mar2026 23:29:16.414] [Server thread/ERROR] [net.minecraft.stats.ServerRecipeBook/]: Tried to load unrecognized recipe: dynamictrees:azalea_seed_to_minecraft_flowering_azalea removed now.
[22Mar2026 23:29:16.414] [Server thread/ERROR] [net.minecraft.stats.ServerRecipeBook/]: Tried to load unrecognized recipe: dtbop:biomesoplenty_dead_sapling_to_infested_seed removed now.
[22Mar2026 23:29:16.414] [Server thread/ERROR] [net.minecraft.stats.ServerRecipeBook/]: Tried to load unrecognized recipe: dtbop:yellow_maple_seed_to_biomesoplenty_yellow_maple_sapling removed now.
[22Mar2026 23:29:16.414] [Server thread/ERROR] [net.minecraft.stats.ServerRecipeBook/]: Tried to load unrecognized recipe: dtbop:biomesoplenty_umbran_sapling_to_umbran_seed removed now.
[22Mar2026 23:29:16.414] [Server thread/ERROR] [net.minecraft.stats.ServerRecipeBook/]: Tried to load unrecognized recipe: dtquark:quark_blue_blossom_sapling_to_frosty_blossom_seed removed now.
[22Mar2026 23:29:16.414] [Server thread/ERROR] [net.minecraft.stats.ServerRecipeBook/]: Tried to load unrecognized recipe: dtbop:biomesoplenty_fir_sapling_to_fir_seed removed now.
[22Mar2026 23:29:16.414] [Server thread/ERROR] [net.minecraft.stats.ServerRecipeBook/]: Tried to load unrecognized recipe: dynamictrees:jungle_seed_to_minecraft_jungle_sapling removed now.
[22Mar2026 23:29:16.415] [Server thread/ERROR] [net.minecraft.stats.ServerRecipeBook/]: Tried to load unrecognized recipe: dtquark:fiery_blossom_seed_to_quark_red_blossom_sapling removed now.
[22Mar2026 23:29:16.415] [Server thread/ERROR] [net.minecraft.stats.ServerRecipeBook/]: Tried to load unrecognized recipe: dtbop:infested_seed_to_biomesoplenty_dead_sapling removed now.
[22Mar2026 23:29:16.415] [Server thread/ERROR] [net.minecraft.stats.ServerRecipeBook/]: Tried to load unrecognized recipe: dynamictrees:minecraft_birch_sapling_to_birch_seed removed now.
[22Mar2026 23:29:16.415] [Server thread/ERROR] [net.minecraft.stats.ServerRecipeBook/]: Tried to load unrecognized recipe: dtquark:frosty_blossom_seed_to_quark_blue_blossom_sapling removed now.
[22Mar2026 23:29:16.415] [Server thread/ERROR] [net.minecraft.stats.ServerRecipeBook/]: Tried to load unrecognized recipe: dtbop:biomesoplenty_mahogany_sapling_to_mahogany_seed removed now.
[22Mar2026 23:29:16.415] [Server thread/ERROR] [net.minecraft.stats.ServerRecipeBook/]: Tried to load unrecognized recipe: dtbop:silk_seed_to_biomesoplenty_dead_sapling removed now.
[22Mar2026 23:29:16.415] [Server thread/ERROR] [net.minecraft.stats.ServerRecipeBook/]: Tried to load unrecognized recipe: dynamictrees:minecraft_dark_oak_sapling_to_dark_oak_seed removed now.
[22Mar2026 23:29:16.415] [Server thread/ERROR] [net.minecraft.stats.ServerRecipeBook/]: Tried to load unrecognized recipe: dtbop:biomesoplenty_hellbark_sapling_to_hellbark_bush_seed removed now.
[22Mar2026 23:29:16.416] [Server thread/ERROR] [net.minecraft.stats.ServerRecipeBook/]: Tried to load unrecognized recipe: dtbop:palm_seed_to_biomesoplenty_palm_sapling removed now.
[22Mar2026 23:29:16.416] [Server thread/ERROR] [net.minecraft.stats.ServerRecipeBook/]: Tried to load unrecognized recipe: dynamictrees:cherry_seed_to_minecraft_cherry_sapling removed now.
[22Mar2026 23:29:16.416] [Server thread/ERROR] [net.minecraft.stats.ServerRecipeBook/]: Tried to load unrecognized recipe: dynamictrees:minecraft_azalea_to_azalea_seed removed now.
[22Mar2026 23:29:16.416] [Server thread/ERROR] [net.minecraft.stats.ServerRecipeBook/]: Tried to load unrecognized recipe: dtbop:flowering_oak_seed_to_biomesoplenty_flowering_oak_sapling removed now.
[22Mar2026 23:29:16.416] [Server thread/ERROR] [net.minecraft.stats.ServerRecipeBook/]: Tried to load unrecognized recipe: dynamictrees:minecraft_jungle_sapling_to_jungle_seed removed now.
[22Mar2026 23:29:16.416] [Server thread/ERROR] [net.minecraft.stats.ServerRecipeBook/]: Tried to load unrecognized recipe: dtquark:sunny_blossom_seed_to_quark_yellow_blossom_sapling removed now.
[22Mar2026 23:29:16.416] [Server thread/ERROR] [net.minecraft.stats.ServerRecipeBook/]: Tried to load unrecognized recipe: dtquark:quark_ancient_fruit_to_ancient_seed removed now.
[22Mar2026 23:29:16.417] [Server thread/ERROR] [net.minecraft.stats.ServerRecipeBook/]: Tried to load unrecognized recipe: dtbop:biomesoplenty_dead_sapling_to_tall_dying_seed removed now.
[22Mar2026 23:29:16.417] [Server thread/ERROR] [net.minecraft.stats.ServerRecipeBook/]: Tried to load unrecognized recipe: dtquark:ancient_seed_to_quark_ancient_sapling removed now.
[22Mar2026 23:29:16.417] [Server thread/ERROR] [net.minecraft.stats.ServerRecipeBook/]: Tried to load unrecognized recipe: dtbop:magic_poplar_seed_to_biomesoplenty_magic_sapling removed now.
[22Mar2026 23:29:16.417] [Server thread/ERROR] [net.minecraft.stats.ServerRecipeBook/]: Tried to load unrecognized recipe: dtbop:biomesoplenty_palm_sapling_to_palm_seed removed now.
[22Mar2026 23:29:16.417] [Server thread/ERROR] [net.minecraft.stats.ServerRecipeBook/]: Tried to load unrecognized recipe: dtbop:snowblossom_seed_to_biomesoplenty_snowblossom_sapling removed now.
[22Mar2026 23:29:16.417] [Server thread/ERROR] [net.minecraft.stats.ServerRecipeBook/]: Tried to load unrecognized recipe: dtbop:biomesoplenty_yellow_maple_sapling_to_yellow_maple_seed removed now.
[22Mar2026 23:29:16.417] [Server thread/ERROR] [net.minecraft.stats.ServerRecipeBook/]: Tried to load unrecognized recipe: dtbop:rainbow_birch_seed_to_biomesoplenty_rainbow_birch_sapling removed now.
[22Mar2026 23:29:16.417] [Server thread/ERROR] [net.minecraft.stats.ServerRecipeBook/]: Tried to load unrecognized recipe: dynamictrees:minecraft_spruce_sapling_to_spruce_seed removed now.
[22Mar2026 23:29:16.417] [Server thread/ERROR] [net.minecraft.stats.ServerRecipeBook/]: Tried to load unrecognized recipe: dynamictrees:minecraft_mangrove_propagule_to_mangrove_seed removed now.
[22Mar2026 23:29:16.418] [Server thread/ERROR] [net.minecraft.stats.ServerRecipeBook/]: Tried to load unrecognized recipe: dtbop:umbran_seed_to_biomesoplenty_umbran_sapling removed now.
[22Mar2026 23:29:16.418] [Server thread/ERROR] [net.minecraft.stats.ServerRecipeBook/]: Tried to load unrecognized recipe: dynamictrees:azalea_seed_to_minecraft_azalea removed now.
[22Mar2026 23:29:16.418] [Server thread/ERROR] [net.minecraft.stats.ServerRecipeBook/]: Tried to load unrecognized recipe: dynamictrees:minecraft_cherry_sapling_to_cherry_seed removed now.
[22Mar2026 23:29:16.418] [Server thread/ERROR] [net.minecraft.stats.ServerRecipeBook/]: Tried to load unrecognized recipe: dynamictrees:crimson_seed_to_minecraft_crimson_fungus removed now.
[22Mar2026 23:29:16.418] [Server thread/ERROR] [net.minecraft.stats.ServerRecipeBook/]: Tried to load unrecognized recipe: dtquark:warm_blossom_seed_to_quark_orange_blossom_sapling removed now.
[22Mar2026 23:29:16.418] [Server thread/ERROR] [net.minecraft.stats.ServerRecipeBook/]: Tried to load unrecognized recipe: dtbop:biomesoplenty_orange_maple_sapling_to_orange_maple_seed removed now.
[22Mar2026 23:29:16.418] [Server thread/ERROR] [net.minecraft.stats.ServerRecipeBook/]: Tried to load unrecognized recipe: dtbop:biomesoplenty_redwood_sapling_to_small_redwood_seed removed now.
[22Mar2026 23:29:16.418] [Server thread/ERROR] [net.minecraft.stats.ServerRecipeBook/]: Tried to load unrecognized recipe: dynamictrees:warped_seed_to_minecraft_warped_fungus removed now.
[22Mar2026 23:29:16.419] [Server thread/ERROR] [net.minecraft.stats.ServerRecipeBook/]: Tried to load unrecognized recipe: dtquark:serene_blossom_seed_to_quark_lavender_blossom_sapling removed now.
[22Mar2026 23:29:16.419] [Server thread/ERROR] [net.minecraft.stats.ServerRecipeBook/]: Tried to load unrecognized recipe: dtquark:quark_ancient_sapling_to_ancient_seed removed now.
[22Mar2026 23:29:16.419] [Server thread/ERROR] [net.minecraft.stats.ServerRecipeBook/]: Tried to load unrecognized recipe: dynamictrees:oak_seed_to_minecraft_oak_sapling removed now.
[22Mar2026 23:29:16.419] [Server thread/ERROR] [net.minecraft.stats.ServerRecipeBook/]: Tried to load unrecognized recipe: dynamictrees:minecraft_apple_to_apple_oak_seed removed now.
[22Mar2026 23:29:16.419] [Server thread/ERROR] [net.minecraft.stats.ServerRecipeBook/]: Tried to load unrecognized recipe: dtbop:dying_seed_to_biomesoplenty_dead_sapling removed now.
[22Mar2026 23:29:16.419] [Server thread/ERROR] [net.minecraft.stats.ServerRecipeBook/]: Tried to load unrecognized recipe: dtquark:quark_lavender_blossom_sapling_to_serene_blossom_seed removed now.
[22Mar2026 23:29:16.419] [Server thread/ERROR] [net.minecraft.stats.ServerRecipeBook/]: Tried to load unrecognized recipe: dtquark:quark_yellow_blossom_sapling_to_sunny_blossom_seed removed now.
[22Mar2026 23:29:16.419] [Server thread/ERROR] [net.minecraft.stats.ServerRecipeBook/]: Tried to load unrecognized recipe: dtbop:biomesoplenty_dead_sapling_to_silk_seed removed now.
[22Mar2026 23:29:16.419] [Server thread/ERROR] [net.minecraft.stats.ServerRecipeBook/]: Tried to load unrecognized recipe: dtbop:biomesoplenty_pine_sapling_to_pine_seed removed now.
[22Mar2026 23:29:16.419] [Server thread/ERROR] [net.minecraft.stats.ServerRecipeBook/]: Tried to load unrecognized recipe: dtbop:hellbark_bush_seed_to_biomesoplenty_hellbark_sapling removed now.
[22Mar2026 23:29:16.422] [Server thread/ERROR] [net.minecraft.stats.ServerRecipeBook/]: Tried to load unrecognized recipe: dynamictrees:dark_oak_seed_to_minecraft_dark_oak_sapling removed now.
[22Mar2026 23:29:16.423] [Server thread/ERROR] [net.minecraft.stats.ServerRecipeBook/]: Tried to load unrecognized recipe: dtbop:small_redwood_seed_to_biomesoplenty_redwood_sapling removed now.
[22Mar2026 23:29:16.423] [Server thread/ERROR] [net.minecraft.stats.ServerRecipeBook/]: Tried to load unrecognized recipe: dtbop:mahogany_seed_to_biomesoplenty_mahogany_sapling removed now.
[22Mar2026 23:29:16.423] [Server thread/ERROR] [net.minecraft.stats.ServerRecipeBook/]: Tried to load unrecognized recipe: dtbop:willow_seed_to_biomesoplenty_willow_sapling removed now.
[22Mar2026 23:29:16.423] [Server thread/ERROR] [net.minecraft.stats.ServerRecipeBook/]: Tried to load unrecognized recipe: dtbop:biomesoplenty_red_maple_sapling_to_red_maple_seed removed now.
[22Mar2026 23:29:16.423] [Server thread/ERROR] [net.minecraft.stats.ServerRecipeBook/]: Tried to load unrecognized recipe: dtbop:red_maple_seed_to_biomesoplenty_red_maple_sapling removed now.
[22Mar2026 23:29:16.423] [Server thread/ERROR] [net.minecraft.stats.ServerRecipeBook/]: Tried to load unrecognized recipe: dtbop:biomesoplenty_flowering_oak_sapling_to_flowering_oak_seed removed now.
[22Mar2026 23:29:16.423] [Server thread/ERROR] [net.minecraft.stats.ServerRecipeBook/]: Tried to load unrecognized recipe: dtquark:quark_red_blossom_sapling_to_fiery_blossom_seed removed now.
[22Mar2026 23:29:16.424] [Server thread/ERROR] [net.minecraft.stats.ServerRecipeBook/]: Tried to load unrecognized recipe: dynamictrees:acacia_seed_to_minecraft_acacia_sapling removed now.
[22Mar2026 23:29:16.424] [Server thread/ERROR] [net.minecraft.stats.ServerRecipeBook/]: Tried to load unrecognized recipe: dtbop:biomesoplenty_jacaranda_sapling_to_jacaranda_seed removed now.
[22Mar2026 23:29:16.424] [Server thread/ERROR] [net.minecraft.stats.ServerRecipeBook/]: Tried to load unrecognized recipe: dynamictrees:minecraft_crimson_fungus_to_crimson_seed removed now.
[22Mar2026 23:29:16.424] [Server thread/ERROR] [net.minecraft.stats.ServerRecipeBook/]: Tried to load unrecognized recipe: dynamictrees:mangrove_seed_to_minecraft_mangrove_propagule removed now.
[22Mar2026 23:29:16.424] [Server thread/ERROR] [net.minecraft.stats.ServerRecipeBook/]: Tried to load unrecognized recipe: dynamictrees:minecraft_acacia_sapling_to_acacia_seed removed now.
[22Mar2026 23:29:16.424] [Server thread/ERROR] [net.minecraft.stats.ServerRecipeBook/]: Tried to load unrecognized recipe: dynamictrees:spruce_seed_to_minecraft_spruce_sapling removed now.
[22Mar2026 23:29:16.424] [Server thread/ERROR] [net.minecraft.stats.ServerRecipeBook/]: Tried to load unrecognized recipe: dtbop:fir_seed_to_biomesoplenty_fir_sapling removed now.
[22Mar2026 23:29:16.424] [Server thread/ERROR] [net.minecraft.stats.ServerRecipeBook/]: Tried to load unrecognized recipe: dtbop:jacaranda_seed_to_biomesoplenty_jacaranda_sapling removed now.
[22Mar2026 23:29:16.424] [Server thread/ERROR] [net.minecraft.stats.ServerRecipeBook/]: Tried to load unrecognized recipe: dtbop:tall_dying_seed_to_biomesoplenty_dead_sapling removed now.
[22Mar2026 23:29:16.425] [Server thread/ERROR] [net.minecraft.stats.ServerRecipeBook/]: Tried to load unrecognized recipe: dtbop:biomesoplenty_magic_sapling_to_magic_poplar_seed removed now.
[22Mar2026 23:29:16.425] [Server thread/ERROR] [net.minecraft.stats.ServerRecipeBook/]: Tried to load unrecognized recipe: dtbop:biomesoplenty_rainbow_birch_sapling_to_rainbow_birch_seed removed now.
[22Mar2026 23:29:16.425] [Server thread/ERROR] [net.minecraft.stats.ServerRecipeBook/]: Tried to load unrecognized recipe: dynamictrees:minecraft_warped_fungus_to_warped_seed removed now.
[22Mar2026 23:29:16.425] [Server thread/ERROR] [net.minecraft.stats.ServerRecipeBook/]: Tried to load unrecognized recipe: dtbop:biomesoplenty_dead_sapling_to_dying_seed removed now.
[22Mar2026 23:29:16.425] [Server thread/ERROR] [net.minecraft.stats.ServerRecipeBook/]: Tried to load unrecognized recipe: dtbop:biomesoplenty_snowblossom_sapling_to_snowblossom_seed removed now.
[22Mar2026 23:29:16.425] [Server thread/ERROR] [net.minecraft.stats.ServerRecipeBook/]: Tried to load unrecognized recipe: dtbop:orange_maple_seed_to_biomesoplenty_orange_maple_sapling removed now.
[22Mar2026 23:29:16.425] [Server thread/ERROR] [net.minecraft.stats.ServerRecipeBook/]: Tried to load unrecognized recipe: dtquark:quark_orange_blossom_sapling_to_warm_blossom_seed removed now.
[22Mar2026 23:29:16.426] [Server thread/ERROR] [net.minecraft.stats.ServerRecipeBook/]: Tried to load unrecognized recipe: dtbop:pine_seed_to_biomesoplenty_pine_sapling removed now.
[22Mar2026 23:29:16.426] [Server thread/ERROR] [net.minecraft.stats.ServerRecipeBook/]: Tried to load unrecognized recipe: dynamictrees:birch_seed_to_minecraft_birch_sapling removed now.
[22Mar2026 23:29:16.426] [Server thread/ERROR] [net.minecraft.stats.ServerRecipeBook/]: Tried to load unrecognized recipe: dynamictrees:azalea_seed_to_minecraft_flowering_azalea removed now.
[22Mar2026 23:29:16.426] [Server thread/ERROR] [net.minecraft.stats.ServerRecipeBook/]: Tried to load unrecognized recipe: dtbop:biomesoplenty_dead_sapling_to_infested_seed removed now.
[22Mar2026 23:29:16.426] [Server thread/ERROR] [net.minecraft.stats.ServerRecipeBook/]: Tried to load unrecognized recipe: dtbop:biomesoplenty_willow_sapling_to_willow_seed removed now.
[22Mar2026 23:29:16.426] [Server thread/ERROR] [net.minecraft.stats.ServerRecipeBook/]: Tried to load unrecognized recipe: dtbop:yellow_maple_seed_to_biomesoplenty_yellow_maple_sapling removed now.
[22Mar2026 23:29:16.427] [Server thread/ERROR] [net.minecraft.stats.ServerRecipeBook/]: Tried to load unrecognized recipe: dynamictrees:minecraft_flowering_azalea_to_azalea_seed removed now.
[22Mar2026 23:29:16.427] [Server thread/ERROR] [net.minecraft.stats.ServerRecipeBook/]: Tried to load unrecognized recipe: dtbop:biomesoplenty_umbran_sapling_to_umbran_seed removed now.
[22Mar2026 23:29:16.427] [Server thread/ERROR] [net.minecraft.stats.ServerRecipeBook/]: Tried to load unrecognized recipe: dtquark:quark_blue_blossom_sapling_to_frosty_blossom_seed removed now.
[22Mar2026 23:29:16.427] [Server thread/ERROR] [net.minecraft.stats.ServerRecipeBook/]: Tried to load unrecognized recipe: dynamictrees:minecraft_oak_sapling_to_oak_seed removed now.
[22Mar2026 23:29:16.427] [Server thread/ERROR] [net.minecraft.stats.ServerRecipeBook/]: Tried to load unrecognized recipe: dtbop:biomesoplenty_fir_sapling_to_fir_seed removed now.
[22Mar2026 23:29:16.427] [Server thread/INFO] [net.minecraft.server.players.PlayerList/]: Kekin[/127.68.214.94:34379] logged in with entity id 3611 at (877.484643669159, 13.0, 127.44708324911589)
[22Mar2026 23:29:16.438] [Server thread/INFO] [ModernFix/]: Using enhanced recipe sync for player Kekin
[22Mar2026 23:29:16.441] [Server thread/INFO] [net.minecraft.server.MinecraftServer/]: Kekin joined the game
[22Mar2026 23:29:16.493] [Server thread/WARN] [net.minecraft.world.scores.Scoreboard/]: Requested creation of existing team 'pillagers'
[22Mar2026 23:29:16.494] [Server thread/WARN] [net.minecraft.world.scores.Scoreboard/]: Requested creation of existing team 'villagers'
[22Mar2026 23:29:16.494] [Server thread/INFO] [Jade/]: Syncing config to Kekin (6447abfc-ec7a-33ab-946c-e8e797ff1ad1)
[22Mar2026 23:29:16.718] [Server thread/INFO] [voicechat/]: [voicechat] Received secret request of Kekin (20)
[22Mar2026 23:29:16.720] [Server thread/INFO] [voicechat/]: [voicechat] Sent secret to Kekin
[22Mar2026 23:29:16.720] [Server thread/INFO] [com.alrex.parcool.ParCool/]: Limitation of 6447abfc-ec7a-33ab-946c-e8e797ff1ad1 was loaded
[22Mar2026 23:29:16.721] [Server thread/INFO] [com.alrex.parcool.ParCool/]: Sent Server Limitation of [Kekin]
[22Mar2026 23:29:16.721] [Server thread/INFO] [com.alrex.parcool.ParCool/]: Received Client Information of [Kekin]
[22Mar2026 23:29:18.732] [Server thread/INFO] [ImprovableSkills/]: Sending skill data to Kekin (6447abfc-ec7a-33ab-946c-e8e797ff1ad1)
[22Mar2026 23:29:20.026] [Server thread/INFO] [net.minecraft.server.MinecraftServer/]: Made Kkin a server operator
[22Mar2026 23:29:34.558] [Server thread/INFO] [net.minecraft.server.MinecraftServer/]: Made Kekin a server operator
[22Mar2026 23:29:47.051] [Server thread/INFO] [net.minecraft.server.MinecraftServer/]: [Not Secure] <Kekin> op SebasGEO
[22Mar2026 23:29:52.571] [Server thread/INFO] [net.minecraft.server.MinecraftServer/]: [Kekin: Made SebasGEO a server operator]
[22Mar2026 23:29:54.213] [Server thread/INFO] [net.minecraft.server.MinecraftServer/]: [Not Secure] <Kekin> ya
[22Mar2026 23:29:55.851] [Server thread/INFO] [net.minecraft.server.MinecraftServer/]: [Not Secure] <SebasGEO> gamemode creative
[22Mar2026 23:30:05.404] [Server thread/INFO] [net.minecraft.server.MinecraftServer/]: [Not Secure] <Kekin> summon jennymamasitarica
[22Mar2026 23:30:32.911] [Server thread/ERROR] [net.minecraftforge.fml.loading.RuntimeDistCleaner/DISTXFORM]: Attempted to load class net/minecraft/client/KeyMapping for invalid dist DEDICATED_SERVER
[22Mar2026 23:31:07.506] [Server thread/INFO] [net.minecraft.server.MinecraftServer/]: [Not Secure] <SebasGEO> deje mi girasol en el bunker militar
[22Mar2026 23:31:24.463] [Worker-Main-1/ERROR] [net.minecraft.Util/]: Detected setBlock in a far chunk [37, 39], pos: MutableBlockPos{x=595, y=0, z=625}, status: minecraft:features, currently generating: ResourceKey[minecraft:worldgen/placed_feature / ancient_elements:glow_bushfeature]
[22Mar2026 23:31:45.265] [Worker-Main-3/ERROR] [net.minecraft.Util/]: Detected setBlock in a far chunk [31, 33], pos: MutableBlockPos{x=498, y=102, z=537}, status: minecraft:features, currently generating: ResourceKey[minecraft:worldgen/placed_feature / ancient_elements:crystalsproud]
[22Mar2026 23:31:45.266] [Worker-Main-3/ERROR] [net.minecraft.Util/]: Detected setBlock in a far chunk [31, 32], pos: MutableBlockPos{x=496, y=109, z=525}, status: minecraft:features, currently generating: ResourceKey[minecraft:worldgen/placed_feature / ancient_elements:crystalsproud]
[22Mar2026 23:31:45.266] [Worker-Main-3/ERROR] [net.minecraft.Util/]: Detected setBlock in a far chunk [31, 33], pos: MutableBlockPos{x=497, y=109, z=532}, status: minecraft:features, currently generating: ResourceKey[minecraft:worldgen/placed_feature / ancient_elements:crystalsproud]
[22Mar2026 23:31:45.266] [Worker-Main-3/ERROR] [net.minecraft.Util/]: Detected setBlock in a far chunk [31, 33], pos: MutableBlockPos{x=496, y=108, z=529}, status: minecraft:features, currently generating: ResourceKey[minecraft:worldgen/placed_feature / ancient_elements:crystalsproud]
[22Mar2026 23:31:45.266] [Worker-Main-3/ERROR] [net.minecraft.Util/]: Detected setBlock in a far chunk [31, 33], pos: MutableBlockPos{x=498, y=102, z=531}, status: minecraft:features, currently generating: ResourceKey[minecraft:worldgen/placed_feature / ancient_elements:crystalsproud]
[22Mar2026 23:31:45.266] [Worker-Main-3/ERROR] [net.minecraft.Util/]: Detected setBlock in a far chunk [31, 32], pos: MutableBlockPos{x=500, y=103, z=517}, status: minecraft:features, currently generating: ResourceKey[minecraft:worldgen/placed_feature / ancient_elements:crystalsproud]
[22Mar2026 23:31:45.266] [Worker-Main-3/ERROR] [net.minecraft.Util/]: Detected setBlock in a far chunk [31, 32], pos: MutableBlockPos{x=499, y=105, z=523}, status: minecraft:features, currently generating: ResourceKey[minecraft:worldgen/placed_feature / ancient_elements:crystalsproud]
[22Mar2026 23:31:45.267] [Worker-Main-3/ERROR] [net.minecraft.Util/]: Detected setBlock in a far chunk [31, 32], pos: MutableBlockPos{x=497, y=106, z=522}, status: minecraft:features, currently generating: ResourceKey[minecraft:worldgen/placed_feature / ancient_elements:crystalsproud]
[22Mar2026 23:31:45.267] [Worker-Main-3/ERROR] [net.minecraft.Util/]: Detected setBlock in a far chunk [31, 33], pos: MutableBlockPos{x=501, y=102, z=535}, status: minecraft:features, currently generating: ResourceKey[minecraft:worldgen/placed_feature / ancient_elements:crystalsproud]
[22Mar2026 23:31:45.267] [Worker-Main-3/ERROR] [net.minecraft.Util/]: Detected setBlock in a far chunk [31, 32], pos: MutableBlockPos{x=497, y=112, z=526}, status: minecraft:features, currently generating: ResourceKey[minecraft:worldgen/placed_feature / ancient_elements:crystalsproud]
[22Mar2026 23:31:45.267] [Worker-Main-3/ERROR] [net.minecraft.Util/]: Detected setBlock in a far chunk [31, 32], pos: MutableBlockPos{x=499, y=107, z=527}, status: minecraft:features, currently generating: ResourceKey[minecraft:worldgen/placed_feature / ancient_elements:crystalsproud]
[22Mar2026 23:31:45.267] [Worker-Main-3/ERROR] [net.minecraft.Util/]: Detected setBlock in a far chunk [31, 32], pos: MutableBlockPos{x=497, y=103, z=523}, status: minecraft:features, currently generating: ResourceKey[minecraft:worldgen/placed_feature / ancient_elements:crystalsproud]
[22Mar2026 23:31:45.267] [Worker-Main-3/ERROR] [net.minecraft.Util/]: Detected setBlock in a far chunk [31, 32], pos: MutableBlockPos{x=497, y=108, z=524}, status: minecraft:features, currently generating: ResourceKey[minecraft:worldgen/placed_feature / ancient_elements:crystalsproud]
[22Mar2026 23:31:45.268] [Worker-Main-3/ERROR] [net.minecraft.Util/]: Detected setBlock in a far chunk [31, 32], pos: MutableBlockPos{x=496, y=107, z=522}, status: minecraft:features, currently generating: ResourceKey[minecraft:worldgen/placed_feature / ancient_elements:crystalsproud]
[22Mar2026 23:31:45.268] [Worker-Main-3/ERROR] [net.minecraft.Util/]: Detected setBlock in a far chunk [31, 32], pos: MutableBlockPos{x=496, y=105, z=519}, status: minecraft:features, currently generating: ResourceKey[minecraft:worldgen/placed_feature / ancient_elements:crystalsproud]
[22Mar2026 23:31:45.268] [Worker-Main-3/ERROR] [net.minecraft.Util/]: Detected setBlock in a far chunk [31, 32], pos: MutableBlockPos{x=500, y=109, z=526}, status: minecraft:features, currently generating: ResourceKey[minecraft:worldgen/placed_feature / ancient_elements:crystalsproud]
[22Mar2026 23:31:45.268] [Worker-Main-3/ERROR] [net.minecraft.Util/]: Detected setBlock in a far chunk [31, 32], pos: MutableBlockPos{x=497, y=105, z=517}, status: minecraft:features, currently generating: ResourceKey[minecraft:worldgen/placed_feature / ancient_elements:crystalsproud]
[22Mar2026 23:31:45.268] [Worker-Main-3/ERROR] [net.minecraft.Util/]: Detected setBlock in a far chunk [31, 32], pos: MutableBlockPos{x=499, y=108, z=516}, status: minecraft:features, currently generating: ResourceKey[minecraft:worldgen/placed_feature / ancient_elements:crystalsproud]
[22Mar2026 23:31:45.268] [Worker-Main-3/ERROR] [net.minecraft.Util/]: Detected setBlock in a far chunk [31, 32], pos: MutableBlockPos{x=500, y=104, z=515}, status: minecraft:features, currently generating: ResourceKey[minecraft:worldgen/placed_feature / ancient_elements:crystalsproud]
[22Mar2026 23:31:45.268] [Worker-Main-3/ERROR] [net.minecraft.Util/]: Detected setBlock in a far chunk [31, 33], pos: MutableBlockPos{x=500, y=83, z=529}, status: minecraft:features, currently generating: ResourceKey[minecraft:worldgen/placed_feature / ancient_elements:crystalsproud]
[22Mar2026 23:31:45.269] [Worker-Main-3/ERROR] [net.minecraft.Util/]: Detected setBlock in a far chunk [31, 33], pos: MutableBlockPos{x=497, y=81, z=528}, status: minecraft:features, currently generating: ResourceKey[minecraft:worldgen/placed_feature / ancient_elements:crystalsproud]
[22Mar2026 23:31:45.269] [Worker-Main-3/ERROR] [net.minecraft.Util/]: Detected setBlock in a far chunk [31, 32], pos: MutableBlockPos{x=499, y=83, z=521}, status: minecraft:features, currently generating: ResourceKey[minecraft:worldgen/placed_feature / ancient_elements:crystalsproud]
[22Mar2026 23:31:45.269] [Worker-Main-3/ERROR] [net.minecraft.Util/]: Detected setBlock in a far chunk [31, 33], pos: MutableBlockPos{x=497, y=81, z=534}, status: minecraft:features, currently generating: ResourceKey[minecraft:worldgen/placed_feature / ancient_elements:crystalsproud]
[22Mar2026 23:31:45.269] [Worker-Main-3/ERROR] [net.minecraft.Util/]: Detected setBlock in a far chunk [31, 32], pos: MutableBlockPos{x=497, y=77, z=526}, status: minecraft:features, currently generating: ResourceKey[minecraft:worldgen/placed_feature / ancient_elements:crystalsproud]
[22Mar2026 23:31:45.269] [Worker-Main-3/ERROR] [net.minecraft.Util/]: Detected setBlock in a far chunk [31, 33], pos: MutableBlockPos{x=499, y=79, z=533}, status: minecraft:features, currently generating: ResourceKey[minecraft:worldgen/placed_feature / ancient_elements:crystalsproud]
[22Mar2026 23:31:45.269] [Worker-Main-3/ERROR] [net.minecraft.Util/]: Detected setBlock in a far chunk [31, 32], pos: MutableBlockPos{x=497, y=86, z=520}, status: minecraft:features, currently generating: ResourceKey[minecraft:worldgen/placed_feature / ancient_elements:crystalsproud]
[22Mar2026 23:31:45.269] [Worker-Main-3/ERROR] [net.minecraft.Util/]: Detected setBlock in a far chunk [31, 32], pos: MutableBlockPos{x=497, y=82, z=518}, status: minecraft:features, currently generating: ResourceKey[minecraft:worldgen/placed_feature / ancient_elements:crystalsproud]
[22Mar2026 23:31:45.269] [Worker-Main-3/ERROR] [net.minecraft.Util/]: Detected setBlock in a far chunk [31, 33], pos: MutableBlockPos{x=498, y=81, z=536}, status: minecraft:features, currently generating: ResourceKey[minecraft:worldgen/placed_feature / ancient_elements:crystalsproud]
[22Mar2026 23:31:45.269] [Worker-Main-3/ERROR] [net.minecraft.Util/]: Detected setBlock in a far chunk [31, 33], pos: MutableBlockPos{x=500, y=81, z=530}, status: minecraft:features, currently generating: ResourceKey[minecraft:worldgen/placed_feature / ancient_elements:crystalsproud]
[22Mar2026 23:31:45.270] [Worker-Main-3/ERROR] [net.minecraft.Util/]: Detected setBlock in a far chunk [31, 32], pos: MutableBlockPos{x=501, y=80, z=521}, status: minecraft:features, currently generating: ResourceKey[minecraft:worldgen/placed_feature / ancient_elements:crystalsproud]
[22Mar2026 23:31:45.270] [Worker-Main-3/ERROR] [net.minecraft.Util/]: Detected setBlock in a far chunk [31, 33], pos: MutableBlockPos{x=499, y=83, z=529}, status: minecraft:features, currently generating: ResourceKey[minecraft:worldgen/placed_feature / ancient_elements:crystalsproud]
[22Mar2026 23:31:45.270] [Worker-Main-3/ERROR] [net.minecraft.Util/]: Detected setBlock in a far chunk [31, 32], pos: MutableBlockPos{x=499, y=81, z=516}, status: minecraft:features, currently generating: ResourceKey[minecraft:worldgen/placed_feature / ancient_elements:crystalsproud]
[22Mar2026 23:31:45.270] [Worker-Main-3/ERROR] [net.minecraft.Util/]: Detected setBlock in a far chunk [31, 32], pos: MutableBlockPos{x=498, y=78, z=527}, status: minecraft:features, currently generating: ResourceKey[minecraft:worldgen/placed_feature / ancient_elements:crystalsproud]
[22Mar2026 23:31:45.270] [Worker-Main-3/ERROR] [net.minecraft.Util/]: Detected setBlock in a far chunk [31, 33], pos: MutableBlockPos{x=500, y=85, z=529}, status: minecraft:features, currently generating: ResourceKey[minecraft:worldgen/placed_feature / ancient_elements:crystalsproud]
[22Mar2026 23:31:45.270] [Worker-Main-3/ERROR] [net.minecraft.Util/]: Detected setBlock in a far chunk [31, 32], pos: MutableBlockPos{x=498, y=81, z=527}, status: minecraft:features, currently generating: ResourceKey[minecraft:worldgen/placed_feature / ancient_elements:crystalsproud]
[22Mar2026 23:31:45.270] [Worker-Main-3/ERROR] [net.minecraft.Util/]: Detected setBlock in a far chunk [31, 32], pos: MutableBlockPos{x=497, y=87, z=515}, status: minecraft:features, currently generating: ResourceKey[minecraft:worldgen/placed_feature / ancient_elements:crystalsproud]
[22Mar2026 23:31:45.270] [Worker-Main-3/ERROR] [net.minecraft.Util/]: Detected setBlock in a far chunk [31, 32], pos: MutableBlockPos{x=498, y=85, z=527}, status: minecraft:features, currently generating: ResourceKey[minecraft:worldgen/placed_feature / ancient_elements:crystalsproud]
[22Mar2026 23:31:45.271] [Worker-Main-3/ERROR] [net.minecraft.Util/]: Detected setBlock in a far chunk [31, 32], pos: MutableBlockPos{x=496, y=80, z=525}, status: minecraft:features, currently generating: ResourceKey[minecraft:worldgen/placed_feature / ancient_elements:crystalsproud]
[22Mar2026 23:31:45.271] [Worker-Main-3/ERROR] [net.minecraft.Util/]: Detected setBlock in a far chunk [31, 32], pos: MutableBlockPos{x=499, y=82, z=521}, status: minecraft:features, currently generating: ResourceKey[minecraft:worldgen/placed_feature / ancient_elements:crystalsproud]
[22Mar2026 23:31:45.271] [Worker-Main-3/ERROR] [net.minecraft.Util/]: Detected setBlock in a far chunk [31, 32], pos: MutableBlockPos{x=502, y=80, z=517}, status: minecraft:features, currently generating: ResourceKey[minecraft:worldgen/placed_feature / ancient_elements:crystalsproud]
[22Mar2026 23:31:45.271] [Worker-Main-3/ERROR] [net.minecraft.Util/]: Detected setBlock in a far chunk [31, 33], pos: MutableBlockPos{x=499, y=74, z=537}, status: minecraft:features, currently generating: ResourceKey[minecraft:worldgen/placed_feature / ancient_elements:crystalsproud]
[22Mar2026 23:31:45.271] [Worker-Main-3/ERROR] [net.minecraft.Util/]: Detected setBlock in a far chunk [31, 33], pos: MutableBlockPos{x=498, y=80, z=532}, status: minecraft:features, currently generating: ResourceKey[minecraft:worldgen/placed_feature / ancient_elements:crystalsproud]
[22Mar2026 23:31:45.271] [Worker-Main-3/ERROR] [net.minecraft.Util/]: Detected setBlock in a far chunk [31, 32], pos: MutableBlockPos{x=496, y=72, z=521}, status: minecraft:features, currently generating: ResourceKey[minecraft:worldgen/placed_feature / ancient_elements:crystalsproud]
[22Mar2026 23:31:45.271] [Worker-Main-3/ERROR] [net.minecraft.Util/]: Detected setBlock in a far chunk [31, 33], pos: MutableBlockPos{x=503, y=79, z=535}, status: minecraft:features, currently generating: ResourceKey[minecraft:worldgen/placed_feature / ancient_elements:crystalsproud]
[22Mar2026 23:31:45.271] [Worker-Main-3/ERROR] [net.minecraft.Util/]: Detected setBlock in a far chunk [31, 33], pos: MutableBlockPos{x=500, y=72, z=533}, status: minecraft:features, currently generating: ResourceKey[minecraft:worldgen/placed_feature / ancient_elements:crystalsproud]
[22Mar2026 23:31:45.272] [Worker-Main-3/ERROR] [net.minecraft.Util/]: Detected setBlock in a far chunk [31, 33], pos: MutableBlockPos{x=496, y=71, z=531}, status: minecraft:features, currently generating: ResourceKey[minecraft:worldgen/placed_feature / ancient_elements:crystalsproud]
[22Mar2026 23:31:45.272] [Worker-Main-3/ERROR] [net.minecraft.Util/]: Detected setBlock in a far chunk [31, 32], pos: MutableBlockPos{x=496, y=78, z=527}, status: minecraft:features, currently generating: ResourceKey[minecraft:worldgen/placed_feature / ancient_elements:crystalsproud]
[22Mar2026 23:31:45.272] [Worker-Main-3/ERROR] [net.minecraft.Util/]: Detected setBlock in a far chunk [31, 32], pos: MutableBlockPos{x=500, y=78, z=527}, status: minecraft:features, currently generating: ResourceKey[minecraft:worldgen/placed_feature / ancient_elements:crystalsproud]
[22Mar2026 23:31:45.272] [Worker-Main-3/ERROR] [net.minecraft.Util/]: Detected setBlock in a far chunk [31, 32], pos: MutableBlockPos{x=497, y=75, z=527}, status: minecraft:features, currently generating: ResourceKey[minecraft:worldgen/placed_feature / ancient_elements:crystalsproud]
[22Mar2026 23:31:45.272] [Worker-Main-3/ERROR] [net.minecraft.Util/]: Detected setBlock in a far chunk [31, 32], pos: MutableBlockPos{x=496, y=78, z=522}, status: minecraft:features, currently generating: ResourceKey[minecraft:worldgen/placed_feature / ancient_elements:crystalsproud]
[22Mar2026 23:31:45.272] [Worker-Main-3/ERROR] [net.minecraft.Util/]: Detected setBlock in a far chunk [31, 32], pos: MutableBlockPos{x=500, y=75, z=522}, status: minecraft:features, currently generating: ResourceKey[minecraft:worldgen/placed_feature / ancient_elements:crystalsproud]
[22Mar2026 23:31:45.272] [Worker-Main-3/ERROR] [net.minecraft.Util/]: Detected setBlock in a far chunk [31, 32], pos: MutableBlockPos{x=497, y=75, z=524}, status: minecraft:features, currently generating: ResourceKey[minecraft:worldgen/placed_feature / ancient_elements:crystalsproud]
[22Mar2026 23:31:45.272] [Worker-Main-3/ERROR] [net.minecraft.Util/]: Detected setBlock in a far chunk [31, 32], pos: MutableBlockPos{x=503, y=76, z=523}, status: minecraft:features, currently generating: ResourceKey[minecraft:worldgen/placed_feature / ancient_elements:crystalsproud]
[22Mar2026 23:31:45.272] [Worker-Main-3/ERROR] [net.minecraft.Util/]: Detected setBlock in a far chunk [31, 33], pos: MutableBlockPos{x=499, y=82, z=530}, status: minecraft:features, currently generating: ResourceKey[minecraft:worldgen/placed_feature / ancient_elements:crystalsproud]
[22Mar2026 23:31:45.272] [Worker-Main-3/ERROR] [net.minecraft.Util/]: Detected setBlock in a far chunk [31, 32], pos: MutableBlockPos{x=499, y=77, z=524}, status: minecraft:features, currently generating: ResourceKey[minecraft:worldgen/placed_feature / ancient_elements:crystalsproud]
[22Mar2026 23:31:45.273] [Worker-Main-3/ERROR] [net.minecraft.Util/]: Detected setBlock in a far chunk [31, 33], pos: MutableBlockPos{x=500, y=77, z=529}, status: minecraft:features, currently generating: ResourceKey[minecraft:worldgen/placed_feature / ancient_elements:crystalsproud]
[22Mar2026 23:31:45.273] [Worker-Main-3/ERROR] [net.minecraft.Util/]: Detected setBlock in a far chunk [31, 32], pos: MutableBlockPos{x=496, y=81, z=516}, status: minecraft:features, currently generating: ResourceKey[minecraft:worldgen/placed_feature / ancient_elements:crystalsproud]
[22Mar2026 23:31:45.273] [Worker-Main-3/ERROR] [net.minecraft.Util/]: Detected setBlock in a far chunk [31, 32], pos: MutableBlockPos{x=502, y=70, z=526}, status: minecraft:features, currently generating: ResourceKey[minecraft:worldgen/placed_feature / ancient_elements:crystalsproud]
[22Mar2026 23:31:45.273] [Worker-Main-3/ERROR] [net.minecraft.Util/]: Detected setBlock in a far chunk [31, 32], pos: MutableBlockPos{x=497, y=73, z=522}, status: minecraft:features, currently generating: ResourceKey[minecraft:worldgen/placed_feature / ancient_elements:crystalsproud]
[22Mar2026 23:31:45.273] [Worker-Main-3/ERROR] [net.minecraft.Util/]: Detected setBlock in a far chunk [31, 33], pos: MutableBlockPos{x=497, y=78, z=537}, status: minecraft:features, currently generating: ResourceKey[minecraft:worldgen/placed_feature / ancient_elements:crystalsproud]
[22Mar2026 23:31:45.273] [Worker-Main-3/ERROR] [net.minecraft.Util/]: Detected setBlock in a far chunk [31, 32], pos: MutableBlockPos{x=497, y=79, z=527}, status: minecraft:features, currently generating: ResourceKey[minecraft:worldgen/placed_feature / ancient_elements:crystalsproud]
[22Mar2026 23:31:45.273] [Worker-Main-3/ERROR] [net.minecraft.Util/]: Detected setBlock in a far chunk [31, 33], pos: MutableBlockPos{x=502, y=76, z=532}, status: minecraft:features, currently generating: ResourceKey[minecraft:worldgen/placed_feature / ancient_elements:crystalsproud]
[22Mar2026 23:31:45.273] [Worker-Main-3/ERROR] [net.minecraft.Util/]: Detected setBlock in a far chunk [31, 32], pos: MutableBlockPos{x=504, y=74, z=522}, status: minecraft:features, currently generating: ResourceKey[minecraft:worldgen/placed_feature / ancient_elements:crystalsproud]
[22Mar2026 23:31:45.273] [Worker-Main-3/ERROR] [net.minecraft.Util/]: Detected setBlock in a far chunk [31, 32], pos: MutableBlockPos{x=501, y=74, z=514}, status: minecraft:features, currently generating: ResourceKey[minecraft:worldgen/placed_feature / ancient_elements:crystalsproud]
[22Mar2026 23:31:45.273] [Worker-Main-3/ERROR] [net.minecraft.Util/]: Detected setBlock in a far chunk [31, 32], pos: MutableBlockPos{x=498, y=77, z=521}, status: minecraft:features, currently generating: ResourceKey[minecraft:worldgen/placed_feature / ancient_elements:crystalsproud]
[22Mar2026 23:31:45.274] [Worker-Main-3/ERROR] [net.minecraft.Util/]: Detected setBlock in a far chunk [31, 32], pos: MutableBlockPos{x=498, y=76, z=520}, status: minecraft:features, currently generating: ResourceKey[minecraft:worldgen/placed_feature / ancient_elements:crystalsproud]
[22Mar2026 23:31:45.274] [Worker-Main-3/ERROR] [net.minecraft.Util/]: Detected setBlock in a far chunk [31, 33], pos: MutableBlockPos{x=501, y=74, z=537}, status: minecraft:features, currently generating: ResourceKey[minecraft:worldgen/placed_feature / ancient_elements:crystalsproud]
[22Mar2026 23:31:45.274] [Worker-Main-3/ERROR] [net.minecraft.Util/]: Detected setBlock in a far chunk [31, 33], pos: MutableBlockPos{x=498, y=81, z=534}, status: minecraft:features, currently generating: ResourceKey[minecraft:worldgen/placed_feature / ancient_elements:crystalsproud]
[22Mar2026 23:31:45.274] [Worker-Main-3/ERROR] [net.minecraft.Util/]: Detected setBlock in a far chunk [31, 32], pos: MutableBlockPos{x=501, y=73, z=523}, status: minecraft:features, currently generating: ResourceKey[minecraft:worldgen/placed_feature / ancient_elements:crystalsproud]
[22Mar2026 23:31:45.274] [Worker-Main-3/ERROR] [net.minecraft.Util/]: Detected setBlock in a far chunk [30, 34], pos: MutableBlockPos{x=483, y=95, z=545}, status: minecraft:features, currently generating: ResourceKey[minecraft:worldgen/placed_feature / ancient_elements:crystalsproud]
[22Mar2026 23:31:45.274] [Worker-Main-3/ERROR] [net.minecraft.Util/]: Detected setBlock in a far chunk [31, 33], pos: MutableBlockPos{x=498, y=95, z=535}, status: minecraft:features, currently generating: ResourceKey[minecraft:worldgen/placed_feature / ancient_elements:crystalsproud]
[22Mar2026 23:31:45.274] [Worker-Main-3/ERROR] [net.minecraft.Util/]: Detected setBlock in a far chunk [31, 33], pos: MutableBlockPos{x=497, y=98, z=529}, status: minecraft:features, currently generating: ResourceKey[minecraft:worldgen/placed_feature / ancient_elements:crystalsproud]
[22Mar2026 23:31:45.275] [Worker-Main-3/ERROR] [net.minecraft.Util/]: Detected setBlock in a far chunk [31, 33], pos: MutableBlockPos{x=496, y=98, z=537}, status: minecraft:features, currently generating: ResourceKey[minecraft:worldgen/placed_feature / ancient_elements:crystalsproud]
[22Mar2026 23:31:45.275] [Worker-Main-3/ERROR] [net.minecraft.Util/]: Detected setBlock in a far chunk [30, 34], pos: MutableBlockPos{x=483, y=98, z=544}, status: minecraft:features, currently generating: ResourceKey[minecraft:worldgen/placed_feature / ancient_elements:crystalsproud]
[22Mar2026 23:31:45.276] [Worker-Main-3/ERROR] [net.minecraft.Util/]: Detected setBlock in a far chunk [30, 34], pos: MutableBlockPos{x=483, y=100, z=544}, status: minecraft:features, currently generating: ResourceKey[minecraft:worldgen/placed_feature / ancient_elements:crystalsproud]
[22Mar2026 23:31:45.279] [Worker-Main-3/ERROR] [net.minecraft.Util/]: Detected setBlock in a far chunk [31, 33], pos: MutableBlockPos{x=496, y=100, z=537}, status: minecraft:features, currently generating: ResourceKey[minecraft:worldgen/placed_feature / ancient_elements:crystalsproud]
[22Mar2026 23:31:45.279] [Worker-Main-3/ERROR] [net.minecraft.Util/]: Detected setBlock in a far chunk [31, 33], pos: MutableBlockPos{x=498, y=97, z=534}, status: minecraft:features, currently generating: ResourceKey[minecraft:worldgen/placed_feature / ancient_elements:crystalsproud]
[22Mar2026 23:31:45.279] [Worker-Main-3/ERROR] [net.minecraft.Util/]: Detected setBlock in a far chunk [31, 33], pos: MutableBlockPos{x=497, y=99, z=537}, status: minecraft:features, currently generating: ResourceKey[minecraft:worldgen/placed_feature / ancient_elements:crystalsproud]
[22Mar2026 23:31:45.279] [Worker-Main-3/ERROR] [net.minecraft.Util/]: Detected setBlock in a far chunk [31, 32], pos: MutableBlockPos{x=496, y=97, z=526}, status: minecraft:features, currently generating: ResourceKey[minecraft:worldgen/placed_feature / ancient_elements:crystalsproud]
[22Mar2026 23:31:45.279] [Worker-Main-3/ERROR] [net.minecraft.Util/]: Detected setBlock in a far chunk [31, 32], pos: MutableBlockPos{x=500, y=102, z=519}, status: minecraft:features, currently generating: ResourceKey[minecraft:worldgen/placed_feature / ancient_elements:crystalsproud]
[22Mar2026 23:31:45.279] [Worker-Main-3/ERROR] [net.minecraft.Util/]: Detected setBlock in a far chunk [31, 33], pos: MutableBlockPos{x=498, y=106, z=528}, status: minecraft:features, currently generating: ResourceKey[minecraft:worldgen/placed_feature / ancient_elements:crystalsproud]
[22Mar2026 23:31:45.280] [Worker-Main-3/ERROR] [net.minecraft.Util/]: Detected setBlock in a far chunk [31, 32], pos: MutableBlockPos{x=497, y=105, z=520}, status: minecraft:features, currently generating: ResourceKey[minecraft:worldgen/placed_feature / ancient_elements:crystalsproud]
[22Mar2026 23:31:45.280] [Worker-Main-3/ERROR] [net.minecraft.Util/]: Detected setBlock in a far chunk [31, 33], pos: MutableBlockPos{x=496, y=102, z=528}, status: minecraft:features, currently generating: ResourceKey[minecraft:worldgen/placed_feature / ancient_elements:crystalsproud]
[22Mar2026 23:31:45.280] [Worker-Main-3/ERROR] [net.minecraft.Util/]: Detected setBlock in a far chunk [31, 33], pos: MutableBlockPos{x=497, y=100, z=528}, status: minecraft:features, currently generating: ResourceKey[minecraft:worldgen/placed_feature / ancient_elements:crystalsproud]
[22Mar2026 23:31:45.280] [Worker-Main-3/ERROR] [net.minecraft.Util/]: Detected setBlock in a far chunk [31, 32], pos: MutableBlockPos{x=498, y=105, z=525}, status: minecraft:features, currently generating: ResourceKey[minecraft:worldgen/placed_feature / ancient_elements:crystalsproud]
[22Mar2026 23:31:45.280] [Worker-Main-3/ERROR] [net.minecraft.Util/]: Detected setBlock in a far chunk [31, 32], pos: MutableBlockPos{x=498, y=102, z=519}, status: minecraft:features, currently generating: ResourceKey[minecraft:worldgen/placed_feature / ancient_elements:crystalsproud]
[22Mar2026 23:31:45.280] [Worker-Main-3/ERROR] [net.minecraft.Util/]: Detected setBlock in a far chunk [31, 33], pos: MutableBlockPos{x=496, y=106, z=532}, status: minecraft:features, currently generating: ResourceKey[minecraft:worldgen/placed_feature / ancient_elements:crystalsproud]
[22Mar2026 23:31:45.280] [Worker-Main-3/ERROR] [net.minecraft.Util/]: Detected setBlock in a far chunk [31, 32], pos: MutableBlockPos{x=499, y=106, z=519}, status: minecraft:features, currently generating: ResourceKey[minecraft:worldgen/placed_feature / ancient_elements:crystalsproud]
[22Mar2026 23:31:45.280] [Worker-Main-3/ERROR] [net.minecraft.Util/]: Detected setBlock in a far chunk [31, 32], pos: MutableBlockPos{x=497, y=99, z=519}, status: minecraft:features, currently generating: ResourceKey[minecraft:worldgen/placed_feature / ancient_elements:crystalsproud]
[22Mar2026 23:31:45.280] [Worker-Main-3/ERROR] [net.minecraft.Util/]: Detected setBlock in a far chunk [31, 32], pos: MutableBlockPos{x=496, y=108, z=519}, status: minecraft:features, currently generating: ResourceKey[minecraft:worldgen/placed_feature / ancient_elements:crystalsproud]
[22Mar2026 23:31:45.280] [Worker-Main-3/ERROR] [net.minecraft.Util/]: Detected setBlock in a far chunk [31, 32], pos: MutableBlockPos{x=497, y=106, z=524}, status: minecraft:features, currently generating: ResourceKey[minecraft:worldgen/placed_feature / ancient_elements:crystalsproud]
[22Mar2026 23:31:45.280] [Worker-Main-3/ERROR] [net.minecraft.Util/]: Detected setBlock in a far chunk [31, 32], pos: MutableBlockPos{x=500, y=100, z=526}, status: minecraft:features, currently generating: ResourceKey[minecraft:worldgen/placed_feature / ancient_elements:crystalsproud]
[22Mar2026 23:31:45.281] [Worker-Main-3/ERROR] [net.minecraft.Util/]: Detected setBlock in a far chunk [31, 33], pos: MutableBlockPos{x=496, y=80, z=533}, status: minecraft:features, currently generating: ResourceKey[minecraft:worldgen/placed_feature / ancient_elements:crystalsproud]
[22Mar2026 23:31:45.281] [Worker-Main-3/ERROR] [net.minecraft.Util/]: Detected setBlock in a far chunk [31, 32], pos: MutableBlockPos{x=496, y=76, z=524}, status: minecraft:features, currently generating: ResourceKey[minecraft:worldgen/placed_feature / ancient_elements:crystalsproud]
[22Mar2026 23:31:45.283] [Worker-Main-3/ERROR] [net.minecraft.Util/]: Detected setBlock in a far chunk [31, 33], pos: MutableBlockPos{x=498, y=74, z=535}, status: minecraft:features, currently generating: ResourceKey[minecraft:worldgen/placed_feature / ancient_elements:crystalsproud]
[22Mar2026 23:31:45.284] [Worker-Main-3/ERROR] [net.minecraft.Util/]: Detected setBlock in a far chunk [31, 33], pos: MutableBlockPos{x=497, y=74, z=528}, status: minecraft:features, currently generating: ResourceKey[minecraft:worldgen/placed_feature / ancient_elements:crystalsproud]
[22Mar2026 23:31:45.284] [Worker-Main-3/ERROR] [net.minecraft.Util/]: Detected setBlock in a far chunk [31, 33], pos: MutableBlockPos{x=498, y=75, z=530}, status: minecraft:features, currently generating: ResourceKey[minecraft:worldgen/placed_feature / ancient_elements:crystalsproud]
[22Mar2026 23:31:45.284] [Worker-Main-3/ERROR] [net.minecraft.Util/]: Detected setBlock in a far chunk [31, 33], pos: MutableBlockPos{x=496, y=77, z=536}, status: minecraft:features, currently generating: ResourceKey[minecraft:worldgen/placed_feature / ancient_elements:crystalsproud]
[22Mar2026 23:31:45.284] [Worker-Main-3/ERROR] [net.minecraft.Util/]: Detected setBlock in a far chunk [31, 32], pos: MutableBlockPos{x=496, y=72, z=525}, status: minecraft:features, currently generating: ResourceKey[minecraft:worldgen/placed_feature / ancient_elements:crystalsproud]
[22Mar2026 23:31:45.284] [Worker-Main-3/ERROR] [net.minecraft.Util/]: Detected setBlock in a far chunk [31, 32], pos: MutableBlockPos{x=499, y=79, z=524}, status: minecraft:features, currently generating: ResourceKey[minecraft:worldgen/placed_feature / ancient_elements:crystalsproud]
[22Mar2026 23:31:45.284] [Worker-Main-3/ERROR] [net.minecraft.Util/]: Detected setBlock in a far chunk [31, 33], pos: MutableBlockPos{x=496, y=80, z=532}, status: minecraft:features, currently generating: ResourceKey[minecraft:worldgen/placed_feature / ancient_elements:crystalsproud]
[22Mar2026 23:31:45.284] [Worker-Main-3/ERROR] [net.minecraft.Util/]: Detected setBlock in a far chunk [31, 32], pos: MutableBlockPos{x=497, y=88, z=521}, status: minecraft:features, currently generating: ResourceKey[minecraft:worldgen/placed_feature / ancient_elements:crystalsproud]
[22Mar2026 23:31:45.284] [Worker-Main-3/ERROR] [net.minecraft.Util/]: Detected setBlock in a far chunk [31, 32], pos: MutableBlockPos{x=496, y=90, z=517}, status: minecraft:features, currently generating: ResourceKey[minecraft:worldgen/placed_feature / ancient_elements:crystalsproud]
[22Mar2026 23:31:45.284] [Worker-Main-3/ERROR] [net.minecraft.Util/]: Detected setBlock in a far chunk [31, 32], pos: MutableBlockPos{x=497, y=90, z=523}, status: minecraft:features, currently generating: ResourceKey[minecraft:worldgen/placed_feature / ancient_elements:crystalsproud]
[22Mar2026 23:31:45.284] [Worker-Main-3/ERROR] [net.minecraft.Util/]: Detected setBlock in a far chunk [31, 32], pos: MutableBlockPos{x=498, y=87, z=518}, status: minecraft:features, currently generating: ResourceKey[minecraft:worldgen/placed_feature / ancient_elements:crystalsproud]
[22Mar2026 23:31:45.285] [Worker-Main-3/ERROR] [net.minecraft.Util/]: Detected setBlock in a far chunk [31, 32], pos: MutableBlockPos{x=499, y=92, z=516}, status: minecraft:features, currently generating: ResourceKey[minecraft:worldgen/placed_feature / ancient_elements:crystalsproud]
[22Mar2026 23:31:45.285] [Worker-Main-3/ERROR] [net.minecraft.Util/]: Detected setBlock in a far chunk [31, 32], pos: MutableBlockPos{x=496, y=87, z=525}, status: minecraft:features, currently generating: ResourceKey[minecraft:worldgen/placed_feature / ancient_elements:crystalsproud]
[22Mar2026 23:31:45.285] [Worker-Main-3/ERROR] [net.minecraft.Util/]: Detected setBlock in a far chunk [31, 32], pos: MutableBlockPos{x=497, y=90, z=518}, status: minecraft:features, currently generating: ResourceKey[minecraft:worldgen/placed_feature / ancient_elements:crystalsproud]
[22Mar2026 23:31:45.287] [Worker-Main-3/ERROR] [net.minecraft.Util/]: Detected setBlock in a far chunk [31, 32], pos: MutableBlockPos{x=496, y=90, z=517}, status: minecraft:features, currently generating: ResourceKey[minecraft:worldgen/placed_feature / ancient_elements:crystalsproud]
[22Mar2026 23:31:45.287] [Worker-Main-3/ERROR] [net.minecraft.Util/]: Detected setBlock in a far chunk [31, 32], pos: MutableBlockPos{x=496, y=93, z=524}, status: minecraft:features, currently generating: ResourceKey[minecraft:worldgen/placed_feature / ancient_elements:crystalsproud]
[22Mar2026 23:31:45.287] [Worker-Main-3/ERROR] [net.minecraft.Util/]: Detected setBlock in a far chunk [31, 32], pos: MutableBlockPos{x=496, y=85, z=525}, status: minecraft:features, currently generating: ResourceKey[minecraft:worldgen/placed_feature / ancient_elements:crystalsproud]
[22Mar2026 23:31:45.287] [Worker-Main-3/ERROR] [net.minecraft.Util/]: Detected setBlock in a far chunk [31, 32], pos: MutableBlockPos{x=497, y=87, z=520}, status: minecraft:features, currently generating: ResourceKey[minecraft:worldgen/placed_feature / ancient_elements:crystalsproud]
[22Mar2026 23:31:45.288] [Worker-Main-3/ERROR] [net.minecraft.Util/]: Detected setBlock in a far chunk [31, 33], pos: MutableBlockPos{x=497, y=103, z=529}, status: minecraft:features, currently generating: ResourceKey[minecraft:worldgen/placed_feature / ancient_elements:crystalsproud]
[22Mar2026 23:31:45.288] [Worker-Main-3/ERROR] [net.minecraft.Util/]: Detected setBlock in a far chunk [31, 33], pos: MutableBlockPos{x=499, y=101, z=529}, status: minecraft:features, currently generating: ResourceKey[minecraft:worldgen/placed_feature / ancient_elements:crystalsproud]
[22Mar2026 23:31:45.288] [Worker-Main-3/ERROR] [net.minecraft.Util/]: Detected setBlock in a far chunk [31, 33], pos: MutableBlockPos{x=496, y=103, z=533}, status: minecraft:features, currently generating: ResourceKey[minecraft:worldgen/placed_feature / ancient_elements:crystalsproud]
[22Mar2026 23:31:45.288] [Worker-Main-3/ERROR] [net.minecraft.Util/]: Detected setBlock in a far chunk [31, 33], pos: MutableBlockPos{x=498, y=104, z=532}, status: minecraft:features, currently generating: ResourceKey[minecraft:worldgen/placed_feature / ancient_elements:crystalsproud]
[22Mar2026 23:31:45.288] [Worker-Main-3/ERROR] [net.minecraft.Util/]: Detected setBlock in a far chunk [31, 33], pos: MutableBlockPos{x=496, y=104, z=534}, status: minecraft:features, currently generating: ResourceKey[minecraft:worldgen/placed_feature / ancient_elements:crystalsproud]
[22Mar2026 23:31:45.288] [Worker-Main-3/ERROR] [net.minecraft.Util/]: Detected setBlock in a far chunk [31, 33], pos: MutableBlockPos{x=498, y=106, z=530}, status: minecraft:features, currently generating: ResourceKey[minecraft:worldgen/placed_feature / ancient_elements:crystalsproud]
[22Mar2026 23:31:45.288] [Worker-Main-3/ERROR] [net.minecraft.Util/]: Detected setBlock in a far chunk [31, 33], pos: MutableBlockPos{x=497, y=103, z=528}, status: minecraft:features, currently generating: ResourceKey[minecraft:worldgen/placed_feature / ancient_elements:crystalsproud]
[22Mar2026 23:31:45.289] [Worker-Main-3/ERROR] [net.minecraft.Util/]: Detected setBlock in a far chunk [31, 32], pos: MutableBlockPos{x=498, y=96, z=521}, status: minecraft:features, currently generating: ResourceKey[minecraft:worldgen/placed_feature / ancient_elements:crystalsproud]
[22Mar2026 23:31:45.291] [Worker-Main-3/ERROR] [net.minecraft.Util/]: Detected setBlock in a far chunk [31, 33], pos: MutableBlockPos{x=496, y=100, z=537}, status: minecraft:features, currently generating: ResourceKey[minecraft:worldgen/placed_feature / ancient_elements:crystalsproud]
[22Mar2026 23:31:45.291] [Worker-Main-3/ERROR] [net.minecraft.Util/]: Detected setBlock in a far chunk [31, 32], pos: MutableBlockPos{x=498, y=100, z=526}, status: minecraft:features, currently generating: ResourceKey[minecraft:worldgen/placed_feature / ancient_elements:crystalsproud]
[22Mar2026 23:31:45.291] [Worker-Main-3/ERROR] [net.minecraft.Util/]: Detected setBlock in a far chunk [30, 34], pos: MutableBlockPos{x=488, y=55, z=546}, status: minecraft:features, currently generating: ResourceKey[minecraft:worldgen/placed_feature / ancient_elements:crystalsproud]
[22Mar2026 23:31:45.291] [Worker-Main-3/ERROR] [net.minecraft.Util/]: Detected setBlock in a far chunk [30, 34], pos: MutableBlockPos{x=487, y=59, z=544}, status: minecraft:features, currently generating: ResourceKey[minecraft:worldgen/placed_feature / ancient_elements:crystalsproud]
[22Mar2026 23:31:45.291] [Worker-Main-3/ERROR] [net.minecraft.Util/]: Detected setBlock in a far chunk [30, 34], pos: MutableBlockPos{x=485, y=55, z=544}, status: minecraft:features, currently generating: ResourceKey[minecraft:worldgen/placed_feature / ancient_elements:crystalsproud]
[22Mar2026 23:31:45.291] [Worker-Main-3/ERROR] [net.minecraft.Util/]: Detected setBlock in a far chunk [30, 34], pos: MutableBlockPos{x=491, y=55, z=545}, status: minecraft:features, currently generating: ResourceKey[minecraft:worldgen/placed_feature / ancient_elements:crystalsproud]
[22Mar2026 23:31:45.291] [Worker-Main-3/ERROR] [net.minecraft.Util/]: Detected setBlock in a far chunk [30, 34], pos: MutableBlockPos{x=481, y=60, z=545}, status: minecraft:features, currently generating: ResourceKey[minecraft:worldgen/placed_feature / ancient_elements:crystalsproud]
[22Mar2026 23:31:45.292] [Worker-Main-3/ERROR] [net.minecraft.Util/]: Detected setBlock in a far chunk [31, 33], pos: MutableBlockPos{x=497, y=55, z=534}, status: minecraft:features, currently generating: ResourceKey[minecraft:worldgen/placed_feature / ancient_elements:crystalsproud]
[22Mar2026 23:31:45.292] [Worker-Main-3/ERROR] [net.minecraft.Util/]: Detected setBlock in a far chunk [31, 32], pos: MutableBlockPos{x=498, y=19, z=521}, status: minecraft:features, currently generating: ResourceKey[minecraft:worldgen/placed_feature / ancient_elements:crystalsproud]
[22Mar2026 23:31:45.292] [Worker-Main-3/ERROR] [net.minecraft.Util/]: Detected setBlock in a far chunk [31, 33], pos: MutableBlockPos{x=501, y=20, z=534}, status: minecraft:features, currently generating: ResourceKey[minecraft:worldgen/placed_feature / ancient_elements:crystalsproud]
[22Mar2026 23:31:45.292] [Worker-Main-3/ERROR] [net.minecraft.Util/]: Detected setBlock in a far chunk [31, 33], pos: MutableBlockPos{x=499, y=22, z=529}, status: minecraft:features, currently generating: ResourceKey[minecraft:worldgen/placed_feature / ancient_elements:crystalsproud]
[22Mar2026 23:31:45.292] [Worker-Main-3/ERROR] [net.minecraft.Util/]: Detected setBlock in a far chunk [31, 32], pos: MutableBlockPos{x=496, y=17, z=524}, status: minecraft:features, currently generating: ResourceKey[minecraft:worldgen/placed_feature / ancient_elements:crystalsproud]
[22Mar2026 23:31:45.292] [Worker-Main-3/ERROR] [net.minecraft.Util/]: Detected setBlock in a far chunk [31, 32], pos: MutableBlockPos{x=499, y=21, z=526}, status: minecraft:features, currently generating: ResourceKey[minecraft:worldgen/placed_feature / ancient_elements:crystalsproud]
[22Mar2026 23:31:45.294] [Worker-Main-3/ERROR] [net.minecraft.Util/]: Detected setBlock in a far chunk [31, 32], pos: MutableBlockPos{x=498, y=23, z=517}, status: minecraft:features, currently generating: ResourceKey[minecraft:worldgen/placed_feature / ancient_elements:crystalsproud]
[22Mar2026 23:31:45.295] [Worker-Main-3/ERROR] [net.minecraft.Util/]: Detected setBlock in a far chunk [31, 32], pos: MutableBlockPos{x=497, y=20, z=517}, status: minecraft:features, currently generating: ResourceKey[minecraft:worldgen/placed_feature / ancient_elements:crystalsproud]
[22Mar2026 23:31:45.295] [Worker-Main-3/ERROR] [net.minecraft.Util/]: Detected setBlock in a far chunk [31, 32], pos: MutableBlockPos{x=496, y=19, z=520}, status: minecraft:features, currently generating: ResourceKey[minecraft:worldgen/placed_feature / ancient_elements:crystalsproud]
[22Mar2026 23:31:45.295] [Worker-Main-3/ERROR] [net.minecraft.Util/]: Detected setBlock in a far chunk [31, 32], pos: MutableBlockPos{x=498, y=18, z=527}, status: minecraft:features, currently generating: ResourceKey[minecraft:worldgen/placed_feature / ancient_elements:crystalsproud]
[22Mar2026 23:31:45.296] [Worker-Main-3/ERROR] [net.minecraft.Util/]: Detected setBlock in a far chunk [29, 34], pos: MutableBlockPos{x=478, y=47, z=544}, status: minecraft:features, currently generating: ResourceKey[minecraft:worldgen/placed_feature / ancient_elements:crystalsproud]
[22Mar2026 23:31:45.296] [Worker-Main-3/ERROR] [net.minecraft.Util/]: Detected setBlock in a far chunk [30, 34], pos: MutableBlockPos{x=485, y=49, z=547}, status: minecraft:features, currently generating: ResourceKey[minecraft:worldgen/placed_feature / ancient_elements:crystalsproud]
[22Mar2026 23:31:45.296] [Worker-Main-3/ERROR] [net.minecraft.Util/]: Detected setBlock in a far chunk [31, 33], pos: MutableBlockPos{x=497, y=52, z=541}, status: minecraft:features, currently generating: ResourceKey[minecraft:worldgen/placed_feature / ancient_elements:crystalsproud]
[22Mar2026 23:31:45.297] [Worker-Main-3/ERROR] [net.minecraft.Util/]: Detected setBlock in a far chunk [31, 32], pos: MutableBlockPos{x=497, y=49, z=523}, status: minecraft:features, currently generating: ResourceKey[minecraft:worldgen/placed_feature / ancient_elements:crystalsproud]
[22Mar2026 23:31:45.297] [Worker-Main-3/ERROR] [net.minecraft.Util/]: Detected setBlock in a far chunk [29, 34], pos: MutableBlockPos{x=478, y=55, z=544}, status: minecraft:features, currently generating: ResourceKey[minecraft:worldgen/placed_feature / ancient_elements:crystalsproud]
[22Mar2026 23:31:45.297] [Worker-Main-3/ERROR] [net.minecraft.Util/]: Detected setBlock in a far chunk [31, 33], pos: MutableBlockPos{x=496, y=51, z=537}, status: minecraft:features, currently generating: ResourceKey[minecraft:worldgen/placed_feature / ancient_elements:crystalsproud]
[22Mar2026 23:31:45.297] [Worker-Main-3/ERROR] [net.minecraft.Util/]: Detected setBlock in a far chunk [29, 34], pos: MutableBlockPos{x=477, y=95, z=544}, status: minecraft:features, currently generating: ResourceKey[minecraft:worldgen/placed_feature / ancient_elements:crystalsproud]
[22Mar2026 23:31:45.297] [Worker-Main-3/ERROR] [net.minecraft.Util/]: Detected setBlock in a far chunk [29, 34], pos: MutableBlockPos{x=478, y=100, z=544}, status: minecraft:features, currently generating: ResourceKey[minecraft:worldgen/placed_feature / ancient_elements:crystalsproud]
[22Mar2026 23:31:45.297] [Worker-Main-3/ERROR] [net.minecraft.Util/]: Detected setBlock in a far chunk [29, 34], pos: MutableBlockPos{x=476, y=103, z=544}, status: minecraft:features, currently generating: ResourceKey[minecraft:worldgen/placed_feature / ancient_elements:crystalsproud]
[22Mar2026 23:31:45.297] [Worker-Main-3/ERROR] [net.minecraft.Util/]: Detected setBlock in a far chunk [30, 34], pos: MutableBlockPos{x=480, y=99, z=544}, status: minecraft:features, currently generating: ResourceKey[minecraft:worldgen/placed_feature / ancient_elements:crystalsproud]
[22Mar2026 23:31:45.297] [Worker-Main-3/ERROR] [net.minecraft.Util/]: Detected setBlock in a far chunk [30, 34], pos: MutableBlockPos{x=490, y=94, z=546}, status: minecraft:features, currently generating: ResourceKey[minecraft:worldgen/placed_feature / ancient_elements:crystalsproud]
[22Mar2026 23:31:45.298] [Worker-Main-3/ERROR] [net.minecraft.Util/]: Detected setBlock in a far chunk [31, 33], pos: MutableBlockPos{x=497, y=17, z=533}, status: minecraft:features, currently generating: ResourceKey[minecraft:worldgen/placed_feature / ancient_elements:crystalsproud]
[22Mar2026 23:31:45.298] [Worker-Main-3/ERROR] [net.minecraft.Util/]: Detected setBlock in a far chunk [31, 32], pos: MutableBlockPos{x=497, y=15, z=515}, status: minecraft:features, currently generating: ResourceKey[minecraft:worldgen/placed_feature / ancient_elements:crystalsproud]
[22Mar2026 23:31:45.300] [Worker-Main-3/ERROR] [net.minecraft.Util/]: Detected setBlock in a far chunk [29, 34], pos: MutableBlockPos{x=475, y=62, z=544}, status: minecraft:features, currently generating: ResourceKey[minecraft:worldgen/placed_feature / ancient_elements:crystalsproud]
[22Mar2026 23:31:45.300] [Worker-Main-3/ERROR] [net.minecraft.Util/]: Detected setBlock in a far chunk [29, 34], pos: MutableBlockPos{x=471, y=22, z=544}, status: minecraft:features, currently generating: ResourceKey[minecraft:worldgen/placed_feature / ancient_elements:crystalsproud]
[22Mar2026 23:31:45.301] [Worker-Main-3/ERROR] [net.minecraft.Util/]: Detected setBlock in a far chunk [31, 32], pos: MutableBlockPos{x=497, y=-32, z=525}, status: minecraft:features, currently generating: ResourceKey[minecraft:worldgen/placed_feature / ancient_elements:crystalsproud]
[22Mar2026 23:31:45.301] [Worker-Main-3/ERROR] [net.minecraft.Util/]: Detected setBlock in a far chunk [31, 32], pos: MutableBlockPos{x=497, y=-27, z=523}, status: minecraft:features, currently generating: ResourceKey[minecraft:worldgen/placed_feature / ancient_elements:crystalsproud]
[22Mar2026 23:31:45.301] [Worker-Main-3/ERROR] [net.minecraft.Util/]: Detected setBlock in a far chunk [31, 32], pos: MutableBlockPos{x=497, y=-29, z=522}, status: minecraft:features, currently generating: ResourceKey[minecraft:worldgen/placed_feature / ancient_elements:crystalsproud]
[22Mar2026 23:31:45.302] [Worker-Main-3/ERROR] [net.minecraft.Util/]: Detected setBlock in a far chunk [31, 32], pos: MutableBlockPos{x=497, y=-29, z=513}, status: minecraft:features, currently generating: ResourceKey[minecraft:worldgen/placed_feature / ancient_elements:crystalsproud]
[22Mar2026 23:31:45.302] [Worker-Main-3/ERROR] [net.minecraft.Util/]: Detected setBlock in a far chunk [31, 32], pos: MutableBlockPos{x=499, y=-26, z=517}, status: minecraft:features, currently generating: ResourceKey[minecraft:worldgen/placed_feature / ancient_elements:crystalsproud]
[22Mar2026 23:31:45.302] [Worker-Main-3/ERROR] [net.minecraft.Util/]: Detected setBlock in a far chunk [31, 33], pos: MutableBlockPos{x=497, y=-27, z=528}, status: minecraft:features, currently generating: ResourceKey[minecraft:worldgen/placed_feature / ancient_elements:crystalsproud]
[22Mar2026 23:31:45.303] [Worker-Main-3/ERROR] [net.minecraft.Util/]: Detected setBlock in a far chunk [31, 32], pos: MutableBlockPos{x=496, y=-25, z=519}, status: minecraft:features, currently generating: ResourceKey[minecraft:worldgen/placed_feature / ancient_elements:crystalsproud]
[22Mar2026 23:31:45.303] [Worker-Main-3/ERROR] [net.minecraft.Util/]: Detected setBlock in a far chunk [31, 33], pos: MutableBlockPos{x=496, y=-27, z=528}, status: minecraft:features, currently generating: ResourceKey[minecraft:worldgen/placed_feature / ancient_elements:crystalsproud]
[22Mar2026 23:31:45.303] [Worker-Main-3/ERROR] [net.minecraft.Util/]: Detected setBlock in a far chunk [31, 32], pos: MutableBlockPos{x=497, y=-28, z=516}, status: minecraft:features, currently generating: ResourceKey[minecraft:worldgen/placed_feature / ancient_elements:crystalsproud]
[22Mar2026 23:31:45.303] [Worker-Main-3/ERROR] [net.minecraft.Util/]: Detected setBlock in a far chunk [31, 33], pos: MutableBlockPos{x=499, y=68, z=533}, status: minecraft:features, currently generating: ResourceKey[minecraft:worldgen/placed_feature / ancient_elements:crystalsproud]
[22Mar2026 23:31:45.303] [Worker-Main-3/ERROR] [net.minecraft.Util/]: Detected setBlock in a far chunk [31, 32], pos: MutableBlockPos{x=498, y=65, z=522}, status: minecraft:features, currently generating: ResourceKey[minecraft:worldgen/placed_feature / ancient_elements:crystalsproud]
[22Mar2026 23:31:45.303] [Worker-Main-3/ERROR] [net.minecraft.Util/]: Detected setBlock in a far chunk [31, 33], pos: MutableBlockPos{x=496, y=66, z=534}, status: minecraft:features, currently generating: ResourceKey[minecraft:worldgen/placed_feature / ancient_elements:crystalsproud]
[22Mar2026 23:31:45.303] [Worker-Main-3/ERROR] [net.minecraft.Util/]: Detected setBlock in a far chunk [31, 32], pos: MutableBlockPos{x=500, y=69, z=524}, status: minecraft:features, currently generating: ResourceKey[minecraft:worldgen/placed_feature / ancient_elements:crystalsproud]
[22Mar2026 23:31:45.304] [Worker-Main-3/ERROR] [net.minecraft.Util/]: Detected setBlock in a far chunk [31, 32], pos: MutableBlockPos{x=498, y=63, z=523}, status: minecraft:features, currently generating: ResourceKey[minecraft:worldgen/placed_feature / ancient_elements:crystalsproud]
[22Mar2026 23:31:45.305] [Worker-Main-3/ERROR] [net.minecraft.Util/]: Detected setBlock in a far chunk [31, 32], pos: MutableBlockPos{x=499, y=73, z=527}, status: minecraft:features, currently generating: ResourceKey[minecraft:worldgen/placed_feature / ancient_elements:crystalsproud]
[22Mar2026 23:31:45.305] [Worker-Main-3/ERROR] [net.minecraft.Util/]: Detected setBlock in a far chunk [31, 33], pos: MutableBlockPos{x=497, y=74, z=533}, status: minecraft:features, currently generating: ResourceKey[minecraft:worldgen/placed_feature / ancient_elements:crystalsproud]
[22Mar2026 23:31:45.305] [Worker-Main-3/ERROR] [net.minecraft.Util/]: Detected setBlock in a far chunk [31, 32], pos: MutableBlockPos{x=496, y=75, z=526}, status: minecraft:features, currently generating: ResourceKey[minecraft:worldgen/placed_feature / ancient_elements:crystalsproud]
[22Mar2026 23:31:45.305] [Worker-Main-3/ERROR] [net.minecraft.Util/]: Detected setBlock in a far chunk [31, 33], pos: MutableBlockPos{x=500, y=77, z=532}, status: minecraft:features, currently generating: ResourceKey[minecraft:worldgen/placed_feature / ancient_elements:crystalsproud]
[22Mar2026 23:31:45.305] [Worker-Main-3/ERROR] [net.minecraft.Util/]: Detected setBlock in a far chunk [31, 32], pos: MutableBlockPos{x=496, y=78, z=522}, status: minecraft:features, currently generating: ResourceKey[minecraft:worldgen/placed_feature / ancient_elements:crystalsproud]
[22Mar2026 23:31:45.305] [Worker-Main-3/ERROR] [net.minecraft.Util/]: Detected setBlock in a far chunk [31, 33], pos: MutableBlockPos{x=496, y=75, z=528}, status: minecraft:features, currently generating: ResourceKey[minecraft:worldgen/placed_feature / ancient_elements:crystalsproud]
[22Mar2026 23:31:45.305] [Worker-Main-3/ERROR] [net.minecraft.Util/]: Detected setBlock in a far chunk [31, 32], pos: MutableBlockPos{x=497, y=78, z=516}, status: minecraft:features, currently generating: ResourceKey[minecraft:worldgen/placed_feature / ancient_elements:crystalsproud]
[22Mar2026 23:31:45.305] [Worker-Main-3/ERROR] [net.minecraft.Util/]: Detected setBlock in a far chunk [31, 33], pos: MutableBlockPos{x=500, y=71, z=533}, status: minecraft:features, currently generating: ResourceKey[minecraft:worldgen/placed_feature / ancient_elements:crystalsproud]
[22Mar2026 23:31:45.305] [Worker-Main-3/ERROR] [net.minecraft.Util/]: Detected setBlock in a far chunk [31, 32], pos: MutableBlockPos{x=499, y=73, z=524}, status: minecraft:features, currently generating: ResourceKey[minecraft:worldgen/placed_feature / ancient_elements:crystalsproud]
[22Mar2026 23:31:45.305] [Worker-Main-3/ERROR] [net.minecraft.Util/]: Detected setBlock in a far chunk [31, 32], pos: MutableBlockPos{x=497, y=77, z=521}, status: minecraft:features, currently generating: ResourceKey[minecraft:worldgen/placed_feature / ancient_elements:crystalsproud]
[22Mar2026 23:31:45.306] [Worker-Main-3/ERROR] [net.minecraft.Util/]: Detected setBlock in a far chunk [31, 33], pos: MutableBlockPos{x=497, y=76, z=535}, status: minecraft:features, currently generating: ResourceKey[minecraft:worldgen/placed_feature / ancient_elements:crystalsproud]
[22Mar2026 23:31:45.306] [Worker-Main-3/ERROR] [net.minecraft.Util/]: Detected setBlock in a far chunk [29, 34], pos: MutableBlockPos{x=477, y=47, z=544}, status: minecraft:features, currently generating: ResourceKey[minecraft:worldgen/placed_feature / ancient_elements:crystalsproud]
[22Mar2026 23:31:45.306] [Worker-Main-3/ERROR] [net.minecraft.Util/]: Detected setBlock in a far chunk [30, 34], pos: MutableBlockPos{x=483, y=44, z=544}, status: minecraft:features, currently generating: ResourceKey[minecraft:worldgen/placed_feature / ancient_elements:crystalsproud]
[22Mar2026 23:31:45.306] [Worker-Main-3/ERROR] [net.minecraft.Util/]: Detected setBlock in a far chunk [30, 34], pos: MutableBlockPos{x=495, y=42, z=544}, status: minecraft:features, currently generating: ResourceKey[minecraft:worldgen/placed_feature / ancient_elements:crystalsproud]
[22Mar2026 23:31:45.306] [Worker-Main-3/ERROR] [net.minecraft.Util/]: Detected setBlock in a far chunk [29, 34], pos: MutableBlockPos{x=478, y=44, z=544}, status: minecraft:features, currently generating: ResourceKey[minecraft:worldgen/placed_feature / ancient_elements:crystalsproud]
[22Mar2026 23:31:45.306] [Worker-Main-3/ERROR] [net.minecraft.Util/]: Detected setBlock in a far chunk [29, 34], pos: MutableBlockPos{x=476, y=48, z=544}, status: minecraft:features, currently generating: ResourceKey[minecraft:worldgen/placed_feature / ancient_elements:crystalsproud]
[22Mar2026 23:31:45.306] [Worker-Main-3/ERROR] [net.minecraft.Util/]: Detected setBlock in a far chunk [30, 34], pos: MutableBlockPos{x=482, y=46, z=544}, status: minecraft:features, currently generating: ResourceKey[minecraft:worldgen/placed_feature / ancient_elements:crystalsproud]
[22Mar2026 23:31:45.306] [Worker-Main-3/ERROR] [net.minecraft.Util/]: Detected setBlock in a far chunk [30, 34], pos: MutableBlockPos{x=489, y=44, z=546}, status: minecraft:features, currently generating: ResourceKey[minecraft:worldgen/placed_feature / ancient_elements:crystalsproud]
[22Mar2026 23:31:45.307] [Worker-Main-3/ERROR] [net.minecraft.Util/]: Detected setBlock in a far chunk [30, 34], pos: MutableBlockPos{x=494, y=50, z=544}, status: minecraft:features, currently generating: ResourceKey[minecraft:worldgen/placed_feature / ancient_elements:crystalsproud]
[22Mar2026 23:31:45.307] [Worker-Main-3/ERROR] [net.minecraft.Util/]: Detected setBlock in a far chunk [30, 34], pos: MutableBlockPos{x=489, y=42, z=545}, status: minecraft:features, currently generating: ResourceKey[minecraft:worldgen/placed_feature / ancient_elements:crystalsproud]
[22Mar2026 23:31:45.307] [Worker-Main-3/ERROR] [net.minecraft.Util/]: Detected setBlock in a far chunk [31, 33], pos: MutableBlockPos{x=496, y=50, z=531}, status: minecraft:features, currently generating: ResourceKey[minecraft:worldgen/placed_feature / ancient_elements:crystalsproud]
[22Mar2026 23:31:45.307] [Worker-Main-3/ERROR] [net.minecraft.Util/]: Detected setBlock in a far chunk [31, 33], pos: MutableBlockPos{x=498, y=49, z=543}, status: minecraft:features, currently generating: ResourceKey[minecraft:worldgen/placed_feature / ancient_elements:crystalsproud]
[22Mar2026 23:31:45.307] [Worker-Main-3/ERROR] [net.minecraft.Util/]: Detected setBlock in a far chunk [29, 34], pos: MutableBlockPos{x=475, y=97, z=544}, status: minecraft:features, currently generating: ResourceKey[minecraft:worldgen/placed_feature / ancient_elements:crystalsproud]
[22Mar2026 23:31:45.307] [Worker-Main-3/ERROR] [net.minecraft.Util/]: Detected setBlock in a far chunk [29, 34], pos: MutableBlockPos{x=476, y=91, z=544}, status: minecraft:features, currently generating: ResourceKey[minecraft:worldgen/placed_feature / ancient_elements:crystalsproud]
[22Mar2026 23:31:45.307] [Worker-Main-3/ERROR] [net.minecraft.Util/]: Detected setBlock in a far chunk [30, 34], pos: MutableBlockPos{x=481, y=91, z=544}, status: minecraft:features, currently generating: ResourceKey[minecraft:worldgen/placed_feature / ancient_elements:crystalsproud]
[22Mar2026 23:31:45.307] [Worker-Main-3/ERROR] [net.minecraft.Util/]: Detected setBlock in a far chunk [30, 34], pos: MutableBlockPos{x=481, y=91, z=544}, status: minecraft:features, currently generating: ResourceKey[minecraft:worldgen/placed_feature / ancient_elements:crystalsproud]
[22Mar2026 23:31:45.314] [Worker-Main-3/ERROR] [net.minecraft.Util/]: Detected setBlock in a far chunk [31, 33], pos: MutableBlockPos{x=498, y=41, z=533}, status: minecraft:features, currently generating: ResourceKey[minecraft:worldgen/placed_feature / ancient_elements:crystalsproud]
[22Mar2026 23:31:45.315] [Worker-Main-3/ERROR] [net.minecraft.Util/]: Detected setBlock in a far chunk [31, 32], pos: MutableBlockPos{x=500, y=42, z=525}, status: minecraft:features, currently generating: ResourceKey[minecraft:worldgen/placed_feature / ancient_elements:crystalsproud]
[22Mar2026 23:31:45.317] [Worker-Main-3/ERROR] [net.minecraft.Util/]: Detected setBlock in a far chunk [31, 33], pos: MutableBlockPos{x=496, y=43, z=530}, status: minecraft:features, currently generating: ResourceKey[minecraft:worldgen/placed_feature / ancient_elements:crystalsproud]
[22Mar2026 23:31:45.317] [Worker-Main-3/ERROR] [net.minecraft.Util/]: Detected setBlock in a far chunk [30, 34], pos: MutableBlockPos{x=490, y=36, z=544}, status: minecraft:features, currently generating: ResourceKey[minecraft:worldgen/placed_feature / ancient_elements:crystalsproud]
[22Mar2026 23:31:45.317] [Worker-Main-3/ERROR] [net.minecraft.Util/]: Detected setBlock in a far chunk [31, 33], pos: MutableBlockPos{x=500, y=38, z=540}, status: minecraft:features, currently generating: ResourceKey[minecraft:worldgen/placed_feature / ancient_elements:crystalsproud]
[22Mar2026 23:31:45.317] [Worker-Main-3/ERROR] [net.minecraft.Util/]: Detected setBlock in a far chunk [31, 33], pos: MutableBlockPos{x=496, y=43, z=533}, status: minecraft:features, currently generating: ResourceKey[minecraft:worldgen/placed_feature / ancient_elements:crystalsproud]
[22Mar2026 23:31:45.317] [Worker-Main-3/ERROR] [net.minecraft.Util/]: Detected setBlock in a far chunk [31, 33], pos: MutableBlockPos{x=496, y=40, z=533}, status: minecraft:features, currently generating: ResourceKey[minecraft:worldgen/placed_feature / ancient_elements:crystalsproud]
[22Mar2026 23:31:45.317] [Worker-Main-3/ERROR] [net.minecraft.Util/]: Detected setBlock in a far chunk [31, 33], pos: MutableBlockPos{x=500, y=43, z=529}, status: minecraft:features, currently generating: ResourceKey[minecraft:worldgen/placed_feature / ancient_elements:crystalsproud]
[22Mar2026 23:31:45.317] [Worker-Main-3/ERROR] [net.minecraft.Util/]: Detected setBlock in a far chunk [31, 33], pos: MutableBlockPos{x=496, y=41, z=543}, status: minecraft:features, currently generating: ResourceKey[minecraft:worldgen/placed_feature / ancient_elements:crystalsproud]
[22Mar2026 23:31:45.318] [Worker-Main-3/ERROR] [net.minecraft.Util/]: Detected setBlock in a far chunk [31, 33], pos: MutableBlockPos{x=497, y=45, z=539}, status: minecraft:features, currently generating: ResourceKey[minecraft:worldgen/placed_feature / ancient_elements:crystalsproud]
[22Mar2026 23:31:45.319] [Worker-Main-3/ERROR] [net.minecraft.Util/]: Detected setBlock in a far chunk [31, 33], pos: MutableBlockPos{x=501, y=46, z=528}, status: minecraft:features, currently generating: ResourceKey[minecraft:worldgen/placed_feature / ancient_elements:crystalsproud]
[22Mar2026 23:31:45.319] [Worker-Main-3/ERROR] [net.minecraft.Util/]: Detected setBlock in a far chunk [30, 34], pos: MutableBlockPos{x=480, y=45, z=544}, status: minecraft:features, currently generating: ResourceKey[minecraft:worldgen/placed_feature / ancient_elements:crystalsproud]
[22Mar2026 23:31:45.320] [Worker-Main-3/ERROR] [net.minecraft.Util/]: Detected setBlock in a far chunk [29, 34], pos: MutableBlockPos{x=478, y=36, z=544}, status: minecraft:features, currently generating: ResourceKey[minecraft:worldgen/placed_feature / ancient_elements:crystalsproud]
[22Mar2026 23:31:45.321] [Worker-Main-3/ERROR] [net.minecraft.Util/]: Detected setBlock in a far chunk [31, 33], pos: MutableBlockPos{x=499, y=-57, z=531}, status: minecraft:features, currently generating: ResourceKey[minecraft:worldgen/placed_feature / ancient_elements:crystalsproud]
[22Mar2026 23:31:45.323] [Worker-Main-3/ERROR] [net.minecraft.Util/]: Detected setBlock in a far chunk [31, 33], pos: MutableBlockPos{x=498, y=-53, z=535}, status: minecraft:features, currently generating: ResourceKey[minecraft:worldgen/placed_feature / ancient_elements:crystalsproud]
[22Mar2026 23:31:45.323] [Worker-Main-3/ERROR] [net.minecraft.Util/]: Detected setBlock in a far chunk [31, 32], pos: MutableBlockPos{x=500, y=-56, z=524}, status: minecraft:features, currently generating: ResourceKey[minecraft:worldgen/placed_feature / ancient_elements:crystalsproud]
[22Mar2026 23:31:45.324] [Worker-Main-3/ERROR] [net.minecraft.Util/]: Detected setBlock in a far chunk [31, 33], pos: MutableBlockPos{x=497, y=-51, z=536}, status: minecraft:features, currently generating: ResourceKey[minecraft:worldgen/placed_feature / ancient_elements:crystalsproud]
[22Mar2026 23:31:45.324] [Worker-Main-3/ERROR] [net.minecraft.Util/]: Detected setBlock in a far chunk [31, 33], pos: MutableBlockPos{x=497, y=-54, z=528}, status: minecraft:features, currently generating: ResourceKey[minecraft:worldgen/placed_feature / ancient_elements:crystalsproud]
[22Mar2026 23:31:45.324] [Worker-Main-3/ERROR] [net.minecraft.Util/]: Detected setBlock in a far chunk [31, 33], pos: MutableBlockPos{x=499, y=-50, z=531}, status: minecraft:features, currently generating: ResourceKey[minecraft:worldgen/placed_feature / ancient_elements:crystalsproud]
[22Mar2026 23:31:45.324] [Worker-Main-3/ERROR] [net.minecraft.Util/]: Detected setBlock in a far chunk [31, 33], pos: MutableBlockPos{x=500, y=-48, z=532}, status: minecraft:features, currently generating: ResourceKey[minecraft:worldgen/placed_feature / ancient_elements:crystalsproud]
[22Mar2026 23:31:45.324] [Worker-Main-3/ERROR] [net.minecraft.Util/]: Detected setBlock in a far chunk [31, 33], pos: MutableBlockPos{x=497, y=-50, z=529}, status: minecraft:features, currently generating: ResourceKey[minecraft:worldgen/placed_feature / ancient_elements:crystalsproud]
[22Mar2026 23:31:45.324] [Worker-Main-3/ERROR] [net.minecraft.Util/]: Detected setBlock in a far chunk [31, 33], pos: MutableBlockPos{x=497, y=-52, z=534}, status: minecraft:features, currently generating: ResourceKey[minecraft:worldgen/placed_feature / ancient_elements:crystalsproud]
[22Mar2026 23:31:45.324] [Worker-Main-3/ERROR] [net.minecraft.Util/]: Detected setBlock in a far chunk [31, 33], pos: MutableBlockPos{x=499, y=-55, z=539}, status: minecraft:features, currently generating: ResourceKey[minecraft:worldgen/placed_feature / ancient_elements:crystalsproud]
[22Mar2026 23:31:45.324] [Worker-Main-3/ERROR] [net.minecraft.Util/]: Detected setBlock in a far chunk [31, 33], pos: MutableBlockPos{x=498, y=-54, z=528}, status: minecraft:features, currently generating: ResourceKey[minecraft:worldgen/placed_feature / ancient_elements:crystalsproud]
[22Mar2026 23:31:45.324] [Worker-Main-3/ERROR] [net.minecraft.Util/]: Detected setBlock in a far chunk [31, 33], pos: MutableBlockPos{x=497, y=-51, z=534}, status: minecraft:features, currently generating: ResourceKey[minecraft:worldgen/placed_feature / ancient_elements:crystalsproud]
[22Mar2026 23:31:45.325] [Worker-Main-3/ERROR] [net.minecraft.Util/]: Detected setBlock in a far chunk [31, 32], pos: MutableBlockPos{x=496, y=-55, z=525}, status: minecraft:features, currently generating: ResourceKey[minecraft:worldgen/placed_feature / ancient_elements:crystalsproud]
[22Mar2026 23:31:45.325] [Worker-Main-3/ERROR] [net.minecraft.Util/]: Detected setBlock in a far chunk [31, 33], pos: MutableBlockPos{x=496, y=-55, z=531}, status: minecraft:features, currently generating: ResourceKey[minecraft:worldgen/placed_feature / ancient_elements:crystalsproud]
[22Mar2026 23:31:45.325] [Worker-Main-3/ERROR] [net.minecraft.Util/]: Detected setBlock in a far chunk [29, 34], pos: MutableBlockPos{x=477, y=4, z=544}, status: minecraft:features, currently generating: ResourceKey[minecraft:worldgen/placed_feature / ancient_elements:crystalsproud]
[22Mar2026 23:31:48.824] [Worker-Main-3/ERROR] [net.minecraft.Util/]: Detected setBlock in a far chunk [30, 32], pos: MutableBlockPos{x=481, y=98, z=517}, status: minecraft:features, currently generating: ResourceKey[minecraft:worldgen/placed_feature / ancient_elements:crystalsproud]
[22Mar2026 23:31:48.825] [Worker-Main-3/ERROR] [net.minecraft.Util/]: Detected setBlock in a far chunk [30, 33], pos: MutableBlockPos{x=481, y=96, z=532}, status: minecraft:features, currently generating: ResourceKey[minecraft:worldgen/placed_feature / ancient_elements:crystalsproud]
[22Mar2026 23:31:48.825] [Worker-Main-3/ERROR] [net.minecraft.Util/]: Detected setBlock in a far chunk [30, 32], pos: MutableBlockPos{x=480, y=95, z=526}, status: minecraft:features, currently generating: ResourceKey[minecraft:worldgen/placed_feature / ancient_elements:crystalsproud]
[22Mar2026 23:31:48.826] [Worker-Main-3/ERROR] [net.minecraft.Util/]: Detected setBlock in a far chunk [30, 32], pos: MutableBlockPos{x=480, y=96, z=523}, status: minecraft:features, currently generating: ResourceKey[minecraft:worldgen/placed_feature / ancient_elements:crystalsproud]
[22Mar2026 23:31:48.826] [Worker-Main-3/ERROR] [net.minecraft.Util/]: Detected setBlock in a far chunk [30, 32], pos: MutableBlockPos{x=480, y=97, z=523}, status: minecraft:features, currently generating: ResourceKey[minecraft:worldgen/placed_feature / ancient_elements:crystalsproud]
[22Mar2026 23:31:48.826] [Worker-Main-3/ERROR] [net.minecraft.Util/]: Detected setBlock in a far chunk [30, 32], pos: MutableBlockPos{x=481, y=101, z=521}, status: minecraft:features, currently generating: ResourceKey[minecraft:worldgen/placed_feature / ancient_elements:crystalsproud]
[22Mar2026 23:31:48.826] [Worker-Main-3/ERROR] [net.minecraft.Util/]: Detected setBlock in a far chunk [30, 32], pos: MutableBlockPos{x=485, y=100, z=527}, status: minecraft:features, currently generating: ResourceKey[minecraft:worldgen/placed_feature / ancient_elements:crystalsproud]
[22Mar2026 23:31:48.827] [Worker-Main-3/ERROR] [net.minecraft.Util/]: Detected setBlock in a far chunk [30, 32], pos: MutableBlockPos{x=484, y=92, z=524}, status: minecraft:features, currently generating: ResourceKey[minecraft:worldgen/placed_feature / ancient_elements:crystalsproud]
[22Mar2026 23:31:48.827] [Worker-Main-3/ERROR] [net.minecraft.Util/]: Detected setBlock in a far chunk [30, 32], pos: MutableBlockPos{x=482, y=114, z=522}, status: minecraft:features, currently generating: ResourceKey[minecraft:worldgen/placed_feature / ancient_elements:crystalsproud]
[22Mar2026 23:31:48.827] [Worker-Main-3/ERROR] [net.minecraft.Util/]: Detected setBlock in a far chunk [30, 32], pos: MutableBlockPos{x=481, y=111, z=522}, status: minecraft:features, currently generating: ResourceKey[minecraft:worldgen/placed_feature / ancient_elements:crystalsproud]
[22Mar2026 23:31:48.827] [Worker-Main-3/ERROR] [net.minecraft.Util/]: Detected setBlock in a far chunk [30, 32], pos: MutableBlockPos{x=481, y=117, z=523}, status: minecraft:features, currently generating: ResourceKey[minecraft:worldgen/placed_feature / ancient_elements:crystalsproud]
[22Mar2026 23:31:48.828] [Worker-Main-3/ERROR] [net.minecraft.Util/]: Detected setBlock in a far chunk [30, 32], pos: MutableBlockPos{x=480, y=117, z=525}, status: minecraft:features, currently generating: ResourceKey[minecraft:worldgen/placed_feature / ancient_elements:crystalsproud]
[22Mar2026 23:31:48.828] [Worker-Main-3/ERROR] [net.minecraft.Util/]: Detected setBlock in a far chunk [30, 32], pos: MutableBlockPos{x=480, y=67, z=524}, status: minecraft:features, currently generating: ResourceKey[minecraft:worldgen/placed_feature / ancient_elements:crystalsproud]
[22Mar2026 23:31:48.828] [Worker-Main-3/ERROR] [net.minecraft.Util/]: Detected setBlock in a far chunk [30, 32], pos: MutableBlockPos{x=480, y=62, z=524}, status: minecraft:features, currently generating: ResourceKey[minecraft:worldgen/placed_feature / ancient_elements:crystalsproud]
[22Mar2026 23:31:48.829] [Worker-Main-3/ERROR] [net.minecraft.Util/]: Detected setBlock in a far chunk [29, 34], pos: MutableBlockPos{x=465, y=103, z=546}, status: minecraft:features, currently generating: ResourceKey[minecraft:worldgen/placed_feature / ancient_elements:crystalsproud]
[22Mar2026 23:31:48.829] [Worker-Main-3/ERROR] [net.minecraft.Util/]: Detected setBlock in a far chunk [28, 34], pos: MutableBlockPos{x=460, y=102, z=544}, status: minecraft:features, currently generating: ResourceKey[minecraft:worldgen/placed_feature / ancient_elements:crystalsproud]
[22Mar2026 23:31:48.829] [Worker-Main-3/ERROR] [net.minecraft.Util/]: Detected setBlock in a far chunk [29, 34], pos: MutableBlockPos{x=467, y=104, z=544}, status: minecraft:features, currently generating: ResourceKey[minecraft:worldgen/placed_feature / ancient_elements:crystalsproud]
[22Mar2026 23:31:48.829] [Worker-Main-3/ERROR] [net.minecraft.Util/]: Detected setBlock in a far chunk [29, 34], pos: MutableBlockPos{x=469, y=99, z=547}, status: minecraft:features, currently generating: ResourceKey[minecraft:worldgen/placed_feature / ancient_elements:crystalsproud]
[22Mar2026 23:31:48.829] [Worker-Main-3/ERROR] [net.minecraft.Util/]: Detected setBlock in a far chunk [29, 34], pos: MutableBlockPos{x=468, y=101, z=545}, status: minecraft:features, currently generating: ResourceKey[minecraft:worldgen/placed_feature / ancient_elements:crystalsproud]
[22Mar2026 23:31:48.830] [Worker-Main-3/ERROR] [net.minecraft.Util/]: Detected setBlock in a far chunk [28, 34], pos: MutableBlockPos{x=462, y=96, z=545}, status: minecraft:features, currently generating: ResourceKey[minecraft:worldgen/placed_feature / ancient_elements:crystalsproud]
[22Mar2026 23:31:48.830] [Worker-Main-3/ERROR] [net.minecraft.Util/]: Detected setBlock in a far chunk [29, 34], pos: MutableBlockPos{x=466, y=99, z=544}, status: minecraft:features, currently generating: ResourceKey[minecraft:worldgen/placed_feature / ancient_elements:crystalsproud]
[22Mar2026 23:31:48.830] [Worker-Main-3/ERROR] [net.minecraft.Util/]: Detected setBlock in a far chunk [28, 34], pos: MutableBlockPos{x=455, y=104, z=544}, status: minecraft:features, currently generating: ResourceKey[minecraft:worldgen/placed_feature / ancient_elements:crystalsproud]
[22Mar2026 23:31:48.830] [Worker-Main-3/ERROR] [net.minecraft.Util/]: Detected setBlock in a far chunk [28, 34], pos: MutableBlockPos{x=459, y=100, z=545}, status: minecraft:features, currently generating: ResourceKey[minecraft:worldgen/placed_feature / ancient_elements:crystalsproud]
[22Mar2026 23:31:48.831] [Worker-Main-3/ERROR] [net.minecraft.Util/]: Detected setBlock in a far chunk [29, 34], pos: MutableBlockPos{x=471, y=8, z=545}, status: minecraft:features, currently generating: ResourceKey[minecraft:worldgen/placed_feature / ancient_elements:crystalsproud]
[22Mar2026 23:31:48.832] [Worker-Main-3/ERROR] [net.minecraft.Util/]: Detected setBlock in a far chunk [30, 32], pos: MutableBlockPos{x=481, y=100, z=524}, status: minecraft:features, currently generating: ResourceKey[minecraft:worldgen/placed_feature / ancient_elements:crystalsproud]
[22Mar2026 23:31:48.832] [Worker-Main-3/ERROR] [net.minecraft.Util/]: Detected setBlock in a far chunk [30, 32], pos: MutableBlockPos{x=484, y=102, z=516}, status: minecraft:features, currently generating: ResourceKey[minecraft:worldgen/placed_feature / ancient_elements:crystalsproud]
[22Mar2026 23:31:48.833] [Worker-Main-3/ERROR] [net.minecraft.Util/]: Detected setBlock in a far chunk [30, 33], pos: MutableBlockPos{x=482, y=105, z=532}, status: minecraft:features, currently generating: ResourceKey[minecraft:worldgen/placed_feature / ancient_elements:crystalsproud]
[22Mar2026 23:31:48.833] [Worker-Main-3/ERROR] [net.minecraft.Util/]: Detected setBlock in a far chunk [30, 33], pos: MutableBlockPos{x=484, y=99, z=528}, status: minecraft:features, currently generating: ResourceKey[minecraft:worldgen/placed_feature / ancient_elements:crystalsproud]
[22Mar2026 23:31:48.833] [Worker-Main-3/ERROR] [net.minecraft.Util/]: Detected setBlock in a far chunk [30, 32], pos: MutableBlockPos{x=480, y=102, z=522}, status: minecraft:features, currently generating: ResourceKey[minecraft:worldgen/placed_feature / ancient_elements:crystalsproud]
[22Mar2026 23:31:48.833] [Worker-Main-3/ERROR] [net.minecraft.Util/]: Detected setBlock in a far chunk [30, 32], pos: MutableBlockPos{x=481, y=104, z=524}, status: minecraft:features, currently generating: ResourceKey[minecraft:worldgen/placed_feature / ancient_elements:crystalsproud]
[22Mar2026 23:31:48.833] [Worker-Main-3/ERROR] [net.minecraft.Util/]: Detected setBlock in a far chunk [30, 32], pos: MutableBlockPos{x=480, y=104, z=521}, status: minecraft:features, currently generating: ResourceKey[minecraft:worldgen/placed_feature / ancient_elements:crystalsproud]
[22Mar2026 23:31:48.834] [Worker-Main-3/ERROR] [net.minecraft.Util/]: Detected setBlock in a far chunk [30, 33], pos: MutableBlockPos{x=480, y=112, z=536}, status: minecraft:features, currently generating: ResourceKey[minecraft:worldgen/placed_feature / ancient_elements:crystalsproud]
[22Mar2026 23:31:48.834] [Worker-Main-3/ERROR] [net.minecraft.Util/]: Detected setBlock in a far chunk [30, 32], pos: MutableBlockPos{x=481, y=110, z=525}, status: minecraft:features, currently generating: ResourceKey[minecraft:worldgen/placed_feature / ancient_elements:crystalsproud]
[22Mar2026 23:31:48.834] [Worker-Main-3/ERROR] [net.minecraft.Util/]: Detected setBlock in a far chunk [30, 32], pos: MutableBlockPos{x=482, y=109, z=521}, status: minecraft:features, currently generating: ResourceKey[minecraft:worldgen/placed_feature / ancient_elements:crystalsproud]
[22Mar2026 23:31:48.834] [Worker-Main-3/ERROR] [net.minecraft.Util/]: Detected setBlock in a far chunk [30, 32], pos: MutableBlockPos{x=480, y=113, z=518}, status: minecraft:features, currently generating: ResourceKey[minecraft:worldgen/placed_feature / ancient_elements:crystalsproud]
[22Mar2026 23:31:48.834] [Worker-Main-3/ERROR] [net.minecraft.Util/]: Detected setBlock in a far chunk [30, 32], pos: MutableBlockPos{x=482, y=99, z=520}, status: minecraft:features, currently generating: ResourceKey[minecraft:worldgen/placed_feature / ancient_elements:crystalsproud]
[22Mar2026 23:31:48.834] [Worker-Main-3/ERROR] [net.minecraft.Util/]: Detected setBlock in a far chunk [30, 32], pos: MutableBlockPos{x=481, y=92, z=521}, status: minecraft:features, currently generating: ResourceKey[minecraft:worldgen/placed_feature / ancient_elements:crystalsproud]
[22Mar2026 23:31:48.834] [Worker-Main-3/ERROR] [net.minecraft.Util/]: Detected setBlock in a far chunk [30, 32], pos: MutableBlockPos{x=485, y=94, z=526}, status: minecraft:features, currently generating: ResourceKey[minecraft:worldgen/placed_feature / ancient_elements:crystalsproud]
[22Mar2026 23:31:48.834] [Worker-Main-3/ERROR] [net.minecraft.Util/]: Detected setBlock in a far chunk [30, 33], pos: MutableBlockPos{x=485, y=89, z=534}, status: minecraft:features, currently generating: ResourceKey[minecraft:worldgen/placed_feature / ancient_elements:crystalsproud]
[22Mar2026 23:31:48.834] [Worker-Main-3/ERROR] [net.minecraft.Util/]: Detected setBlock in a far chunk [30, 33], pos: MutableBlockPos{x=480, y=97, z=531}, status: minecraft:features, currently generating: ResourceKey[minecraft:worldgen/placed_feature / ancient_elements:crystalsproud]
[22Mar2026 23:31:48.834] [Worker-Main-3/ERROR] [net.minecraft.Util/]: Detected setBlock in a far chunk [30, 32], pos: MutableBlockPos{x=480, y=91, z=526}, status: minecraft:features, currently generating: ResourceKey[minecraft:worldgen/placed_feature / ancient_elements:crystalsproud]
[22Mar2026 23:31:48.835] [Worker-Main-3/ERROR] [net.minecraft.Util/]: Detected setBlock in a far chunk [30, 32], pos: MutableBlockPos{x=480, y=100, z=523}, status: minecraft:features, currently generating: ResourceKey[minecraft:worldgen/placed_feature / ancient_elements:crystalsproud]
[22Mar2026 23:31:48.835] [Worker-Main-3/ERROR] [net.minecraft.Util/]: Detected setBlock in a far chunk [30, 32], pos: MutableBlockPos{x=481, y=95, z=521}, status: minecraft:features, currently generating: ResourceKey[minecraft:worldgen/placed_feature / ancient_elements:crystalsproud]
[22Mar2026 23:31:48.835] [Worker-Main-3/ERROR] [net.minecraft.Util/]: Detected setBlock in a far chunk [30, 32], pos: MutableBlockPos{x=482, y=94, z=521}, status: minecraft:features, currently generating: ResourceKey[minecraft:worldgen/placed_feature / ancient_elements:crystalsproud]
[22Mar2026 23:31:48.835] [Worker-Main-3/ERROR] [net.minecraft.Util/]: Detected setBlock in a far chunk [30, 32], pos: MutableBlockPos{x=482, y=20, z=523}, status: minecraft:features, currently generating: ResourceKey[minecraft:worldgen/placed_feature / ancient_elements:crystalsproud]
[22Mar2026 23:31:48.835] [Worker-Main-3/ERROR] [net.minecraft.Util/]: Detected setBlock in a far chunk [30, 32], pos: MutableBlockPos{x=481, y=19, z=515}, status: minecraft:features, currently generating: ResourceKey[minecraft:worldgen/placed_feature / ancient_elements:crystalsproud]
[22Mar2026 23:31:48.835] [Worker-Main-3/ERROR] [net.minecraft.Util/]: Detected setBlock in a far chunk [30, 32], pos: MutableBlockPos{x=482, y=21, z=524}, status: minecraft:features, currently generating: ResourceKey[minecraft:worldgen/placed_feature / ancient_elements:crystalsproud]
[22Mar2026 23:31:48.835] [Worker-Main-3/ERROR] [net.minecraft.Util/]: Detected setBlock in a far chunk [30, 32], pos: MutableBlockPos{x=480, y=18, z=519}, status: minecraft:features, currently generating: ResourceKey[minecraft:worldgen/placed_feature / ancient_elements:crystalsproud]
[22Mar2026 23:31:48.835] [Worker-Main-3/ERROR] [net.minecraft.Util/]: Detected setBlock in a far chunk [30, 33], pos: MutableBlockPos{x=483, y=25, z=528}, status: minecraft:features, currently generating: ResourceKey[minecraft:worldgen/placed_feature / ancient_elements:crystalsproud]
[22Mar2026 23:31:48.835] [Worker-Main-3/ERROR] [net.minecraft.Util/]: Detected setBlock in a far chunk [30, 32], pos: MutableBlockPos{x=483, y=15, z=520}, status: minecraft:features, currently generating: ResourceKey[minecraft:worldgen/placed_feature / ancient_elements:crystalsproud]
[22Mar2026 23:31:48.835] [Worker-Main-3/ERROR] [net.minecraft.Util/]: Detected setBlock in a far chunk [30, 32], pos: MutableBlockPos{x=482, y=21, z=517}, status: minecraft:features, currently generating: ResourceKey[minecraft:worldgen/placed_feature / ancient_elements:crystalsproud]
[22Mar2026 23:31:48.835] [Worker-Main-3/ERROR] [net.minecraft.Util/]: Detected setBlock in a far chunk [30, 32], pos: MutableBlockPos{x=481, y=21, z=522}, status: minecraft:features, currently generating: ResourceKey[minecraft:worldgen/placed_feature / ancient_elements:crystalsproud]
[22Mar2026 23:31:48.836] [Worker-Main-3/ERROR] [net.minecraft.Util/]: Detected setBlock in a far chunk [29, 34], pos: MutableBlockPos{x=470, y=-50, z=546}, status: minecraft:features, currently generating: ResourceKey[minecraft:worldgen/placed_feature / ancient_elements:crystalsproud]
[22Mar2026 23:31:48.836] [Worker-Main-3/ERROR] [net.minecraft.Util/]: Detected setBlock in a far chunk [28, 34], pos: MutableBlockPos{x=461, y=-53, z=545}, status: minecraft:features, currently generating: ResourceKey[minecraft:worldgen/placed_feature / ancient_elements:crystalsproud]
[22Mar2026 23:31:48.836] [Worker-Main-3/ERROR] [net.minecraft.Util/]: Detected setBlock in a far chunk [29, 34], pos: MutableBlockPos{x=470, y=-51, z=544}, status: minecraft:features, currently generating: ResourceKey[minecraft:worldgen/placed_feature / ancient_elements:crystalsproud]
[22Mar2026 23:31:48.836] [Worker-Main-3/ERROR] [net.minecraft.Util/]: Detected setBlock in a far chunk [28, 34], pos: MutableBlockPos{x=461, y=-46, z=544}, status: minecraft:features, currently generating: ResourceKey[minecraft:worldgen/placed_feature / ancient_elements:crystalsproud]
[22Mar2026 23:31:48.836] [Worker-Main-3/ERROR] [net.minecraft.Util/]: Detected setBlock in a far chunk [28, 34], pos: MutableBlockPos{x=458, y=-48, z=546}, status: minecraft:features, currently generating: ResourceKey[minecraft:worldgen/placed_feature / ancient_elements:crystalsproud]
[22Mar2026 23:31:48.836] [Worker-Main-3/ERROR] [net.minecraft.Util/]: Detected setBlock in a far chunk [28, 34], pos: MutableBlockPos{x=459, y=-46, z=544}, status: minecraft:features, currently generating: ResourceKey[minecraft:worldgen/placed_feature / ancient_elements:crystalsproud]
[22Mar2026 23:31:48.836] [Worker-Main-3/ERROR] [net.minecraft.Util/]: Detected setBlock in a far chunk [29, 34], pos: MutableBlockPos{x=469, y=-50, z=544}, status: minecraft:features, currently generating: ResourceKey[minecraft:worldgen/placed_feature / ancient_elements:crystalsproud]
[22Mar2026 23:31:48.836] [Worker-Main-3/ERROR] [net.minecraft.Util/]: Detected setBlock in a far chunk [28, 34], pos: MutableBlockPos{x=463, y=-54, z=544}, status: minecraft:features, currently generating: ResourceKey[minecraft:worldgen/placed_feature / ancient_elements:crystalsproud]
[22Mar2026 23:31:48.836] [Worker-Main-3/ERROR] [net.minecraft.Util/]: Detected setBlock in a far chunk [29, 34], pos: MutableBlockPos{x=469, y=-54, z=547}, status: minecraft:features, currently generating: ResourceKey[minecraft:worldgen/placed_feature / ancient_elements:crystalsproud]
[22Mar2026 23:31:48.836] [Worker-Main-3/ERROR] [net.minecraft.Util/]: Detected setBlock in a far chunk [29, 34], pos: MutableBlockPos{x=472, y=-56, z=546}, status: minecraft:features, currently generating: ResourceKey[minecraft:worldgen/placed_feature / ancient_elements:crystalsproud]
[22Mar2026 23:31:48.836] [Worker-Main-3/ERROR] [net.minecraft.Util/]: Detected setBlock in a far chunk [28, 34], pos: MutableBlockPos{x=460, y=-56, z=547}, status: minecraft:features, currently generating: ResourceKey[minecraft:worldgen/placed_feature / ancient_elements:crystalsproud]
[22Mar2026 23:31:48.836] [Worker-Main-3/ERROR] [net.minecraft.Util/]: Detected setBlock in a far chunk [29, 34], pos: MutableBlockPos{x=471, y=-56, z=546}, status: minecraft:features, currently generating: ResourceKey[minecraft:worldgen/placed_feature / ancient_elements:crystalsproud]
[22Mar2026 23:31:48.837] [Worker-Main-3/ERROR] [net.minecraft.Util/]: Detected setBlock in a far chunk [29, 34], pos: MutableBlockPos{x=465, y=-52, z=546}, status: minecraft:features, currently generating: ResourceKey[minecraft:worldgen/placed_feature / ancient_elements:crystalsproud]
[22Mar2026 23:31:48.837] [Worker-Main-3/ERROR] [net.minecraft.Util/]: Detected setBlock in a far chunk [28, 34], pos: MutableBlockPos{x=456, y=-51, z=544}, status: minecraft:features, currently generating: ResourceKey[minecraft:worldgen/placed_feature / ancient_elements:crystalsproud]
[22Mar2026 23:31:48.837] [Worker-Main-3/ERROR] [net.minecraft.Util/]: Detected setBlock in a far chunk [30, 33], pos: MutableBlockPos{x=482, y=20, z=537}, status: minecraft:features, currently generating: ResourceKey[minecraft:worldgen/placed_feature / ancient_elements:crystalsproud]
[22Mar2026 23:31:48.837] [Worker-Main-3/ERROR] [net.minecraft.Util/]: Detected setBlock in a far chunk [30, 32], pos: MutableBlockPos{x=480, y=15, z=526}, status: minecraft:features, currently generating: ResourceKey[minecraft:worldgen/placed_feature / ancient_elements:crystalsproud]
[22Mar2026 23:31:48.837] [Worker-Main-3/ERROR] [net.minecraft.Util/]: Detected setBlock in a far chunk [30, 32], pos: MutableBlockPos{x=480, y=19, z=525}, status: minecraft:features, currently generating: ResourceKey[minecraft:worldgen/placed_feature / ancient_elements:crystalsproud]
[22Mar2026 23:31:48.837] [Worker-Main-3/ERROR] [net.minecraft.Util/]: Detected setBlock in a far chunk [30, 32], pos: MutableBlockPos{x=481, y=16, z=524}, status: minecraft:features, currently generating: ResourceKey[minecraft:worldgen/placed_feature / ancient_elements:crystalsproud]
[22Mar2026 23:31:48.837] [Worker-Main-3/ERROR] [net.minecraft.Util/]: Detected setBlock in a far chunk [30, 33], pos: MutableBlockPos{x=480, y=17, z=528}, status: minecraft:features, currently generating: ResourceKey[minecraft:worldgen/placed_feature / ancient_elements:crystalsproud]
[22Mar2026 23:31:48.837] [Worker-Main-3/ERROR] [net.minecraft.Util/]: Detected setBlock in a far chunk [30, 33], pos: MutableBlockPos{x=480, y=15, z=531}, status: minecraft:features, currently generating: ResourceKey[minecraft:worldgen/placed_feature / ancient_elements:crystalsproud]
[22Mar2026 23:31:48.837] [Worker-Main-3/ERROR] [net.minecraft.Util/]: Detected setBlock in a far chunk [30, 32], pos: MutableBlockPos{x=480, y=18, z=517}, status: minecraft:features, currently generating: ResourceKey[minecraft:worldgen/placed_feature / ancient_elements:crystalsproud]
[22Mar2026 23:31:48.837] [Worker-Main-3/ERROR] [net.minecraft.Util/]: Detected setBlock in a far chunk [30, 33], pos: MutableBlockPos{x=480, y=98, z=543}, status: minecraft:features, currently generating: ResourceKey[minecraft:worldgen/placed_feature / ancient_elements:crystalsproud]
[22Mar2026 23:31:48.837] [Worker-Main-3/ERROR] [net.minecraft.Util/]: Detected setBlock in a far chunk [29, 34], pos: MutableBlockPos{x=470, y=97, z=544}, status: minecraft:features, currently generating: ResourceKey[minecraft:worldgen/placed_feature / ancient_elements:crystalsproud]
[22Mar2026 23:31:48.837] [Worker-Main-3/ERROR] [net.minecraft.Util/]: Detected setBlock in a far chunk [30, 33], pos: MutableBlockPos{x=482, y=91, z=529}, status: minecraft:features, currently generating: ResourceKey[minecraft:worldgen/placed_feature / ancient_elements:crystalsproud]
[22Mar2026 23:31:48.837] [Worker-Main-3/ERROR] [net.minecraft.Util/]: Detected setBlock in a far chunk [30, 32], pos: MutableBlockPos{x=481, y=91, z=524}, status: minecraft:features, currently generating: ResourceKey[minecraft:worldgen/placed_feature / ancient_elements:crystalsproud]
[22Mar2026 23:31:48.838] [Worker-Main-3/ERROR] [net.minecraft.Util/]: Detected setBlock in a far chunk [30, 33], pos: MutableBlockPos{x=481, y=99, z=533}, status: minecraft:features, currently generating: ResourceKey[minecraft:worldgen/placed_feature / ancient_elements:crystalsproud]
[22Mar2026 23:31:48.838] [Worker-Main-3/ERROR] [net.minecraft.Util/]: Detected setBlock in a far chunk [30, 32], pos: MutableBlockPos{x=482, y=96, z=527}, status: minecraft:features, currently generating: ResourceKey[minecraft:worldgen/placed_feature / ancient_elements:crystalsproud]
[22Mar2026 23:31:48.838] [Worker-Main-3/ERROR] [net.minecraft.Util/]: Detected setBlock in a far chunk [30, 33], pos: MutableBlockPos{x=480, y=93, z=534}, status: minecraft:features, currently generating: ResourceKey[minecraft:worldgen/placed_feature / ancient_elements:crystalsproud]
[22Mar2026 23:31:48.838] [Worker-Main-3/ERROR] [net.minecraft.Util/]: Detected setBlock in a far chunk [29, 34], pos: MutableBlockPos{x=476, y=100, z=544}, status: minecraft:features, currently generating: ResourceKey[minecraft:worldgen/placed_feature / ancient_elements:crystalsproud]
[22Mar2026 23:31:48.838] [Worker-Main-3/ERROR] [net.minecraft.Util/]: Detected setBlock in a far chunk [29, 34], pos: MutableBlockPos{x=469, y=98, z=545}, status: minecraft:features, currently generating: ResourceKey[minecraft:worldgen/placed_feature / ancient_elements:crystalsproud]
[22Mar2026 23:31:48.838] [Worker-Main-3/ERROR] [net.minecraft.Util/]: Detected setBlock in a far chunk [29, 34], pos: MutableBlockPos{x=469, y=100, z=545}, status: minecraft:features, currently generating: ResourceKey[minecraft:worldgen/placed_feature / ancient_elements:crystalsproud]
[22Mar2026 23:31:48.838] [Worker-Main-3/ERROR] [net.minecraft.Util/]: Detected setBlock in a far chunk [30, 33], pos: MutableBlockPos{x=480, y=99, z=536}, status: minecraft:features, currently generating: ResourceKey[minecraft:worldgen/placed_feature / ancient_elements:crystalsproud]
[22Mar2026 23:31:48.838] [Worker-Main-3/ERROR] [net.minecraft.Util/]: Detected setBlock in a far chunk [30, 32], pos: MutableBlockPos{x=483, y=91, z=526}, status: minecraft:features, currently generating: ResourceKey[minecraft:worldgen/placed_feature / ancient_elements:crystalsproud]
[22Mar2026 23:31:48.838] [Worker-Main-3/ERROR] [net.minecraft.Util/]: Detected setBlock in a far chunk [30, 33], pos: MutableBlockPos{x=483, y=95, z=533}, status: minecraft:features, currently generating: ResourceKey[minecraft:worldgen/placed_feature / ancient_elements:crystalsproud]
[22Mar2026 23:31:48.838] [Worker-Main-3/ERROR] [net.minecraft.Util/]: Detected setBlock in a far chunk [30, 33], pos: MutableBlockPos{x=481, y=96, z=532}, status: minecraft:features, currently generating: ResourceKey[minecraft:worldgen/placed_feature / ancient_elements:crystalsproud]
[22Mar2026 23:31:48.838] [Worker-Main-3/ERROR] [net.minecraft.Util/]: Detected setBlock in a far chunk [30, 33], pos: MutableBlockPos{x=483, y=95, z=538}, status: minecraft:features, currently generating: ResourceKey[minecraft:worldgen/placed_feature / ancient_elements:crystalsproud]
[22Mar2026 23:31:48.838] [Worker-Main-3/ERROR] [net.minecraft.Util/]: Detected setBlock in a far chunk [30, 33], pos: MutableBlockPos{x=483, y=97, z=530}, status: minecraft:features, currently generating: ResourceKey[minecraft:worldgen/placed_feature / ancient_elements:crystalsproud]
[22Mar2026 23:31:48.839] [Worker-Main-3/ERROR] [net.minecraft.Util/]: Detected setBlock in a far chunk [29, 34], pos: MutableBlockPos{x=470, y=86, z=545}, status: minecraft:features, currently generating: ResourceKey[minecraft:worldgen/placed_feature / ancient_elements:crystalsproud]
[22Mar2026 23:31:48.839] [Worker-Main-3/ERROR] [net.minecraft.Util/]: Detected setBlock in a far chunk [29, 34], pos: MutableBlockPos{x=466, y=88, z=545}, status: minecraft:features, currently generating: ResourceKey[minecraft:worldgen/placed_feature / ancient_elements:crystalsproud]
[22Mar2026 23:31:48.839] [Worker-Main-3/ERROR] [net.minecraft.Util/]: Detected setBlock in a far chunk [29, 34], pos: MutableBlockPos{x=470, y=86, z=544}, status: minecraft:features, currently generating: ResourceKey[minecraft:worldgen/placed_feature / ancient_elements:crystalsproud]
[22Mar2026 23:31:48.840] [Worker-Main-3/ERROR] [net.minecraft.Util/]: Detected setBlock in a far chunk [30, 32], pos: MutableBlockPos{x=482, y=-24, z=519}, status: minecraft:features, currently generating: ResourceKey[minecraft:worldgen/placed_feature / ancient_elements:crystalsproud]
[22Mar2026 23:31:48.840] [Worker-Main-3/ERROR] [net.minecraft.Util/]: Detected setBlock in a far chunk [30, 33], pos: MutableBlockPos{x=482, y=-22, z=532}, status: minecraft:features, currently generating: ResourceKey[minecraft:worldgen/placed_feature / ancient_elements:crystalsproud]
[22Mar2026 23:31:48.840] [Worker-Main-3/ERROR] [net.minecraft.Util/]: Detected setBlock in a far chunk [30, 32], pos: MutableBlockPos{x=480, y=-30, z=522}, status: minecraft:features, currently generating: ResourceKey[minecraft:worldgen/placed_feature / ancient_elements:crystalsproud]
[22Mar2026 23:31:48.840] [Worker-Main-3/ERROR] [net.minecraft.Util/]: Detected setBlock in a far chunk [30, 32], pos: MutableBlockPos{x=481, y=-28, z=516}, status: minecraft:features, currently generating: ResourceKey[minecraft:worldgen/placed_feature / ancient_elements:crystalsproud]
[22Mar2026 23:31:48.840] [Worker-Main-3/ERROR] [net.minecraft.Util/]: Detected setBlock in a far chunk [30, 33], pos: MutableBlockPos{x=481, y=-23, z=528}, status: minecraft:features, currently generating: ResourceKey[minecraft:worldgen/placed_feature / ancient_elements:crystalsproud]
[22Mar2026 23:31:48.840] [Worker-Main-3/ERROR] [net.minecraft.Util/]: Detected setBlock in a far chunk [30, 32], pos: MutableBlockPos{x=481, y=-23, z=526}, status: minecraft:features, currently generating: ResourceKey[minecraft:worldgen/placed_feature / ancient_elements:crystalsproud]
[22Mar2026 23:31:48.840] [Worker-Main-3/ERROR] [net.minecraft.Util/]: Detected setBlock in a far chunk [30, 32], pos: MutableBlockPos{x=481, y=-26, z=525}, status: minecraft:features, currently generating: ResourceKey[minecraft:worldgen/placed_feature / ancient_elements:crystalsproud]
[22Mar2026 23:31:48.840] [Worker-Main-3/ERROR] [net.minecraft.Util/]: Detected setBlock in a far chunk [30, 33], pos: MutableBlockPos{x=481, y=-23, z=534}, status: minecraft:features, currently generating: ResourceKey[minecraft:worldgen/placed_feature / ancient_elements:crystalsproud]
[22Mar2026 23:31:48.840] [Worker-Main-3/ERROR] [net.minecraft.Util/]: Detected setBlock in a far chunk [30, 33], pos: MutableBlockPos{x=480, y=-28, z=532}, status: minecraft:features, currently generating: ResourceKey[minecraft:worldgen/placed_feature / ancient_elements:crystalsproud]
[22Mar2026 23:31:48.840] [Worker-Main-3/ERROR] [net.minecraft.Util/]: Detected setBlock in a far chunk [30, 32], pos: MutableBlockPos{x=484, y=-31, z=525}, status: minecraft:features, currently generating: ResourceKey[minecraft:worldgen/placed_feature / ancient_elements:crystalsproud]
[22Mar2026 23:31:48.840] [Worker-Main-3/ERROR] [net.minecraft.Util/]: Detected setBlock in a far chunk [30, 32], pos: MutableBlockPos{x=480, y=-23, z=518}, status: minecraft:features, currently generating: ResourceKey[minecraft:worldgen/placed_feature / ancient_elements:crystalsproud]
[22Mar2026 23:31:48.841] [Worker-Main-3/ERROR] [net.minecraft.Util/]: Detected setBlock in a far chunk [30, 32], pos: MutableBlockPos{x=484, y=-20, z=523}, status: minecraft:features, currently generating: ResourceKey[minecraft:worldgen/placed_feature / ancient_elements:crystalsproud]
[22Mar2026 23:31:48.841] [Worker-Main-3/ERROR] [net.minecraft.Util/]: Detected setBlock in a far chunk [30, 32], pos: MutableBlockPos{x=480, y=-26, z=519}, status: minecraft:features, currently generating: ResourceKey[minecraft:worldgen/placed_feature / ancient_elements:crystalsproud]
[22Mar2026 23:31:48.841] [Worker-Main-3/ERROR] [net.minecraft.Util/]: Detected setBlock in a far chunk [30, 32], pos: MutableBlockPos{x=484, y=-21, z=523}, status: minecraft:features, currently generating: ResourceKey[minecraft:worldgen/placed_feature / ancient_elements:crystalsproud]
[22Mar2026 23:31:48.841] [Worker-Main-3/ERROR] [net.minecraft.Util/]: Detected setBlock in a far chunk [30, 32], pos: MutableBlockPos{x=481, y=-27, z=526}, status: minecraft:features, currently generating: ResourceKey[minecraft:worldgen/placed_feature / ancient_elements:crystalsproud]
[22Mar2026 23:31:48.848] [Worker-Main-3/ERROR] [net.minecraft.Util/]: Detected setBlock in a far chunk [30, 33], pos: MutableBlockPos{x=482, y=-26, z=529}, status: minecraft:features, currently generating: ResourceKey[minecraft:worldgen/placed_feature / ancient_elements:crystalsproud]
[22Mar2026 23:31:48.849] [Worker-Main-3/ERROR] [net.minecraft.Util/]: Detected setBlock in a far chunk [30, 32], pos: MutableBlockPos{x=480, y=24, z=524}, status: minecraft:features, currently generating: ResourceKey[minecraft:worldgen/placed_feature / ancient_elements:crystalsproud]
[22Mar2026 23:31:48.850] [Worker-Main-3/ERROR] [net.minecraft.Util/]: Detected setBlock in a far chunk [30, 33], pos: MutableBlockPos{x=480, y=25, z=530}, status: minecraft:features, currently generating: ResourceKey[minecraft:worldgen/placed_feature / ancient_elements:crystalsproud]
[22Mar2026 23:31:48.850] [Worker-Main-3/ERROR] [net.minecraft.Util/]: Detected setBlock in a far chunk [30, 33], pos: MutableBlockPos{x=480, y=27, z=530}, status: minecraft:features, currently generating: ResourceKey[minecraft:worldgen/placed_feature / ancient_elements:crystalsproud]
[22Mar2026 23:31:48.850] [Worker-Main-3/ERROR] [net.minecraft.Util/]: Detected setBlock in a far chunk [30, 33], pos: MutableBlockPos{x=480, y=-29, z=529}, status: minecraft:features, currently generating: ResourceKey[minecraft:worldgen/placed_feature / ancient_elements:crystalsproud]
[22Mar2026 23:31:48.850] [Worker-Main-3/ERROR] [net.minecraft.Util/]: Detected setBlock in a far chunk [30, 32], pos: MutableBlockPos{x=481, y=-25, z=524}, status: minecraft:features, currently generating: ResourceKey[minecraft:worldgen/placed_feature / ancient_elements:crystalsproud]
[22Mar2026 23:31:48.850] [Worker-Main-3/ERROR] [net.minecraft.Util/]: Detected setBlock in a far chunk [30, 32], pos: MutableBlockPos{x=480, y=-25, z=524}, status: minecraft:features, currently generating: ResourceKey[minecraft:worldgen/placed_feature / ancient_elements:crystalsproud]
[22Mar2026 23:31:48.850] [Worker-Main-3/ERROR] [net.minecraft.Util/]: Detected setBlock in a far chunk [30, 32], pos: MutableBlockPos{x=480, y=-21, z=525}, status: minecraft:features, currently generating: ResourceKey[minecraft:worldgen/placed_feature / ancient_elements:crystalsproud]
[22Mar2026 23:31:48.851] [Worker-Main-3/ERROR] [net.minecraft.Util/]: Detected setBlock in a far chunk [30, 32], pos: MutableBlockPos{x=484, y=88, z=525}, status: minecraft:features, currently generating: ResourceKey[minecraft:worldgen/placed_feature / ancient_elements:crystalsproud]
[22Mar2026 23:31:48.851] [Worker-Main-3/ERROR] [net.minecraft.Util/]: Detected setBlock in a far chunk [30, 32], pos: MutableBlockPos{x=480, y=86, z=522}, status: minecraft:features, currently generating: ResourceKey[minecraft:worldgen/placed_feature / ancient_elements:crystalsproud]
[22Mar2026 23:31:48.851] [Worker-Main-3/ERROR] [net.minecraft.Util/]: Detected setBlock in a far chunk [30, 32], pos: MutableBlockPos{x=482, y=86, z=525}, status: minecraft:features, currently generating: ResourceKey[minecraft:worldgen/placed_feature / ancient_elements:crystalsproud]
[22Mar2026 23:31:48.851] [Worker-Main-3/ERROR] [net.minecraft.Util/]: Detected setBlock in a far chunk [30, 32], pos: MutableBlockPos{x=481, y=89, z=525}, status: minecraft:features, currently generating: ResourceKey[minecraft:worldgen/placed_feature / ancient_elements:crystalsproud]
[22Mar2026 23:31:48.851] [Worker-Main-3/ERROR] [net.minecraft.Util/]: Detected setBlock in a far chunk [30, 32], pos: MutableBlockPos{x=480, y=87, z=518}, status: minecraft:features, currently generating: ResourceKey[minecraft:worldgen/placed_feature / ancient_elements:crystalsproud]
[22Mar2026 23:31:48.851] [Worker-Main-3/ERROR] [net.minecraft.Util/]: Detected setBlock in a far chunk [30, 33], pos: MutableBlockPos{x=480, y=88, z=530}, status: minecraft:features, currently generating: ResourceKey[minecraft:worldgen/placed_feature / ancient_elements:crystalsproud]
[22Mar2026 23:31:48.851] [Worker-Main-3/ERROR] [net.minecraft.Util/]: Detected setBlock in a far chunk [30, 32], pos: MutableBlockPos{x=480, y=85, z=526}, status: minecraft:features, currently generating: ResourceKey[minecraft:worldgen/placed_feature / ancient_elements:crystalsproud]
[22Mar2026 23:31:48.851] [Worker-Main-3/ERROR] [net.minecraft.Util/]: Detected setBlock in a far chunk [30, 33], pos: MutableBlockPos{x=480, y=88, z=531}, status: minecraft:features, currently generating: ResourceKey[minecraft:worldgen/placed_feature / ancient_elements:crystalsproud]
[22Mar2026 23:31:48.851] [Worker-Main-3/ERROR] [net.minecraft.Util/]: Detected setBlock in a far chunk [28, 34], pos: MutableBlockPos{x=457, y=26, z=545}, status: minecraft:features, currently generating: ResourceKey[minecraft:worldgen/placed_feature / ancient_elements:crystalsproud]
[22Mar2026 23:31:48.851] [Worker-Main-3/ERROR] [net.minecraft.Util/]: Detected setBlock in a far chunk [28, 34], pos: MutableBlockPos{x=455, y=25, z=544}, status: minecraft:features, currently generating: ResourceKey[minecraft:worldgen/placed_feature / ancient_elements:crystalsproud]
[22Mar2026 23:31:48.851] [Worker-Main-3/ERROR] [net.minecraft.Util/]: Detected setBlock in a far chunk [28, 34], pos: MutableBlockPos{x=463, y=25, z=545}, status: minecraft:features, currently generating: ResourceKey[minecraft:worldgen/placed_feature / ancient_elements:crystalsproud]
[22Mar2026 23:31:48.851] [Worker-Main-3/ERROR] [net.minecraft.Util/]: Detected setBlock in a far chunk [30, 32], pos: MutableBlockPos{x=480, y=39, z=522}, status: minecraft:features, currently generating: ResourceKey[minecraft:worldgen/placed_feature / ancient_elements:crystalsproud]
[22Mar2026 23:31:51.784] [Worker-Main-2/ERROR] [net.minecraft.Util/]: Detected setBlock in a far chunk [27, 34], pos: MutableBlockPos{x=437, y=68, z=544}, status: minecraft:features, currently generating: ResourceKey[minecraft:worldgen/placed_feature / ancient_elements:crystalsproud]
[22Mar2026 23:31:51.784] [Worker-Main-2/ERROR] [net.minecraft.Util/]: Detected setBlock in a far chunk [28, 34], pos: MutableBlockPos{x=448, y=62, z=544}, status: minecraft:features, currently generating: ResourceKey[minecraft:worldgen/placed_feature / ancient_elements:crystalsproud]
[22Mar2026 23:31:51.784] [Worker-Main-2/ERROR] [net.minecraft.Util/]: Detected setBlock in a far chunk [27, 34], pos: MutableBlockPos{x=446, y=64, z=544}, status: minecraft:features, currently generating: ResourceKey[minecraft:worldgen/placed_feature / ancient_elements:crystalsproud]
[22Mar2026 23:31:51.784] [Worker-Main-2/ERROR] [net.minecraft.Util/]: Detected setBlock in a far chunk [28, 34], pos: MutableBlockPos{x=449, y=65, z=544}, status: minecraft:features, currently generating: ResourceKey[minecraft:worldgen/placed_feature / ancient_elements:crystalsproud]
[22Mar2026 23:31:51.785] [Worker-Main-2/ERROR] [net.minecraft.Util/]: Detected setBlock in a far chunk [27, 34], pos: MutableBlockPos{x=436, y=16, z=544}, status: minecraft:features, currently generating: ResourceKey[minecraft:worldgen/placed_feature / ancient_elements:crystalsproud]
[22Mar2026 23:31:51.786] [Worker-Main-2/ERROR] [net.minecraft.Util/]: Detected setBlock in a far chunk [27, 34], pos: MutableBlockPos{x=437, y=4, z=546}, status: minecraft:features, currently generating: ResourceKey[minecraft:worldgen/placed_feature / ancient_elements:crystalsproud]
[22Mar2026 23:31:51.786] [Worker-Main-2/ERROR] [net.minecraft.Util/]: Detected setBlock in a far chunk [27, 34], pos: MutableBlockPos{x=444, y=12, z=544}, status: minecraft:features, currently generating: ResourceKey[minecraft:worldgen/placed_feature / ancient_elements:crystalsproud]
[22Mar2026 23:31:51.786] [Worker-Main-2/ERROR] [net.minecraft.Util/]: Detected setBlock in a far chunk [27, 34], pos: MutableBlockPos{x=441, y=6, z=547}, status: minecraft:features, currently generating: ResourceKey[minecraft:worldgen/placed_feature / ancient_elements:crystalsproud]
[22Mar2026 23:31:51.786] [Worker-Main-2/ERROR] [net.minecraft.Util/]: Detected setBlock in a far chunk [28, 34], pos: MutableBlockPos{x=449, y=-42, z=545}, status: minecraft:features, currently generating: ResourceKey[minecraft:worldgen/placed_feature / ancient_elements:crystalsproud]
[22Mar2026 23:31:51.787] [Worker-Main-2/ERROR] [net.minecraft.Util/]: Detected setBlock in a far chunk [27, 34], pos: MutableBlockPos{x=440, y=-40, z=545}, status: minecraft:features, currently generating: ResourceKey[minecraft:worldgen/placed_feature / ancient_elements:crystalsproud]
[22Mar2026 23:32:42.512] [Server thread/INFO] [net.minecraft.server.MinecraftServer/]: [Not Secure] <Kekin> al finnn
[22Mar2026 23:32:55.675] [Worker-Main-1/ERROR] [net.minecraft.Util/]: Detected setBlock in a far chunk [17, 41], pos: MutableBlockPos{x=284, y=18, z=656}, status: minecraft:features, currently generating: ResourceKey[minecraft:worldgen/placed_feature / ancient_elements:glow_bushfeature]
[22Mar2026 23:32:55.676] [Worker-Main-1/ERROR] [net.minecraft.Util/]: Detected setBlock in a far chunk [17, 41], pos: MutableBlockPos{x=281, y=16, z=656}, status: minecraft:features, currently generating: ResourceKey[minecraft:worldgen/placed_feature / ancient_elements:glow_bushfeature]
[22Mar2026 23:32:56.940] [Worker-Main-3/ERROR] [net.minecraft.Util/]: Detected setBlock in a far chunk [18, 22], pos: MutableBlockPos{x=290, y=17, z=361}, status: minecraft:features, currently generating: ResourceKey[minecraft:worldgen/placed_feature / ancient_elements:glow_bushfeature]
[22Mar2026 23:32:56.941] [Worker-Main-3/ERROR] [net.minecraft.Util/]: Detected setBlock in a far chunk [17, 23], pos: MutableBlockPos{x=275, y=10, z=369}, status: minecraft:features, currently generating: ResourceKey[minecraft:worldgen/placed_feature / ancient_elements:glow_bushfeature]
[22Mar2026 23:33:05.040] [Server thread/WARN] [net.minecraft.server.network.ServerGamePacketListenerImpl/]: SebasGEO moved too quickly! -1.2550192036458157,0.20000004768371582,-10.213862630094809
[22Mar2026 23:33:05.044] [Server thread/WARN] [net.minecraft.server.MinecraftServer/]: Can't keep up! Is the server overloaded? Running 3028ms or 60 ticks behind
[22Mar2026 23:33:15.940] [Worker-Main-2/ERROR] [net.minecraft.Util/]: Detected setBlock in a far chunk [15, 18], pos: MutableBlockPos{x=240, y=84, z=299}, status: minecraft:features, currently generating: ResourceKey[minecraft:worldgen/placed_feature / ancient_elements:crystalsproud]
[22Mar2026 23:33:15.940] [Worker-Main-2/ERROR] [net.minecraft.Util/]: Detected setBlock in a far chunk [15, 19], pos: MutableBlockPos{x=240, y=76, z=315}, status: minecraft:features, currently generating: ResourceKey[minecraft:worldgen/placed_feature / ancient_elements:crystalsproud]
[22Mar2026 23:33:15.940] [Worker-Main-2/ERROR] [net.minecraft.Util/]: Detected setBlock in a far chunk [15, 19], pos: MutableBlockPos{x=242, y=82, z=311}, status: minecraft:features, currently generating: ResourceKey[minecraft:worldgen/placed_feature / ancient_elements:crystalsproud]
[22Mar2026 23:33:15.941] [Worker-Main-2/ERROR] [net.minecraft.Util/]: Detected setBlock in a far chunk [15, 18], pos: MutableBlockPos{x=241, y=11, z=299}, status: minecraft:features, currently generating: ResourceKey[minecraft:worldgen/placed_feature / ancient_elements:crystalsproud]
[22Mar2026 23:33:15.941] [Worker-Main-2/ERROR] [net.minecraft.Util/]: Detected setBlock in a far chunk [15, 18], pos: MutableBlockPos{x=240, y=11, z=299}, status: minecraft:features, currently generating: ResourceKey[minecraft:worldgen/placed_feature / ancient_elements:crystalsproud]
[22Mar2026 23:33:15.941] [Worker-Main-2/ERROR] [net.minecraft.Util/]: Detected setBlock in a far chunk [15, 18], pos: MutableBlockPos{x=240, y=10, z=302}, status: minecraft:features, currently generating: ResourceKey[minecraft:worldgen/placed_feature / ancient_elements:crystalsproud]
[22Mar2026 23:33:15.941] [Worker-Main-2/ERROR] [net.minecraft.Util/]: Detected setBlock in a far chunk [15, 17], pos: MutableBlockPos{x=240, y=-14, z=286}, status: minecraft:features, currently generating: ResourceKey[minecraft:worldgen/placed_feature / ancient_elements:crystalsproud]
[22Mar2026 23:33:15.941] [Worker-Main-2/ERROR] [net.minecraft.Util/]: Detected setBlock in a far chunk [15, 18], pos: MutableBlockPos{x=242, y=-19, z=297}, status: minecraft:features, currently generating: ResourceKey[minecraft:worldgen/placed_feature / ancient_elements:crystalsproud]
[22Mar2026 23:33:15.941] [Worker-Main-2/ERROR] [net.minecraft.Util/]: Detected setBlock in a far chunk [15, 18], pos: MutableBlockPos{x=241, y=-14, z=291}, status: minecraft:features, currently generating: ResourceKey[minecraft:worldgen/placed_feature / ancient_elements:crystalsproud]
[22Mar2026 23:33:15.942] [Worker-Main-2/ERROR] [net.minecraft.Util/]: Detected setBlock in a far chunk [15, 18], pos: MutableBlockPos{x=240, y=-38, z=291}, status: minecraft:features, currently generating: ResourceKey[minecraft:worldgen/placed_feature / ancient_elements:crystalsproud]
[22Mar2026 23:33:15.942] [Worker-Main-2/ERROR] [net.minecraft.Util/]: Detected setBlock in a far chunk [15, 18], pos: MutableBlockPos{x=240, y=-42, z=291}, status: minecraft:features, currently generating: ResourceKey[minecraft:worldgen/placed_feature / ancient_elements:crystalsproud]
[22Mar2026 23:33:16.010] [Worker-Main-2/ERROR] [net.minecraft.Util/]: Detected setBlock in a far chunk [15, 19], pos: MutableBlockPos{x=240, y=70, z=314}, status: minecraft:features, currently generating: ResourceKey[minecraft:worldgen/placed_feature / ancient_elements:crystalsproud]
[22Mar2026 23:33:16.010] [Worker-Main-2/ERROR] [net.minecraft.Util/]: Detected setBlock in a far chunk [13, 21], pos: MutableBlockPos{x=210, y=55, z=336}, status: minecraft:features, currently generating: ResourceKey[minecraft:worldgen/placed_feature / ancient_elements:crystalsproud]
[22Mar2026 23:33:16.011] [Worker-Main-2/ERROR] [net.minecraft.Util/]: Detected setBlock in a far chunk [13, 21], pos: MutableBlockPos{x=218, y=50, z=337}, status: minecraft:features, currently generating: ResourceKey[minecraft:worldgen/placed_feature / ancient_elements:crystalsproud]
[22Mar2026 23:33:16.011] [Worker-Main-2/ERROR] [net.minecraft.Util/]: Detected setBlock in a far chunk [13, 21], pos: MutableBlockPos{x=208, y=55, z=337}, status: minecraft:features, currently generating: ResourceKey[minecraft:worldgen/placed_feature / ancient_elements:crystalsproud]
[22Mar2026 23:33:16.011] [Worker-Main-2/ERROR] [net.minecraft.Util/]: Detected setBlock in a far chunk [13, 21], pos: MutableBlockPos{x=220, y=50, z=337}, status: minecraft:features, currently generating: ResourceKey[minecraft:worldgen/placed_feature / ancient_elements:crystalsproud]
[22Mar2026 23:33:16.011] [Worker-Main-2/ERROR] [net.minecraft.Util/]: Detected setBlock in a far chunk [14, 21], pos: MutableBlockPos{x=224, y=51, z=336}, status: minecraft:features, currently generating: ResourceKey[minecraft:worldgen/placed_feature / ancient_elements:crystalsproud]
[22Mar2026 23:33:16.011] [Worker-Main-2/ERROR] [net.minecraft.Util/]: Detected setBlock in a far chunk [13, 21], pos: MutableBlockPos{x=217, y=53, z=336}, status: minecraft:features, currently generating: ResourceKey[minecraft:worldgen/placed_feature / ancient_elements:crystalsproud]
[22Mar2026 23:33:16.011] [Worker-Main-2/ERROR] [net.minecraft.Util/]: Detected setBlock in a far chunk [13, 21], pos: MutableBlockPos{x=210, y=51, z=336}, status: minecraft:features, currently generating: ResourceKey[minecraft:worldgen/placed_feature / ancient_elements:crystalsproud]
[22Mar2026 23:33:16.011] [Worker-Main-2/ERROR] [net.minecraft.Util/]: Detected setBlock in a far chunk [13, 21], pos: MutableBlockPos{x=221, y=46, z=337}, status: minecraft:features, currently generating: ResourceKey[minecraft:worldgen/placed_feature / ancient_elements:crystalsproud]
[22Mar2026 23:33:16.011] [Worker-Main-2/ERROR] [net.minecraft.Util/]: Detected setBlock in a far chunk [13, 21], pos: MutableBlockPos{x=212, y=42, z=336}, status: minecraft:features, currently generating: ResourceKey[minecraft:worldgen/placed_feature / ancient_elements:crystalsproud]
[22Mar2026 23:33:16.011] [Worker-Main-2/ERROR] [net.minecraft.Util/]: Detected setBlock in a far chunk [13, 21], pos: MutableBlockPos{x=220, y=38, z=336}, status: minecraft:features, currently generating: ResourceKey[minecraft:worldgen/placed_feature / ancient_elements:crystalsproud]
[22Mar2026 23:33:24.368] [Server thread/INFO] [net.minecraft.server.MinecraftServer/]: [Not Secure] <Kekin> ahora si deja busco
[22Mar2026 23:33:26.576] [Worker-Main-3/ERROR] [net.minecraft.Util/]: Detected setBlock in a far chunk [14, 29], pos: MutableBlockPos{x=224, y=16, z=467}, status: minecraft:features, currently generating: ResourceKey[minecraft:worldgen/placed_feature / ancient_elements:glow_bushfeature]
[22Mar2026 23:33:28.706] [Worker-Main-1/ERROR] [net.minecraft.Util/]: Detected setBlock in a far chunk [12, 22], pos: MutableBlockPos{x=197, y=62, z=352}, status: minecraft:features, currently generating: ResourceKey[minecraft:worldgen/placed_feature / ancient_elements:crystalsproud]
[22Mar2026 23:33:28.706] [Worker-Main-1/ERROR] [net.minecraft.Util/]: Detected setBlock in a far chunk [13, 21], pos: MutableBlockPos{x=208, y=60, z=340}, status: minecraft:features, currently generating: ResourceKey[minecraft:worldgen/placed_feature / ancient_elements:crystalsproud]
[22Mar2026 23:33:28.707] [Worker-Main-1/ERROR] [net.minecraft.Util/]: Detected setBlock in a far chunk [13, 20], pos: MutableBlockPos{x=211, y=67, z=332}, status: minecraft:features, currently generating: ResourceKey[minecraft:worldgen/placed_feature / ancient_elements:crystalsproud]
[22Mar2026 23:33:28.707] [Worker-Main-1/ERROR] [net.minecraft.Util/]: Detected setBlock in a far chunk [13, 20], pos: MutableBlockPos{x=210, y=60, z=323}, status: minecraft:features, currently generating: ResourceKey[minecraft:worldgen/placed_feature / ancient_elements:crystalsproud]
[22Mar2026 23:33:28.707] [Worker-Main-1/ERROR] [net.minecraft.Util/]: Detected setBlock in a far chunk [13, 20], pos: MutableBlockPos{x=211, y=61, z=331}, status: minecraft:features, currently generating: ResourceKey[minecraft:worldgen/placed_feature / ancient_elements:crystalsproud]
[22Mar2026 23:33:28.707] [Worker-Main-1/ERROR] [net.minecraft.Util/]: Detected setBlock in a far chunk [13, 20], pos: MutableBlockPos{x=211, y=62, z=331}, status: minecraft:features, currently generating: ResourceKey[minecraft:worldgen/placed_feature / ancient_elements:crystalsproud]
[22Mar2026 23:33:28.707] [Worker-Main-1/ERROR] [net.minecraft.Util/]: Detected setBlock in a far chunk [13, 20], pos: MutableBlockPos{x=212, y=63, z=335}, status: minecraft:features, currently generating: ResourceKey[minecraft:worldgen/placed_feature / ancient_elements:crystalsproud]
[22Mar2026 23:33:28.707] [Worker-Main-1/ERROR] [net.minecraft.Util/]: Detected setBlock in a far chunk [13, 20], pos: MutableBlockPos{x=208, y=60, z=333}, status: minecraft:features, currently generating: ResourceKey[minecraft:worldgen/placed_feature / ancient_elements:crystalsproud]
[22Mar2026 23:33:28.707] [Worker-Main-1/ERROR] [net.minecraft.Util/]: Detected setBlock in a far chunk [13, 20], pos: MutableBlockPos{x=208, y=66, z=328}, status: minecraft:features, currently generating: ResourceKey[minecraft:worldgen/placed_feature / ancient_elements:crystalsproud]
[22Mar2026 23:33:28.707] [Worker-Main-1/ERROR] [net.minecraft.Util/]: Detected setBlock in a far chunk [13, 20], pos: MutableBlockPos{x=210, y=62, z=333}, status: minecraft:features, currently generating: ResourceKey[minecraft:worldgen/placed_feature / ancient_elements:crystalsproud]
[22Mar2026 23:33:28.707] [Worker-Main-1/ERROR] [net.minecraft.Util/]: Detected setBlock in a far chunk [13, 21], pos: MutableBlockPos{x=210, y=64, z=340}, status: minecraft:features, currently generating: ResourceKey[minecraft:worldgen/placed_feature / ancient_elements:crystalsproud]
[22Mar2026 23:33:28.707] [Worker-Main-1/ERROR] [net.minecraft.Util/]: Detected setBlock in a far chunk [13, 20], pos: MutableBlockPos{x=209, y=62, z=330}, status: minecraft:features, currently generating: ResourceKey[minecraft:worldgen/placed_feature / ancient_elements:crystalsproud]
[22Mar2026 23:33:28.707] [Worker-Main-1/ERROR] [net.minecraft.Util/]: Detected setBlock in a far chunk [13, 20], pos: MutableBlockPos{x=208, y=66, z=332}, status: minecraft:features, currently generating: ResourceKey[minecraft:worldgen/placed_feature / ancient_elements:crystalsproud]
[22Mar2026 23:33:28.707] [Worker-Main-1/ERROR] [net.minecraft.Util/]: Detected setBlock in a far chunk [13, 20], pos: MutableBlockPos{x=210, y=61, z=331}, status: minecraft:features, currently generating: ResourceKey[minecraft:worldgen/placed_feature / ancient_elements:crystalsproud]
[22Mar2026 23:33:28.707] [Worker-Main-1/ERROR] [net.minecraft.Util/]: Detected setBlock in a far chunk [13, 20], pos: MutableBlockPos{x=208, y=60, z=335}, status: minecraft:features, currently generating: ResourceKey[minecraft:worldgen/placed_feature / ancient_elements:crystalsproud]
[22Mar2026 23:33:28.707] [Worker-Main-1/ERROR] [net.minecraft.Util/]: Detected setBlock in a far chunk [13, 20], pos: MutableBlockPos{x=208, y=64, z=334}, status: minecraft:features, currently generating: ResourceKey[minecraft:worldgen/placed_feature / ancient_elements:crystalsproud]
[22Mar2026 23:33:28.707] [Worker-Main-1/ERROR] [net.minecraft.Util/]: Detected setBlock in a far chunk [13, 20], pos: MutableBlockPos{x=209, y=58, z=329}, status: minecraft:features, currently generating: ResourceKey[minecraft:worldgen/placed_feature / ancient_elements:crystalsproud]
[22Mar2026 23:33:28.707] [Worker-Main-1/ERROR] [net.minecraft.Util/]: Detected setBlock in a far chunk [13, 20], pos: MutableBlockPos{x=208, y=63, z=333}, status: minecraft:features, currently generating: ResourceKey[minecraft:worldgen/placed_feature / ancient_elements:crystalsproud]
[22Mar2026 23:33:28.707] [Worker-Main-1/ERROR] [net.minecraft.Util/]: Detected setBlock in a far chunk [13, 21], pos: MutableBlockPos{x=210, y=62, z=336}, status: minecraft:features, currently generating: ResourceKey[minecraft:worldgen/placed_feature / ancient_elements:crystalsproud]
[22Mar2026 23:33:28.707] [Worker-Main-1/ERROR] [net.minecraft.Util/]: Detected setBlock in a far chunk [13, 21], pos: MutableBlockPos{x=208, y=68, z=344}, status: minecraft:features, currently generating: ResourceKey[minecraft:worldgen/placed_feature / ancient_elements:crystalsproud]
[22Mar2026 23:33:28.708] [Worker-Main-1/ERROR] [net.minecraft.Util/]: Detected setBlock in a far chunk [13, 21], pos: MutableBlockPos{x=208, y=66, z=339}, status: minecraft:features, currently generating: ResourceKey[minecraft:worldgen/placed_feature / ancient_elements:crystalsproud]
[22Mar2026 23:33:28.708] [Worker-Main-1/ERROR] [net.minecraft.Util/]: Detected setBlock in a far chunk [13, 21], pos: MutableBlockPos{x=208, y=66, z=342}, status: minecraft:features, currently generating: ResourceKey[minecraft:worldgen/placed_feature / ancient_elements:crystalsproud]
[22Mar2026 23:33:28.708] [Worker-Main-1/ERROR] [net.minecraft.Util/]: Detected setBlock in a far chunk [12, 22], pos: MutableBlockPos{x=202, y=54, z=353}, status: minecraft:features, currently generating: ResourceKey[minecraft:worldgen/placed_feature / ancient_elements:crystalsproud]
[22Mar2026 23:33:28.708] [Worker-Main-1/ERROR] [net.minecraft.Util/]: Detected setBlock in a far chunk [12, 22], pos: MutableBlockPos{x=197, y=62, z=352}, status: minecraft:features, currently generating: ResourceKey[minecraft:worldgen/placed_feature / ancient_elements:crystalsproud]
[22Mar2026 23:33:28.708] [Worker-Main-1/ERROR] [net.minecraft.Util/]: Detected setBlock in a far chunk [12, 22], pos: MutableBlockPos{x=197, y=60, z=353}, status: minecraft:features, currently generating: ResourceKey[minecraft:worldgen/placed_feature / ancient_elements:crystalsproud]
[22Mar2026 23:33:28.708] [Worker-Main-1/ERROR] [net.minecraft.Util/]: Detected setBlock in a far chunk [12, 22], pos: MutableBlockPos{x=200, y=62, z=354}, status: minecraft:features, currently generating: ResourceKey[minecraft:worldgen/placed_feature / ancient_elements:crystalsproud]
[22Mar2026 23:33:28.708] [Worker-Main-1/ERROR] [net.minecraft.Util/]: Detected setBlock in a far chunk [11, 22], pos: MutableBlockPos{x=189, y=55, z=352}, status: minecraft:features, currently generating: ResourceKey[minecraft:worldgen/placed_feature / ancient_elements:crystalsproud]
[22Mar2026 23:33:28.708] [Worker-Main-1/ERROR] [net.minecraft.Util/]: Detected setBlock in a far chunk [12, 22], pos: MutableBlockPos{x=198, y=56, z=353}, status: minecraft:features, currently generating: ResourceKey[minecraft:worldgen/placed_feature / ancient_elements:crystalsproud]
[22Mar2026 23:33:28.708] [Worker-Main-1/ERROR] [net.minecraft.Util/]: Detected setBlock in a far chunk [12, 22], pos: MutableBlockPos{x=200, y=64, z=353}, status: minecraft:features, currently generating: ResourceKey[minecraft:worldgen/placed_feature / ancient_elements:crystalsproud]
[22Mar2026 23:33:28.708] [Worker-Main-1/ERROR] [net.minecraft.Util/]: Detected setBlock in a far chunk [12, 22], pos: MutableBlockPos{x=199, y=57, z=354}, status: minecraft:features, currently generating: ResourceKey[minecraft:worldgen/placed_feature / ancient_elements:crystalsproud]
[22Mar2026 23:33:28.708] [Worker-Main-1/ERROR] [net.minecraft.Util/]: Detected setBlock in a far chunk [12, 22], pos: MutableBlockPos{x=203, y=47, z=354}, status: minecraft:features, currently generating: ResourceKey[minecraft:worldgen/placed_feature / ancient_elements:crystalsproud]
[22Mar2026 23:33:28.708] [Worker-Main-1/ERROR] [net.minecraft.Util/]: Detected setBlock in a far chunk [12, 22], pos: MutableBlockPos{x=192, y=52, z=352}, status: minecraft:features, currently generating: ResourceKey[minecraft:worldgen/placed_feature / ancient_elements:crystalsproud]
[22Mar2026 23:33:28.708] [Worker-Main-1/ERROR] [net.minecraft.Util/]: Detected setBlock in a far chunk [13, 20], pos: MutableBlockPos{x=209, y=52, z=331}, status: minecraft:features, currently generating: ResourceKey[minecraft:worldgen/placed_feature / ancient_elements:crystalsproud]
[22Mar2026 23:33:28.708] [Worker-Main-1/ERROR] [net.minecraft.Util/]: Detected setBlock in a far chunk [13, 21], pos: MutableBlockPos{x=208, y=47, z=348}, status: minecraft:features, currently generating: ResourceKey[minecraft:worldgen/placed_feature / ancient_elements:crystalsproud]
[22Mar2026 23:33:28.709] [Worker-Main-1/ERROR] [net.minecraft.Util/]: Detected setBlock in a far chunk [13, 21], pos: MutableBlockPos{x=208, y=46, z=346}, status: minecraft:features, currently generating: ResourceKey[minecraft:worldgen/placed_feature / ancient_elements:crystalsproud]
[22Mar2026 23:33:28.709] [Worker-Main-1/ERROR] [net.minecraft.Util/]: Detected setBlock in a far chunk [13, 20], pos: MutableBlockPos{x=208, y=16, z=328}, status: minecraft:features, currently generating: ResourceKey[minecraft:worldgen/placed_feature / ancient_elements:crystalsproud]
[22Mar2026 23:33:28.709] [Worker-Main-1/ERROR] [net.minecraft.Util/]: Detected setBlock in a far chunk [13, 21], pos: MutableBlockPos{x=209, y=13, z=339}, status: minecraft:features, currently generating: ResourceKey[minecraft:worldgen/placed_feature / ancient_elements:crystalsproud]
[22Mar2026 23:33:28.709] [Worker-Main-1/ERROR] [net.minecraft.Util/]: Detected setBlock in a far chunk [13, 21], pos: MutableBlockPos{x=210, y=21, z=342}, status: minecraft:features, currently generating: ResourceKey[minecraft:worldgen/placed_feature / ancient_elements:crystalsproud]
[22Mar2026 23:33:28.709] [Worker-Main-1/ERROR] [net.minecraft.Util/]: Detected setBlock in a far chunk [13, 20], pos: MutableBlockPos{x=212, y=12, z=335}, status: minecraft:features, currently generating: ResourceKey[minecraft:worldgen/placed_feature / ancient_elements:crystalsproud]
[22Mar2026 23:33:28.709] [Worker-Main-1/ERROR] [net.minecraft.Util/]: Detected setBlock in a far chunk [13, 21], pos: MutableBlockPos{x=211, y=15, z=336}, status: minecraft:features, currently generating: ResourceKey[minecraft:worldgen/placed_feature / ancient_elements:crystalsproud]
[22Mar2026 23:33:28.709] [Worker-Main-1/ERROR] [net.minecraft.Util/]: Detected setBlock in a far chunk [13, 20], pos: MutableBlockPos{x=208, y=16, z=333}, status: minecraft:features, currently generating: ResourceKey[minecraft:worldgen/placed_feature / ancient_elements:crystalsproud]
[22Mar2026 23:33:28.709] [Worker-Main-1/ERROR] [net.minecraft.Util/]: Detected setBlock in a far chunk [13, 20], pos: MutableBlockPos{x=209, y=11, z=335}, status: minecraft:features, currently generating: ResourceKey[minecraft:worldgen/placed_feature / ancient_elements:crystalsproud]
[22Mar2026 23:33:28.710] [Worker-Main-1/ERROR] [net.minecraft.Util/]: Detected setBlock in a far chunk [13, 21], pos: MutableBlockPos{x=209, y=20, z=344}, status: minecraft:features, currently generating: ResourceKey[minecraft:worldgen/placed_feature / ancient_elements:crystalsproud]
[22Mar2026 23:33:28.710] [Worker-Main-1/ERROR] [net.minecraft.Util/]: Detected setBlock in a far chunk [13, 21], pos: MutableBlockPos{x=210, y=13, z=341}, status: minecraft:features, currently generating: ResourceKey[minecraft:worldgen/placed_feature / ancient_elements:crystalsproud]
[22Mar2026 23:33:28.710] [Worker-Main-1/ERROR] [net.minecraft.Util/]: Detected setBlock in a far chunk [13, 20], pos: MutableBlockPos{x=209, y=16, z=334}, status: minecraft:features, currently generating: ResourceKey[minecraft:worldgen/placed_feature / ancient_elements:crystalsproud]
[22Mar2026 23:33:29.942] [Worker-Main-1/ERROR] [net.minecraft.Util/]: Detected setBlock in a far chunk [13, 34], pos: MutableBlockPos{x=209, y=20, z=552}, status: minecraft:features, currently generating: ResourceKey[minecraft:worldgen/placed_feature / ancient_elements:glow_bushfeature]
[22Mar2026 23:33:34.000] [Server thread/INFO] [net.minecraft.server.MinecraftServer/]: Kekin has made the advancement [Acquire Hardware]
[22Mar2026 23:33:36.197] [Worker-Main-2/ERROR] [net.minecraft.Util/]: Detected setBlock in a far chunk [10, 20], pos: MutableBlockPos{x=165, y=56, z=320}, status: minecraft:features, currently generating: ResourceKey[minecraft:worldgen/placed_feature / ancient_elements:crystalsproud]
[22Mar2026 23:33:36.197] [Worker-Main-2/ERROR] [net.minecraft.Util/]: Detected setBlock in a far chunk [11, 20], pos: MutableBlockPos{x=178, y=21, z=320}, status: minecraft:features, currently generating: ResourceKey[minecraft:worldgen/placed_feature / ancient_elements:crystalsproud]
[22Mar2026 23:33:36.197] [Worker-Main-2/ERROR] [net.minecraft.Util/]: Detected setBlock in a far chunk [10, 20], pos: MutableBlockPos{x=161, y=22, z=320}, status: minecraft:features, currently generating: ResourceKey[minecraft:worldgen/placed_feature / ancient_elements:crystalsproud]
[22Mar2026 23:33:36.198] [Worker-Main-2/ERROR] [net.minecraft.Util/]: Detected setBlock in a far chunk [9, 20], pos: MutableBlockPos{x=151, y=19, z=320}, status: minecraft:features, currently generating: ResourceKey[minecraft:worldgen/placed_feature / ancient_elements:crystalsproud]
[22Mar2026 23:33:36.198] [Worker-Main-2/ERROR] [net.minecraft.Util/]: Detected setBlock in a far chunk [10, 20], pos: MutableBlockPos{x=162, y=13, z=323}, status: minecraft:features, currently generating: ResourceKey[minecraft:worldgen/placed_feature / ancient_elements:crystalsproud]
[22Mar2026 23:33:36.198] [Worker-Main-2/ERROR] [net.minecraft.Util/]: Detected setBlock in a far chunk [10, 20], pos: MutableBlockPos{x=168, y=16, z=320}, status: minecraft:features, currently generating: ResourceKey[minecraft:worldgen/placed_feature / ancient_elements:crystalsproud]
[22Mar2026 23:33:36.198] [Worker-Main-2/ERROR] [net.minecraft.Util/]: Detected setBlock in a far chunk [10, 20], pos: MutableBlockPos{x=173, y=33, z=320}, status: minecraft:features, currently generating: ResourceKey[minecraft:worldgen/placed_feature / ancient_elements:crystalsproud]
[22Mar2026 23:33:36.198] [Worker-Main-2/ERROR] [net.minecraft.Util/]: Detected setBlock in a far chunk [9, 20], pos: MutableBlockPos{x=159, y=-21, z=320}, status: minecraft:features, currently generating: ResourceKey[minecraft:worldgen/placed_feature / ancient_elements:crystalsproud]
[22Mar2026 23:33:36.198] [Worker-Main-2/ERROR] [net.minecraft.Util/]: Detected setBlock in a far chunk [10, 20], pos: MutableBlockPos{x=160, y=-18, z=320}, status: minecraft:features, currently generating: ResourceKey[minecraft:worldgen/placed_feature / ancient_elements:crystalsproud]
[22Mar2026 23:33:36.198] [Worker-Main-2/ERROR] [net.minecraft.Util/]: Detected setBlock in a far chunk [9, 20], pos: MutableBlockPos{x=154, y=-20, z=322}, status: minecraft:features, currently generating: ResourceKey[minecraft:worldgen/placed_feature / ancient_elements:crystalsproud]
[22Mar2026 23:33:36.199] [Worker-Main-2/ERROR] [net.minecraft.Util/]: Detected setBlock in a far chunk [9, 20], pos: MutableBlockPos{x=155, y=-20, z=322}, status: minecraft:features, currently generating: ResourceKey[minecraft:worldgen/placed_feature / ancient_elements:crystalsproud]
[22Mar2026 23:33:36.199] [Worker-Main-2/ERROR] [net.minecraft.Util/]: Detected setBlock in a far chunk [9, 20], pos: MutableBlockPos{x=157, y=-21, z=320}, status: minecraft:features, currently generating: ResourceKey[minecraft:worldgen/placed_feature / ancient_elements:crystalsproud]
[22Mar2026 23:33:36.199] [Worker-Main-2/ERROR] [net.minecraft.Util/]: Detected setBlock in a far chunk [10, 20], pos: MutableBlockPos{x=165, y=-22, z=320}, status: minecraft:features, currently generating: ResourceKey[minecraft:worldgen/placed_feature / ancient_elements:crystalsproud]
[22Mar2026 23:33:36.199] [Worker-Main-2/ERROR] [net.minecraft.Util/]: Detected setBlock in a far chunk [10, 20], pos: MutableBlockPos{x=168, y=-30, z=320}, status: minecraft:features, currently generating: ResourceKey[minecraft:worldgen/placed_feature / ancient_elements:crystalsproud]
[22Mar2026 23:33:36.199] [Worker-Main-2/ERROR] [net.minecraft.Util/]: Detected setBlock in a far chunk [10, 20], pos: MutableBlockPos{x=161, y=-28, z=324}, status: minecraft:features, currently generating: ResourceKey[minecraft:worldgen/placed_feature / ancient_elements:crystalsproud]
[22Mar2026 23:33:36.199] [Worker-Main-2/ERROR] [net.minecraft.Util/]: Detected setBlock in a far chunk [10, 20], pos: MutableBlockPos{x=167, y=-31, z=324}, status: minecraft:features, currently generating: ResourceKey[minecraft:worldgen/placed_feature / ancient_elements:crystalsproud]
[22Mar2026 23:33:36.199] [Worker-Main-2/ERROR] [net.minecraft.Util/]: Detected setBlock in a far chunk [10, 20], pos: MutableBlockPos{x=160, y=-34, z=320}, status: minecraft:features, currently generating: ResourceKey[minecraft:worldgen/placed_feature / ancient_elements:crystalsproud]
[22Mar2026 23:33:36.199] [Worker-Main-2/ERROR] [net.minecraft.Util/]: Detected setBlock in a far chunk [10, 20], pos: MutableBlockPos{x=162, y=-34, z=324}, status: minecraft:features, currently generating: ResourceKey[minecraft:worldgen/placed_feature / ancient_elements:crystalsproud]
[22Mar2026 23:33:36.199] [Worker-Main-2/ERROR] [net.minecraft.Util/]: Detected setBlock in a far chunk [9, 20], pos: MutableBlockPos{x=153, y=-30, z=322}, status: minecraft:features, currently generating: ResourceKey[minecraft:worldgen/placed_feature / ancient_elements:crystalsproud]
[22Mar2026 23:33:36.199] [Worker-Main-2/ERROR] [net.minecraft.Util/]: Detected setBlock in a far chunk [10, 20], pos: MutableBlockPos{x=165, y=-29, z=320}, status: minecraft:features, currently generating: ResourceKey[minecraft:worldgen/placed_feature / ancient_elements:crystalsproud]
[22Mar2026 23:33:36.200] [Worker-Main-2/ERROR] [net.minecraft.Util/]: Detected setBlock in a far chunk [10, 20], pos: MutableBlockPos{x=160, y=-34, z=320}, status: minecraft:features, currently generating: ResourceKey[minecraft:worldgen/placed_feature / ancient_elements:crystalsproud]
[22Mar2026 23:33:36.200] [Worker-Main-2/ERROR] [net.minecraft.Util/]: Detected setBlock in a far chunk [10, 20], pos: MutableBlockPos{x=160, y=-36, z=323}, status: minecraft:features, currently generating: ResourceKey[minecraft:worldgen/placed_feature / ancient_elements:crystalsproud]
[22Mar2026 23:33:49.335] [Worker-Main-3/ERROR] [net.minecraft.Util/]: Detected setBlock in a far chunk [9, 25], pos: MutableBlockPos{x=145, y=60, z=403}, status: minecraft:features, currently generating: ResourceKey[minecraft:worldgen/placed_feature / ancient_elements:crystalsproud]
[22Mar2026 23:33:49.336] [Worker-Main-3/ERROR] [net.minecraft.Util/]: Detected setBlock in a far chunk [9, 25], pos: MutableBlockPos{x=149, y=62, z=400}, status: minecraft:features, currently generating: ResourceKey[minecraft:worldgen/placed_feature / ancient_elements:crystalsproud]
[22Mar2026 23:33:49.336] [Worker-Main-3/ERROR] [net.minecraft.Util/]: Detected setBlock in a far chunk [9, 25], pos: MutableBlockPos{x=149, y=60, z=400}, status: minecraft:features, currently generating: ResourceKey[minecraft:worldgen/placed_feature / ancient_elements:crystalsproud]
[22Mar2026 23:33:49.336] [Worker-Main-3/ERROR] [net.minecraft.Util/]: Detected setBlock in a far chunk [8, 25], pos: MutableBlockPos{x=129, y=64, z=401}, status: minecraft:features, currently generating: ResourceKey[minecraft:worldgen/placed_feature / ancient_elements:crystalsproud]
[22Mar2026 23:33:49.336] [Worker-Main-3/ERROR] [net.minecraft.Util/]: Detected setBlock in a far chunk [8, 25], pos: MutableBlockPos{x=137, y=65, z=403}, status: minecraft:features, currently generating: ResourceKey[minecraft:worldgen/placed_feature / ancient_elements:crystalsproud]
[22Mar2026 23:33:49.336] [Worker-Main-3/ERROR] [net.minecraft.Util/]: Detected setBlock in a far chunk [8, 25], pos: MutableBlockPos{x=134, y=61, z=400}, status: minecraft:features, currently generating: ResourceKey[minecraft:worldgen/placed_feature / ancient_elements:crystalsproud]
[22Mar2026 23:33:49.336] [Worker-Main-3/ERROR] [net.minecraft.Util/]: Detected setBlock in a far chunk [7, 25], pos: MutableBlockPos{x=126, y=63, z=405}, status: minecraft:features, currently generating: ResourceKey[minecraft:worldgen/placed_feature / ancient_elements:crystalsproud]
[22Mar2026 23:33:49.337] [Worker-Main-3/ERROR] [net.minecraft.Util/]: Detected setBlock in a far chunk [7, 25], pos: MutableBlockPos{x=125, y=67, z=400}, status: minecraft:features, currently generating: ResourceKey[minecraft:worldgen/placed_feature / ancient_elements:crystalsproud]
[22Mar2026 23:33:49.337] [Worker-Main-3/ERROR] [net.minecraft.Util/]: Detected setBlock in a far chunk [8, 25], pos: MutableBlockPos{x=140, y=60, z=400}, status: minecraft:features, currently generating: ResourceKey[minecraft:worldgen/placed_feature / ancient_elements:crystalsproud]
[22Mar2026 23:33:49.337] [Worker-Main-3/ERROR] [net.minecraft.Util/]: Detected setBlock in a far chunk [8, 25], pos: MutableBlockPos{x=135, y=66, z=400}, status: minecraft:features, currently generating: ResourceKey[minecraft:worldgen/placed_feature / ancient_elements:crystalsproud]
[22Mar2026 23:33:49.337] [Worker-Main-3/ERROR] [net.minecraft.Util/]: Detected setBlock in a far chunk [8, 25], pos: MutableBlockPos{x=129, y=61, z=400}, status: minecraft:features, currently generating: ResourceKey[minecraft:worldgen/placed_feature / ancient_elements:crystalsproud]
[22Mar2026 23:33:49.337] [Worker-Main-3/ERROR] [net.minecraft.Util/]: Detected setBlock in a far chunk [8, 25], pos: MutableBlockPos{x=134, y=59, z=400}, status: minecraft:features, currently generating: ResourceKey[minecraft:worldgen/placed_feature / ancient_elements:crystalsproud]
[22Mar2026 23:33:49.337] [Worker-Main-3/ERROR] [net.minecraft.Util/]: Detected setBlock in a far chunk [8, 25], pos: MutableBlockPos{x=137, y=63, z=402}, status: minecraft:features, currently generating: ResourceKey[minecraft:worldgen/placed_feature / ancient_elements:crystalsproud]
[22Mar2026 23:33:49.337] [Worker-Main-3/ERROR] [net.minecraft.Util/]: Detected setBlock in a far chunk [8, 25], pos: MutableBlockPos{x=138, y=60, z=403}, status: minecraft:features, currently generating: ResourceKey[minecraft:worldgen/placed_feature / ancient_elements:crystalsproud]
[22Mar2026 23:33:49.337] [Worker-Main-3/ERROR] [net.minecraft.Util/]: Detected setBlock in a far chunk [8, 25], pos: MutableBlockPos{x=139, y=65, z=403}, status: minecraft:features, currently generating: ResourceKey[minecraft:worldgen/placed_feature / ancient_elements:crystalsproud]
[22Mar2026 23:33:49.337] [Worker-Main-3/ERROR] [net.minecraft.Util/]: Detected setBlock in a far chunk [8, 25], pos: MutableBlockPos{x=131, y=62, z=403}, status: minecraft:features, currently generating: ResourceKey[minecraft:worldgen/placed_feature / ancient_elements:crystalsproud]
[22Mar2026 23:33:49.339] [Worker-Main-3/ERROR] [net.minecraft.Util/]: Detected setBlock in a far chunk [8, 25], pos: MutableBlockPos{x=136, y=64, z=405}, status: minecraft:features, currently generating: ResourceKey[minecraft:worldgen/placed_feature / ancient_elements:crystalsproud]
[22Mar2026 23:33:49.339] [Worker-Main-3/ERROR] [net.minecraft.Util/]: Detected setBlock in a far chunk [8, 25], pos: MutableBlockPos{x=129, y=58, z=400}, status: minecraft:features, currently generating: ResourceKey[minecraft:worldgen/placed_feature / ancient_elements:crystalsproud]
[22Mar2026 23:33:49.340] [Worker-Main-3/ERROR] [net.minecraft.Util/]: Detected setBlock in a far chunk [8, 25], pos: MutableBlockPos{x=130, y=59, z=402}, status: minecraft:features, currently generating: ResourceKey[minecraft:worldgen/placed_feature / ancient_elements:crystalsproud]
[22Mar2026 23:33:49.340] [Worker-Main-3/ERROR] [net.minecraft.Util/]: Detected setBlock in a far chunk [8, 25], pos: MutableBlockPos{x=134, y=61, z=401}, status: minecraft:features, currently generating: ResourceKey[minecraft:worldgen/placed_feature / ancient_elements:crystalsproud]
[22Mar2026 23:33:49.340] [Worker-Main-3/ERROR] [net.minecraft.Util/]: Detected setBlock in a far chunk [8, 25], pos: MutableBlockPos{x=128, y=60, z=400}, status: minecraft:features, currently generating: ResourceKey[minecraft:worldgen/placed_feature / ancient_elements:crystalsproud]
[22Mar2026 23:33:49.340] [Worker-Main-3/ERROR] [net.minecraft.Util/]: Detected setBlock in a far chunk [7, 25], pos: MutableBlockPos{x=122, y=68, z=406}, status: minecraft:features, currently generating: ResourceKey[minecraft:worldgen/placed_feature / ancient_elements:crystalsproud]
[22Mar2026 23:33:49.341] [Worker-Main-3/ERROR] [net.minecraft.Util/]: Detected setBlock in a far chunk [8, 25], pos: MutableBlockPos{x=134, y=58, z=400}, status: minecraft:features, currently generating: ResourceKey[minecraft:worldgen/placed_feature / ancient_elements:crystalsproud]
[22Mar2026 23:33:49.341] [Worker-Main-3/ERROR] [net.minecraft.Util/]: Detected setBlock in a far chunk [7, 25], pos: MutableBlockPos{x=123, y=63, z=401}, status: minecraft:features, currently generating: ResourceKey[minecraft:worldgen/placed_feature / ancient_elements:crystalsproud]
[22Mar2026 23:33:49.341] [Worker-Main-3/ERROR] [net.minecraft.Util/]: Detected setBlock in a far chunk [8, 25], pos: MutableBlockPos{x=140, y=59, z=404}, status: minecraft:features, currently generating: ResourceKey[minecraft:worldgen/placed_feature / ancient_elements:crystalsproud]
[22Mar2026 23:33:49.341] [Worker-Main-3/ERROR] [net.minecraft.Util/]: Detected setBlock in a far chunk [7, 25], pos: MutableBlockPos{x=126, y=64, z=402}, status: minecraft:features, currently generating: ResourceKey[minecraft:worldgen/placed_feature / ancient_elements:crystalsproud]
[22Mar2026 23:33:49.342] [Worker-Main-3/ERROR] [net.minecraft.Util/]: Detected setBlock in a far chunk [8, 25], pos: MutableBlockPos{x=143, y=65, z=402}, status: minecraft:features, currently generating: ResourceKey[minecraft:worldgen/placed_feature / ancient_elements:crystalsproud]
[22Mar2026 23:33:49.342] [Worker-Main-3/ERROR] [net.minecraft.Util/]: Detected setBlock in a far chunk [8, 25], pos: MutableBlockPos{x=136, y=67, z=403}, status: minecraft:features, currently generating: ResourceKey[minecraft:worldgen/placed_feature / ancient_elements:crystalsproud]
[22Mar2026 23:33:49.342] [Worker-Main-3/ERROR] [net.minecraft.Util/]: Detected setBlock in a far chunk [7, 25], pos: MutableBlockPos{x=124, y=60, z=404}, status: minecraft:features, currently generating: ResourceKey[minecraft:worldgen/placed_feature / ancient_elements:crystalsproud]
[22Mar2026 23:33:49.343] [Worker-Main-3/ERROR] [net.minecraft.Util/]: Detected setBlock in a far chunk [8, 25], pos: MutableBlockPos{x=143, y=68, z=400}, status: minecraft:features, currently generating: ResourceKey[minecraft:worldgen/placed_feature / ancient_elements:crystalsproud]
[22Mar2026 23:33:49.343] [Worker-Main-3/ERROR] [net.minecraft.Util/]: Detected setBlock in a far chunk [8, 25], pos: MutableBlockPos{x=143, y=59, z=405}, status: minecraft:features, currently generating: ResourceKey[minecraft:worldgen/placed_feature / ancient_elements:crystalsproud]
[22Mar2026 23:33:49.343] [Worker-Main-3/ERROR] [net.minecraft.Util/]: Detected setBlock in a far chunk [8, 25], pos: MutableBlockPos{x=131, y=64, z=401}, status: minecraft:features, currently generating: ResourceKey[minecraft:worldgen/placed_feature / ancient_elements:crystalsproud]
[22Mar2026 23:33:49.343] [Worker-Main-3/ERROR] [net.minecraft.Util/]: Detected setBlock in a far chunk [9, 25], pos: MutableBlockPos{x=150, y=62, z=401}, status: minecraft:features, currently generating: ResourceKey[minecraft:worldgen/placed_feature / ancient_elements:crystalsproud]
[22Mar2026 23:33:49.343] [Worker-Main-3/ERROR] [net.minecraft.Util/]: Detected setBlock in a far chunk [9, 25], pos: MutableBlockPos{x=146, y=62, z=400}, status: minecraft:features, currently generating: ResourceKey[minecraft:worldgen/placed_feature / ancient_elements:crystalsproud]
[22Mar2026 23:33:49.343] [Worker-Main-3/ERROR] [net.minecraft.Util/]: Detected setBlock in a far chunk [8, 25], pos: MutableBlockPos{x=131, y=19, z=401}, status: minecraft:features, currently generating: ResourceKey[minecraft:worldgen/placed_feature / ancient_elements:crystalsproud]
[22Mar2026 23:33:49.343] [Worker-Main-3/ERROR] [net.minecraft.Util/]: Detected setBlock in a far chunk [8, 25], pos: MutableBlockPos{x=130, y=17, z=402}, status: minecraft:features, currently generating: ResourceKey[minecraft:worldgen/placed_feature / ancient_elements:crystalsproud]
[22Mar2026 23:33:49.343] [Worker-Main-3/ERROR] [net.minecraft.Util/]: Detected setBlock in a far chunk [8, 25], pos: MutableBlockPos{x=129, y=14, z=402}, status: minecraft:features, currently generating: ResourceKey[minecraft:worldgen/placed_feature / ancient_elements:crystalsproud]
[22Mar2026 23:33:49.343] [Worker-Main-3/ERROR] [net.minecraft.Util/]: Detected setBlock in a far chunk [8, 25], pos: MutableBlockPos{x=139, y=15, z=401}, status: minecraft:features, currently generating: ResourceKey[minecraft:worldgen/placed_feature / ancient_elements:crystalsproud]
[22Mar2026 23:33:49.344] [Worker-Main-3/ERROR] [net.minecraft.Util/]: Detected setBlock in a far chunk [8, 25], pos: MutableBlockPos{x=136, y=13, z=400}, status: minecraft:features, currently generating: ResourceKey[minecraft:worldgen/placed_feature / ancient_elements:crystalsproud]
[22Mar2026 23:33:49.344] [Worker-Main-3/ERROR] [net.minecraft.Util/]: Detected setBlock in a far chunk [8, 25], pos: MutableBlockPos{x=131, y=17, z=400}, status: minecraft:features, currently generating: ResourceKey[minecraft:worldgen/placed_feature / ancient_elements:crystalsproud]
[22Mar2026 23:33:49.344] [Worker-Main-3/ERROR] [net.minecraft.Util/]: Detected setBlock in a far chunk [8, 25], pos: MutableBlockPos{x=139, y=16, z=400}, status: minecraft:features, currently generating: ResourceKey[minecraft:worldgen/placed_feature / ancient_elements:crystalsproud]
[22Mar2026 23:33:49.345] [Worker-Main-3/ERROR] [net.minecraft.Util/]: Detected setBlock in a far chunk [8, 25], pos: MutableBlockPos{x=138, y=18, z=400}, status: minecraft:features, currently generating: ResourceKey[minecraft:worldgen/placed_feature / ancient_elements:crystalsproud]
[22Mar2026 23:33:49.345] [Worker-Main-3/ERROR] [net.minecraft.Util/]: Detected setBlock in a far chunk [8, 25], pos: MutableBlockPos{x=137, y=36, z=400}, status: minecraft:features, currently generating: ResourceKey[minecraft:worldgen/placed_feature / ancient_elements:crystalsproud]
[22Mar2026 23:33:49.345] [Worker-Main-3/ERROR] [net.minecraft.Util/]: Detected setBlock in a far chunk [9, 25], pos: MutableBlockPos{x=147, y=42, z=402}, status: minecraft:features, currently generating: ResourceKey[minecraft:worldgen/placed_feature / ancient_elements:crystalsproud]
[22Mar2026 23:33:49.345] [Worker-Main-3/ERROR] [net.minecraft.Util/]: Detected setBlock in a far chunk [8, 25], pos: MutableBlockPos{x=139, y=37, z=401}, status: minecraft:features, currently generating: ResourceKey[minecraft:worldgen/placed_feature / ancient_elements:crystalsproud]
[22Mar2026 23:33:49.346] [Worker-Main-3/ERROR] [net.minecraft.Util/]: Detected setBlock in a far chunk [9, 25], pos: MutableBlockPos{x=146, y=41, z=402}, status: minecraft:features, currently generating: ResourceKey[minecraft:worldgen/placed_feature / ancient_elements:crystalsproud]
[22Mar2026 23:33:49.346] [Worker-Main-3/ERROR] [net.minecraft.Util/]: Detected setBlock in a far chunk [9, 25], pos: MutableBlockPos{x=150, y=36, z=402}, status: minecraft:features, currently generating: ResourceKey[minecraft:worldgen/placed_feature / ancient_elements:crystalsproud]
[22Mar2026 23:33:49.346] [Worker-Main-3/ERROR] [net.minecraft.Util/]: Detected setBlock in a far chunk [9, 25], pos: MutableBlockPos{x=146, y=37, z=400}, status: minecraft:features, currently generating: ResourceKey[minecraft:worldgen/placed_feature / ancient_elements:crystalsproud]
[22Mar2026 23:33:49.346] [Worker-Main-3/ERROR] [net.minecraft.Util/]: Detected setBlock in a far chunk [9, 25], pos: MutableBlockPos{x=146, y=33, z=400}, status: minecraft:features, currently generating: ResourceKey[minecraft:worldgen/placed_feature / ancient_elements:crystalsproud]
[22Mar2026 23:33:49.347] [Worker-Main-3/ERROR] [net.minecraft.Util/]: Detected setBlock in a far chunk [9, 25], pos: MutableBlockPos{x=144, y=34, z=401}, status: minecraft:features, currently generating: ResourceKey[minecraft:worldgen/placed_feature / ancient_elements:crystalsproud]
[22Mar2026 23:33:49.347] [Worker-Main-3/ERROR] [net.minecraft.Util/]: Detected setBlock in a far chunk [8, 25], pos: MutableBlockPos{x=139, y=42, z=405}, status: minecraft:features, currently generating: ResourceKey[minecraft:worldgen/placed_feature / ancient_elements:crystalsproud]
[22Mar2026 23:33:49.347] [Worker-Main-3/ERROR] [net.minecraft.Util/]: Detected setBlock in a far chunk [9, 25], pos: MutableBlockPos{x=151, y=42, z=401}, status: minecraft:features, currently generating: ResourceKey[minecraft:worldgen/placed_feature / ancient_elements:crystalsproud]
[22Mar2026 23:33:49.348] [Worker-Main-3/ERROR] [net.minecraft.Util/]: Detected setBlock in a far chunk [9, 25], pos: MutableBlockPos{x=146, y=39, z=402}, status: minecraft:features, currently generating: ResourceKey[minecraft:worldgen/placed_feature / ancient_elements:crystalsproud]
[22Mar2026 23:33:49.348] [Worker-Main-3/ERROR] [net.minecraft.Util/]: Detected setBlock in a far chunk [9, 25], pos: MutableBlockPos{x=156, y=35, z=401}, status: minecraft:features, currently generating: ResourceKey[minecraft:worldgen/placed_feature / ancient_elements:crystalsproud]
[22Mar2026 23:33:49.348] [Worker-Main-3/ERROR] [net.minecraft.Util/]: Detected setBlock in a far chunk [8, 25], pos: MutableBlockPos{x=141, y=31, z=403}, status: minecraft:features, currently generating: ResourceKey[minecraft:worldgen/placed_feature / ancient_elements:crystalsproud]
[22Mar2026 23:33:49.348] [Worker-Main-3/ERROR] [net.minecraft.Util/]: Detected setBlock in a far chunk [9, 25], pos: MutableBlockPos{x=151, y=39, z=404}, status: minecraft:features, currently generating: ResourceKey[minecraft:worldgen/placed_feature / ancient_elements:crystalsproud]
[22Mar2026 23:33:49.348] [Worker-Main-3/ERROR] [net.minecraft.Util/]: Detected setBlock in a far chunk [9, 25], pos: MutableBlockPos{x=154, y=31, z=400}, status: minecraft:features, currently generating: ResourceKey[minecraft:worldgen/placed_feature / ancient_elements:crystalsproud]
[22Mar2026 23:33:49.348] [Worker-Main-3/ERROR] [net.minecraft.Util/]: Detected setBlock in a far chunk [9, 25], pos: MutableBlockPos{x=149, y=38, z=405}, status: minecraft:features, currently generating: ResourceKey[minecraft:worldgen/placed_feature / ancient_elements:crystalsproud]
[22Mar2026 23:33:49.349] [Worker-Main-3/ERROR] [net.minecraft.Util/]: Detected setBlock in a far chunk [9, 25], pos: MutableBlockPos{x=147, y=42, z=403}, status: minecraft:features, currently generating: ResourceKey[minecraft:worldgen/placed_feature / ancient_elements:crystalsproud]
[22Mar2026 23:33:49.349] [Worker-Main-3/ERROR] [net.minecraft.Util/]: Detected setBlock in a far chunk [9, 25], pos: MutableBlockPos{x=145, y=46, z=400}, status: minecraft:features, currently generating: ResourceKey[minecraft:worldgen/placed_feature / ancient_elements:crystalsproud]
[22Mar2026 23:33:49.350] [Worker-Main-3/ERROR] [net.minecraft.Util/]: Detected setBlock in a far chunk [9, 25], pos: MutableBlockPos{x=148, y=44, z=405}, status: minecraft:features, currently generating: ResourceKey[minecraft:worldgen/placed_feature / ancient_elements:crystalsproud]
[22Mar2026 23:33:49.350] [Worker-Main-3/ERROR] [net.minecraft.Util/]: Detected setBlock in a far chunk [8, 25], pos: MutableBlockPos{x=140, y=42, z=402}, status: minecraft:features, currently generating: ResourceKey[minecraft:worldgen/placed_feature / ancient_elements:crystalsproud]
[22Mar2026 23:33:49.350] [Worker-Main-3/ERROR] [net.minecraft.Util/]: Detected setBlock in a far chunk [9, 25], pos: MutableBlockPos{x=153, y=42, z=401}, status: minecraft:features, currently generating: ResourceKey[minecraft:worldgen/placed_feature / ancient_elements:crystalsproud]
[22Mar2026 23:33:49.350] [Worker-Main-3/ERROR] [net.minecraft.Util/]: Detected setBlock in a far chunk [9, 25], pos: MutableBlockPos{x=154, y=39, z=400}, status: minecraft:features, currently generating: ResourceKey[minecraft:worldgen/placed_feature / ancient_elements:crystalsproud]
[22Mar2026 23:33:49.351] [Worker-Main-3/ERROR] [net.minecraft.Util/]: Detected setBlock in a far chunk [9, 25], pos: MutableBlockPos{x=145, y=49, z=402}, status: minecraft:features, currently generating: ResourceKey[minecraft:worldgen/placed_feature / ancient_elements:crystalsproud]
[22Mar2026 23:33:49.351] [Worker-Main-3/ERROR] [net.minecraft.Util/]: Detected setBlock in a far chunk [9, 25], pos: MutableBlockPos{x=146, y=43, z=405}, status: minecraft:features, currently generating: ResourceKey[minecraft:worldgen/placed_feature / ancient_elements:crystalsproud]
[22Mar2026 23:33:49.351] [Worker-Main-3/ERROR] [net.minecraft.Util/]: Detected setBlock in a far chunk [9, 25], pos: MutableBlockPos{x=146, y=43, z=406}, status: minecraft:features, currently generating: ResourceKey[minecraft:worldgen/placed_feature / ancient_elements:crystalsproud]
[22Mar2026 23:33:49.351] [Worker-Main-3/ERROR] [net.minecraft.Util/]: Detected setBlock in a far chunk [8, 25], pos: MutableBlockPos{x=142, y=44, z=401}, status: minecraft:features, currently generating: ResourceKey[minecraft:worldgen/placed_feature / ancient_elements:crystalsproud]
[22Mar2026 23:33:49.351] [Worker-Main-3/ERROR] [net.minecraft.Util/]: Detected setBlock in a far chunk [9, 25], pos: MutableBlockPos{x=144, y=46, z=402}, status: minecraft:features, currently generating: ResourceKey[minecraft:worldgen/placed_feature / ancient_elements:crystalsproud]
[22Mar2026 23:33:49.351] [Worker-Main-3/ERROR] [net.minecraft.Util/]: Detected setBlock in a far chunk [8, 25], pos: MutableBlockPos{x=142, y=46, z=401}, status: minecraft:features, currently generating: ResourceKey[minecraft:worldgen/placed_feature / ancient_elements:crystalsproud]
[22Mar2026 23:33:49.352] [Worker-Main-3/ERROR] [net.minecraft.Util/]: Detected setBlock in a far chunk [9, 25], pos: MutableBlockPos{x=149, y=48, z=401}, status: minecraft:features, currently generating: ResourceKey[minecraft:worldgen/placed_feature / ancient_elements:crystalsproud]
[22Mar2026 23:33:49.352] [Worker-Main-3/ERROR] [net.minecraft.Util/]: Detected setBlock in a far chunk [9, 25], pos: MutableBlockPos{x=144, y=27, z=402}, status: minecraft:features, currently generating: ResourceKey[minecraft:worldgen/placed_feature / ancient_elements:crystalsproud]
[22Mar2026 23:33:49.352] [Worker-Main-3/ERROR] [net.minecraft.Util/]: Detected setBlock in a far chunk [8, 25], pos: MutableBlockPos{x=136, y=32, z=401}, status: minecraft:features, currently generating: ResourceKey[minecraft:worldgen/placed_feature / ancient_elements:crystalsproud]
[22Mar2026 23:33:49.352] [Worker-Main-3/ERROR] [net.minecraft.Util/]: Detected setBlock in a far chunk [8, 25], pos: MutableBlockPos{x=135, y=25, z=403}, status: minecraft:features, currently generating: ResourceKey[minecraft:worldgen/placed_feature / ancient_elements:crystalsproud]
[22Mar2026 23:33:49.352] [Worker-Main-3/ERROR] [net.minecraft.Util/]: Detected setBlock in a far chunk [7, 25], pos: MutableBlockPos{x=127, y=24, z=405}, status: minecraft:features, currently generating: ResourceKey[minecraft:worldgen/placed_feature / ancient_elements:crystalsproud]
[22Mar2026 23:33:49.353] [Worker-Main-3/ERROR] [net.minecraft.Util/]: Detected setBlock in a far chunk [8, 25], pos: MutableBlockPos{x=128, y=27, z=400}, status: minecraft:features, currently generating: ResourceKey[minecraft:worldgen/placed_feature / ancient_elements:crystalsproud]
[22Mar2026 23:33:49.353] [Worker-Main-3/ERROR] [net.minecraft.Util/]: Detected setBlock in a far chunk [7, 25], pos: MutableBlockPos{x=126, y=31, z=403}, status: minecraft:features, currently generating: ResourceKey[minecraft:worldgen/placed_feature / ancient_elements:crystalsproud]
[22Mar2026 23:33:49.353] [Worker-Main-3/ERROR] [net.minecraft.Util/]: Detected setBlock in a far chunk [9, 25], pos: MutableBlockPos{x=145, y=23, z=404}, status: minecraft:features, currently generating: ResourceKey[minecraft:worldgen/placed_feature / ancient_elements:crystalsproud]
[22Mar2026 23:33:49.353] [Worker-Main-3/ERROR] [net.minecraft.Util/]: Detected setBlock in a far chunk [9, 25], pos: MutableBlockPos{x=144, y=28, z=400}, status: minecraft:features, currently generating: ResourceKey[minecraft:worldgen/placed_feature / ancient_elements:crystalsproud]
[22Mar2026 23:33:49.354] [Worker-Main-3/ERROR] [net.minecraft.Util/]: Detected setBlock in a far chunk [9, 25], pos: MutableBlockPos{x=144, y=27, z=401}, status: minecraft:features, currently generating: ResourceKey[minecraft:worldgen/placed_feature / ancient_elements:crystalsproud]
[22Mar2026 23:33:49.354] [Worker-Main-3/ERROR] [net.minecraft.Util/]: Detected setBlock in a far chunk [8, 25], pos: MutableBlockPos{x=137, y=32, z=402}, status: minecraft:features, currently generating: ResourceKey[minecraft:worldgen/placed_feature / ancient_elements:crystalsproud]
[22Mar2026 23:33:49.354] [Worker-Main-3/ERROR] [net.minecraft.Util/]: Detected setBlock in a far chunk [8, 25], pos: MutableBlockPos{x=130, y=23, z=400}, status: minecraft:features, currently generating: ResourceKey[minecraft:worldgen/placed_feature / ancient_elements:crystalsproud]
[22Mar2026 23:33:49.354] [Worker-Main-3/ERROR] [net.minecraft.Util/]: Detected setBlock in a far chunk [8, 25], pos: MutableBlockPos{x=134, y=26, z=404}, status: minecraft:features, currently generating: ResourceKey[minecraft:worldgen/placed_feature / ancient_elements:crystalsproud]
[22Mar2026 23:33:49.354] [Worker-Main-3/ERROR] [net.minecraft.Util/]: Detected setBlock in a far chunk [9, 25], pos: MutableBlockPos{x=144, y=29, z=400}, status: minecraft:features, currently generating: ResourceKey[minecraft:worldgen/placed_feature / ancient_elements:crystalsproud]
[22Mar2026 23:33:49.355] [Worker-Main-3/ERROR] [net.minecraft.Util/]: Detected setBlock in a far chunk [8, 25], pos: MutableBlockPos{x=142, y=25, z=402}, status: minecraft:features, currently generating: ResourceKey[minecraft:worldgen/placed_feature / ancient_elements:crystalsproud]
[22Mar2026 23:33:49.355] [Worker-Main-3/ERROR] [net.minecraft.Util/]: Detected setBlock in a far chunk [8, 25], pos: MutableBlockPos{x=133, y=27, z=401}, status: minecraft:features, currently generating: ResourceKey[minecraft:worldgen/placed_feature / ancient_elements:crystalsproud]
[22Mar2026 23:33:49.355] [Worker-Main-3/ERROR] [net.minecraft.Util/]: Detected setBlock in a far chunk [8, 25], pos: MutableBlockPos{x=143, y=30, z=400}, status: minecraft:features, currently generating: ResourceKey[minecraft:worldgen/placed_feature / ancient_elements:crystalsproud]
[22Mar2026 23:33:49.355] [Worker-Main-3/ERROR] [net.minecraft.Util/]: Detected setBlock in a far chunk [8, 25], pos: MutableBlockPos{x=139, y=23, z=403}, status: minecraft:features, currently generating: ResourceKey[minecraft:worldgen/placed_feature / ancient_elements:crystalsproud]
[22Mar2026 23:33:49.356] [Worker-Main-3/ERROR] [net.minecraft.Util/]: Detected setBlock in a far chunk [8, 25], pos: MutableBlockPos{x=132, y=28, z=402}, status: minecraft:features, currently generating: ResourceKey[minecraft:worldgen/placed_feature / ancient_elements:crystalsproud]
[22Mar2026 23:33:49.356] [Worker-Main-3/ERROR] [net.minecraft.Util/]: Detected setBlock in a far chunk [8, 25], pos: MutableBlockPos{x=133, y=26, z=402}, status: minecraft:features, currently generating: ResourceKey[minecraft:worldgen/placed_feature / ancient_elements:crystalsproud]
[22Mar2026 23:33:49.356] [Worker-Main-3/ERROR] [net.minecraft.Util/]: Detected setBlock in a far chunk [8, 25], pos: MutableBlockPos{x=132, y=26, z=405}, status: minecraft:features, currently generating: ResourceKey[minecraft:worldgen/placed_feature / ancient_elements:crystalsproud]
[22Mar2026 23:33:49.356] [Worker-Main-3/ERROR] [net.minecraft.Util/]: Detected setBlock in a far chunk [8, 25], pos: MutableBlockPos{x=137, y=25, z=400}, status: minecraft:features, currently generating: ResourceKey[minecraft:worldgen/placed_feature / ancient_elements:crystalsproud]
[22Mar2026 23:33:49.356] [Worker-Main-3/ERROR] [net.minecraft.Util/]: Detected setBlock in a far chunk [9, 25], pos: MutableBlockPos{x=145, y=26, z=402}, status: minecraft:features, currently generating: ResourceKey[minecraft:worldgen/placed_feature / ancient_elements:crystalsproud]
[22Mar2026 23:33:49.357] [Worker-Main-3/ERROR] [net.minecraft.Util/]: Detected setBlock in a far chunk [8, 25], pos: MutableBlockPos{x=137, y=30, z=404}, status: minecraft:features, currently generating: ResourceKey[minecraft:worldgen/placed_feature / ancient_elements:crystalsproud]
[22Mar2026 23:33:49.357] [Worker-Main-3/ERROR] [net.minecraft.Util/]: Detected setBlock in a far chunk [8, 25], pos: MutableBlockPos{x=139, y=27, z=400}, status: minecraft:features, currently generating: ResourceKey[minecraft:worldgen/placed_feature / ancient_elements:crystalsproud]
[22Mar2026 23:33:49.357] [Worker-Main-3/ERROR] [net.minecraft.Util/]: Detected setBlock in a far chunk [7, 25], pos: MutableBlockPos{x=127, y=25, z=400}, status: minecraft:features, currently generating: ResourceKey[minecraft:worldgen/placed_feature / ancient_elements:crystalsproud]
[22Mar2026 23:33:49.357] [Worker-Main-3/ERROR] [net.minecraft.Util/]: Detected setBlock in a far chunk [8, 25], pos: MutableBlockPos{x=130, y=29, z=401}, status: minecraft:features, currently generating: ResourceKey[minecraft:worldgen/placed_feature / ancient_elements:crystalsproud]
[22Mar2026 23:33:49.357] [Worker-Main-3/ERROR] [net.minecraft.Util/]: Detected setBlock in a far chunk [8, 25], pos: MutableBlockPos{x=143, y=23, z=403}, status: minecraft:features, currently generating: ResourceKey[minecraft:worldgen/placed_feature / ancient_elements:crystalsproud]
[22Mar2026 23:33:49.357] [Worker-Main-3/ERROR] [net.minecraft.Util/]: Detected setBlock in a far chunk [8, 25], pos: MutableBlockPos{x=129, y=26, z=402}, status: minecraft:features, currently generating: ResourceKey[minecraft:worldgen/placed_feature / ancient_elements:crystalsproud]
[22Mar2026 23:33:49.358] [Worker-Main-3/ERROR] [net.minecraft.Util/]: Detected setBlock in a far chunk [8, 25], pos: MutableBlockPos{x=138, y=24, z=401}, status: minecraft:features, currently generating: ResourceKey[minecraft:worldgen/placed_feature / ancient_elements:crystalsproud]
[22Mar2026 23:33:49.358] [Worker-Main-3/ERROR] [net.minecraft.Util/]: Detected setBlock in a far chunk [8, 25], pos: MutableBlockPos{x=136, y=29, z=401}, status: minecraft:features, currently generating: ResourceKey[minecraft:worldgen/placed_feature / ancient_elements:crystalsproud]
[22Mar2026 23:33:49.358] [Worker-Main-3/ERROR] [net.minecraft.Util/]: Detected setBlock in a far chunk [8, 25], pos: MutableBlockPos{x=134, y=28, z=403}, status: minecraft:features, currently generating: ResourceKey[minecraft:worldgen/placed_feature / ancient_elements:crystalsproud]
[22Mar2026 23:33:49.358] [Worker-Main-3/ERROR] [net.minecraft.Util/]: Detected setBlock in a far chunk [9, 25], pos: MutableBlockPos{x=146, y=17, z=405}, status: minecraft:features, currently generating: ResourceKey[minecraft:worldgen/placed_feature / ancient_elements:crystalsproud]
[22Mar2026 23:33:49.358] [Worker-Main-3/ERROR] [net.minecraft.Util/]: Detected setBlock in a far chunk [9, 25], pos: MutableBlockPos{x=144, y=14, z=400}, status: minecraft:features, currently generating: ResourceKey[minecraft:worldgen/placed_feature / ancient_elements:crystalsproud]
[22Mar2026 23:33:49.359] [Worker-Main-3/ERROR] [net.minecraft.Util/]: Detected setBlock in a far chunk [8, 25], pos: MutableBlockPos{x=135, y=14, z=400}, status: minecraft:features, currently generating: ResourceKey[minecraft:worldgen/placed_feature / ancient_elements:crystalsproud]
[22Mar2026 23:33:49.359] [Worker-Main-3/ERROR] [net.minecraft.Util/]: Detected setBlock in a far chunk [7, 25], pos: MutableBlockPos{x=127, y=21, z=403}, status: minecraft:features, currently generating: ResourceKey[minecraft:worldgen/placed_feature / ancient_elements:crystalsproud]
[22Mar2026 23:33:49.359] [Worker-Main-3/ERROR] [net.minecraft.Util/]: Detected setBlock in a far chunk [9, 25], pos: MutableBlockPos{x=146, y=16, z=403}, status: minecraft:features, currently generating: ResourceKey[minecraft:worldgen/placed_feature / ancient_elements:crystalsproud]
[22Mar2026 23:33:49.359] [Worker-Main-3/ERROR] [net.minecraft.Util/]: Detected setBlock in a far chunk [9, 25], pos: MutableBlockPos{x=144, y=20, z=400}, status: minecraft:features, currently generating: ResourceKey[minecraft:worldgen/placed_feature / ancient_elements:crystalsproud]
[22Mar2026 23:33:49.359] [Worker-Main-3/ERROR] [net.minecraft.Util/]: Detected setBlock in a far chunk [8, 25], pos: MutableBlockPos{x=140, y=16, z=404}, status: minecraft:features, currently generating: ResourceKey[minecraft:worldgen/placed_feature / ancient_elements:crystalsproud]
[22Mar2026 23:33:49.359] [Worker-Main-3/ERROR] [net.minecraft.Util/]: Detected setBlock in a far chunk [8, 25], pos: MutableBlockPos{x=134, y=20, z=401}, status: minecraft:features, currently generating: ResourceKey[minecraft:worldgen/placed_feature / ancient_elements:crystalsproud]
[22Mar2026 23:33:49.359] [Worker-Main-3/ERROR] [net.minecraft.Util/]: Detected setBlock in a far chunk [9, 25], pos: MutableBlockPos{x=144, y=16, z=401}, status: minecraft:features, currently generating: ResourceKey[minecraft:worldgen/placed_feature / ancient_elements:crystalsproud]
[22Mar2026 23:33:49.359] [Worker-Main-3/ERROR] [net.minecraft.Util/]: Detected setBlock in a far chunk [8, 25], pos: MutableBlockPos{x=138, y=16, z=403}, status: minecraft:features, currently generating: ResourceKey[minecraft:worldgen/placed_feature / ancient_elements:crystalsproud]
[22Mar2026 23:33:49.359] [Worker-Main-3/ERROR] [net.minecraft.Util/]: Detected setBlock in a far chunk [8, 25], pos: MutableBlockPos{x=143, y=19, z=401}, status: minecraft:features, currently generating: ResourceKey[minecraft:worldgen/placed_feature / ancient_elements:crystalsproud]
[22Mar2026 23:33:49.359] [Worker-Main-3/ERROR] [net.minecraft.Util/]: Detected setBlock in a far chunk [9, 25], pos: MutableBlockPos{x=145, y=15, z=400}, status: minecraft:features, currently generating: ResourceKey[minecraft:worldgen/placed_feature / ancient_elements:crystalsproud]
[22Mar2026 23:33:49.359] [Worker-Main-3/ERROR] [net.minecraft.Util/]: Detected setBlock in a far chunk [8, 25], pos: MutableBlockPos{x=136, y=15, z=401}, status: minecraft:features, currently generating: ResourceKey[minecraft:worldgen/placed_feature / ancient_elements:crystalsproud]
[22Mar2026 23:33:49.359] [Worker-Main-3/ERROR] [net.minecraft.Util/]: Detected setBlock in a far chunk [8, 25], pos: MutableBlockPos{x=139, y=16, z=400}, status: minecraft:features, currently generating: ResourceKey[minecraft:worldgen/placed_feature / ancient_elements:crystalsproud]
[22Mar2026 23:33:49.360] [Worker-Main-3/ERROR] [net.minecraft.Util/]: Detected setBlock in a far chunk [8, 25], pos: MutableBlockPos{x=129, y=11, z=400}, status: minecraft:features, currently generating: ResourceKey[minecraft:worldgen/placed_feature / ancient_elements:crystalsproud]
[22Mar2026 23:33:49.360] [Worker-Main-3/ERROR] [net.minecraft.Util/]: Detected setBlock in a far chunk [8, 25], pos: MutableBlockPos{x=141, y=15, z=402}, status: minecraft:features, currently generating: ResourceKey[minecraft:worldgen/placed_feature / ancient_elements:crystalsproud]
[22Mar2026 23:33:49.360] [Worker-Main-3/ERROR] [net.minecraft.Util/]: Detected setBlock in a far chunk [8, 25], pos: MutableBlockPos{x=137, y=19, z=400}, status: minecraft:features, currently generating: ResourceKey[minecraft:worldgen/placed_feature / ancient_elements:crystalsproud]
[22Mar2026 23:33:49.360] [Worker-Main-3/ERROR] [net.minecraft.Util/]: Detected setBlock in a far chunk [7, 25], pos: MutableBlockPos{x=127, y=12, z=401}, status: minecraft:features, currently generating: ResourceKey[minecraft:worldgen/placed_feature / ancient_elements:crystalsproud]
[22Mar2026 23:33:49.360] [Worker-Main-3/ERROR] [net.minecraft.Util/]: Detected setBlock in a far chunk [8, 25], pos: MutableBlockPos{x=129, y=14, z=403}, status: minecraft:features, currently generating: ResourceKey[minecraft:worldgen/placed_feature / ancient_elements:crystalsproud]
[22Mar2026 23:33:49.360] [Worker-Main-3/ERROR] [net.minecraft.Util/]: Detected setBlock in a far chunk [8, 25], pos: MutableBlockPos{x=130, y=15, z=402}, status: minecraft:features, currently generating: ResourceKey[minecraft:worldgen/placed_feature / ancient_elements:crystalsproud]
[22Mar2026 23:33:49.360] [Worker-Main-3/ERROR] [net.minecraft.Util/]: Detected setBlock in a far chunk [8, 25], pos: MutableBlockPos{x=140, y=13, z=401}, status: minecraft:features, currently generating: ResourceKey[minecraft:worldgen/placed_feature / ancient_elements:crystalsproud]
[22Mar2026 23:33:49.360] [Worker-Main-3/ERROR] [net.minecraft.Util/]: Detected setBlock in a far chunk [8, 25], pos: MutableBlockPos{x=134, y=18, z=402}, status: minecraft:features, currently generating: ResourceKey[minecraft:worldgen/placed_feature / ancient_elements:crystalsproud]
[22Mar2026 23:33:49.360] [Worker-Main-3/ERROR] [net.minecraft.Util/]: Detected setBlock in a far chunk [8, 25], pos: MutableBlockPos{x=132, y=22, z=401}, status: minecraft:features, currently generating: ResourceKey[minecraft:worldgen/placed_feature / ancient_elements:crystalsproud]
[22Mar2026 23:33:49.360] [Worker-Main-3/ERROR] [net.minecraft.Util/]: Detected setBlock in a far chunk [8, 25], pos: MutableBlockPos{x=131, y=16, z=403}, status: minecraft:features, currently generating: ResourceKey[minecraft:worldgen/placed_feature / ancient_elements:crystalsproud]
[22Mar2026 23:33:49.360] [Worker-Main-3/ERROR] [net.minecraft.Util/]: Detected setBlock in a far chunk [8, 25], pos: MutableBlockPos{x=128, y=15, z=401}, status: minecraft:features, currently generating: ResourceKey[minecraft:worldgen/placed_feature / ancient_elements:crystalsproud]
[22Mar2026 23:33:49.360] [Worker-Main-3/ERROR] [net.minecraft.Util/]: Detected setBlock in a far chunk [8, 25], pos: MutableBlockPos{x=143, y=19, z=400}, status: minecraft:features, currently generating: ResourceKey[minecraft:worldgen/placed_feature / ancient_elements:crystalsproud]
[22Mar2026 23:33:49.360] [Worker-Main-3/ERROR] [net.minecraft.Util/]: Detected setBlock in a far chunk [8, 25], pos: MutableBlockPos{x=134, y=16, z=403}, status: minecraft:features, currently generating: ResourceKey[minecraft:worldgen/placed_feature / ancient_elements:crystalsproud]
[22Mar2026 23:33:49.360] [Worker-Main-3/ERROR] [net.minecraft.Util/]: Detected setBlock in a far chunk [8, 25], pos: MutableBlockPos{x=143, y=20, z=400}, status: minecraft:features, currently generating: ResourceKey[minecraft:worldgen/placed_feature / ancient_elements:crystalsproud]
[22Mar2026 23:33:49.360] [Worker-Main-3/ERROR] [net.minecraft.Util/]: Detected setBlock in a far chunk [8, 25], pos: MutableBlockPos{x=142, y=20, z=401}, status: minecraft:features, currently generating: ResourceKey[minecraft:worldgen/placed_feature / ancient_elements:crystalsproud]
[22Mar2026 23:33:49.360] [Worker-Main-3/ERROR] [net.minecraft.Util/]: Detected setBlock in a far chunk [8, 25], pos: MutableBlockPos{x=141, y=30, z=405}, status: minecraft:features, currently generating: ResourceKey[minecraft:worldgen/placed_feature / ancient_elements:crystalsproud]
[22Mar2026 23:33:49.361] [Worker-Main-3/ERROR] [net.minecraft.Util/]: Detected setBlock in a far chunk [8, 25], pos: MutableBlockPos{x=132, y=27, z=400}, status: minecraft:features, currently generating: ResourceKey[minecraft:worldgen/placed_feature / ancient_elements:crystalsproud]
[22Mar2026 23:33:49.361] [Worker-Main-3/ERROR] [net.minecraft.Util/]: Detected setBlock in a far chunk [9, 25], pos: MutableBlockPos{x=151, y=24, z=402}, status: minecraft:features, currently generating: ResourceKey[minecraft:worldgen/placed_feature / ancient_elements:crystalsproud]
[22Mar2026 23:33:49.361] [Worker-Main-3/ERROR] [net.minecraft.Util/]: Detected setBlock in a far chunk [9, 25], pos: MutableBlockPos{x=145, y=24, z=400}, status: minecraft:features, currently generating: ResourceKey[minecraft:worldgen/placed_feature / ancient_elements:crystalsproud]
[22Mar2026 23:33:49.361] [Worker-Main-3/ERROR] [net.minecraft.Util/]: Detected setBlock in a far chunk [8, 25], pos: MutableBlockPos{x=135, y=27, z=401}, status: minecraft:features, currently generating: ResourceKey[minecraft:worldgen/placed_feature / ancient_elements:crystalsproud]
[22Mar2026 23:33:49.361] [Worker-Main-3/ERROR] [net.minecraft.Util/]: Detected setBlock in a far chunk [9, 25], pos: MutableBlockPos{x=144, y=26, z=402}, status: minecraft:features, currently generating: ResourceKey[minecraft:worldgen/placed_feature / ancient_elements:crystalsproud]
[22Mar2026 23:33:49.361] [Worker-Main-3/ERROR] [net.minecraft.Util/]: Detected setBlock in a far chunk [9, 25], pos: MutableBlockPos{x=145, y=14, z=403}, status: minecraft:features, currently generating: ResourceKey[minecraft:worldgen/placed_feature / ancient_elements:crystalsproud]
[22Mar2026 23:33:49.361] [Worker-Main-3/ERROR] [net.minecraft.Util/]: Detected setBlock in a far chunk [8, 25], pos: MutableBlockPos{x=141, y=15, z=405}, status: minecraft:features, currently generating: ResourceKey[minecraft:worldgen/placed_feature / ancient_elements:crystalsproud]
[22Mar2026 23:33:49.362] [Worker-Main-3/ERROR] [net.minecraft.Util/]: Detected setBlock in a far chunk [8, 25], pos: MutableBlockPos{x=141, y=11, z=405}, status: minecraft:features, currently generating: ResourceKey[minecraft:worldgen/placed_feature / ancient_elements:crystalsproud]
[22Mar2026 23:33:49.362] [Worker-Main-3/ERROR] [net.minecraft.Util/]: Detected setBlock in a far chunk [9, 25], pos: MutableBlockPos{x=148, y=14, z=401}, status: minecraft:features, currently generating: ResourceKey[minecraft:worldgen/placed_feature / ancient_elements:crystalsproud]
[22Mar2026 23:33:49.363] [Worker-Main-3/ERROR] [net.minecraft.Util/]: Detected setBlock in a far chunk [9, 25], pos: MutableBlockPos{x=144, y=11, z=402}, status: minecraft:features, currently generating: ResourceKey[minecraft:worldgen/placed_feature / ancient_elements:crystalsproud]
[22Mar2026 23:33:49.363] [Worker-Main-3/ERROR] [net.minecraft.Util/]: Detected setBlock in a far chunk [9, 25], pos: MutableBlockPos{x=147, y=12, z=402}, status: minecraft:features, currently generating: ResourceKey[minecraft:worldgen/placed_feature / ancient_elements:crystalsproud]
[22Mar2026 23:33:49.363] [Worker-Main-3/ERROR] [net.minecraft.Util/]: Detected setBlock in a far chunk [9, 25], pos: MutableBlockPos{x=153, y=12, z=400}, status: minecraft:features, currently generating: ResourceKey[minecraft:worldgen/placed_feature / ancient_elements:crystalsproud]
[22Mar2026 23:33:49.363] [Worker-Main-3/ERROR] [net.minecraft.Util/]: Detected setBlock in a far chunk [8, 25], pos: MutableBlockPos{x=138, y=13, z=403}, status: minecraft:features, currently generating: ResourceKey[minecraft:worldgen/placed_feature / ancient_elements:crystalsproud]
[22Mar2026 23:33:49.364] [Worker-Main-3/ERROR] [net.minecraft.Util/]: Detected setBlock in a far chunk [9, 25], pos: MutableBlockPos{x=146, y=16, z=400}, status: minecraft:features, currently generating: ResourceKey[minecraft:worldgen/placed_feature / ancient_elements:crystalsproud]
[22Mar2026 23:33:49.364] [Worker-Main-3/ERROR] [net.minecraft.Util/]: Detected setBlock in a far chunk [8, 25], pos: MutableBlockPos{x=143, y=9, z=403}, status: minecraft:features, currently generating: ResourceKey[minecraft:worldgen/placed_feature / ancient_elements:crystalsproud]
[22Mar2026 23:33:49.364] [Worker-Main-3/ERROR] [net.minecraft.Util/]: Detected setBlock in a far chunk [8, 25], pos: MutableBlockPos{x=138, y=14, z=405}, status: minecraft:features, currently generating: ResourceKey[minecraft:worldgen/placed_feature / ancient_elements:crystalsproud]
[22Mar2026 23:33:49.364] [Worker-Main-3/ERROR] [net.minecraft.Util/]: Detected setBlock in a far chunk [9, 25], pos: MutableBlockPos{x=148, y=13, z=406}, status: minecraft:features, currently generating: ResourceKey[minecraft:worldgen/placed_feature / ancient_elements:crystalsproud]
[22Mar2026 23:33:49.364] [Worker-Main-3/ERROR] [net.minecraft.Util/]: Detected setBlock in a far chunk [9, 25], pos: MutableBlockPos{x=145, y=10, z=406}, status: minecraft:features, currently generating: ResourceKey[minecraft:worldgen/placed_feature / ancient_elements:crystalsproud]
[22Mar2026 23:33:49.364] [Worker-Main-3/ERROR] [net.minecraft.Util/]: Detected setBlock in a far chunk [8, 25], pos: MutableBlockPos{x=136, y=14, z=402}, status: minecraft:features, currently generating: ResourceKey[minecraft:worldgen/placed_feature / ancient_elements:crystalsproud]
[22Mar2026 23:33:49.364] [Worker-Main-3/ERROR] [net.minecraft.Util/]: Detected setBlock in a far chunk [8, 25], pos: MutableBlockPos{x=139, y=12, z=401}, status: minecraft:features, currently generating: ResourceKey[minecraft:worldgen/placed_feature / ancient_elements:crystalsproud]
[22Mar2026 23:33:49.364] [Worker-Main-3/ERROR] [net.minecraft.Util/]: Detected setBlock in a far chunk [9, 25], pos: MutableBlockPos{x=153, y=15, z=400}, status: minecraft:features, currently generating: ResourceKey[minecraft:worldgen/placed_feature / ancient_elements:crystalsproud]
[22Mar2026 23:33:49.364] [Worker-Main-3/ERROR] [net.minecraft.Util/]: Detected setBlock in a far chunk [8, 25], pos: MutableBlockPos{x=140, y=15, z=406}, status: minecraft:features, currently generating: ResourceKey[minecraft:worldgen/placed_feature / ancient_elements:crystalsproud]
[22Mar2026 23:33:49.364] [Worker-Main-3/ERROR] [net.minecraft.Util/]: Detected setBlock in a far chunk [8, 25], pos: MutableBlockPos{x=140, y=16, z=403}, status: minecraft:features, currently generating: ResourceKey[minecraft:worldgen/placed_feature / ancient_elements:crystalsproud]
[22Mar2026 23:33:49.364] [Worker-Main-3/ERROR] [net.minecraft.Util/]: Detected setBlock in a far chunk [8, 25], pos: MutableBlockPos{x=141, y=11, z=402}, status: minecraft:features, currently generating: ResourceKey[minecraft:worldgen/placed_feature / ancient_elements:crystalsproud]
[22Mar2026 23:33:49.364] [Worker-Main-3/ERROR] [net.minecraft.Util/]: Detected setBlock in a far chunk [8, 25], pos: MutableBlockPos{x=142, y=11, z=400}, status: minecraft:features, currently generating: ResourceKey[minecraft:worldgen/placed_feature / ancient_elements:crystalsproud]
[22Mar2026 23:33:49.364] [Worker-Main-3/ERROR] [net.minecraft.Util/]: Detected setBlock in a far chunk [9, 25], pos: MutableBlockPos{x=151, y=14, z=400}, status: minecraft:features, currently generating: ResourceKey[minecraft:worldgen/placed_feature / ancient_elements:crystalsproud]
[22Mar2026 23:33:49.364] [Worker-Main-3/ERROR] [net.minecraft.Util/]: Detected setBlock in a far chunk [8, 25], pos: MutableBlockPos{x=141, y=14, z=400}, status: minecraft:features, currently generating: ResourceKey[minecraft:worldgen/placed_feature / ancient_elements:crystalsproud]
[22Mar2026 23:33:49.364] [Worker-Main-3/ERROR] [net.minecraft.Util/]: Detected setBlock in a far chunk [9, 25], pos: MutableBlockPos{x=147, y=16, z=400}, status: minecraft:features, currently generating: ResourceKey[minecraft:worldgen/placed_feature / ancient_elements:crystalsproud]
[22Mar2026 23:33:49.365] [Worker-Main-3/ERROR] [net.minecraft.Util/]: Detected setBlock in a far chunk [9, 25], pos: MutableBlockPos{x=146, y=15, z=405}, status: minecraft:features, currently generating: ResourceKey[minecraft:worldgen/placed_feature / ancient_elements:crystalsproud]
[22Mar2026 23:33:49.365] [Worker-Main-3/ERROR] [net.minecraft.Util/]: Detected setBlock in a far chunk [8, 25], pos: MutableBlockPos{x=134, y=24, z=400}, status: minecraft:features, currently generating: ResourceKey[minecraft:worldgen/placed_feature / ancient_elements:crystalsproud]
[22Mar2026 23:33:49.365] [Worker-Main-3/ERROR] [net.minecraft.Util/]: Detected setBlock in a far chunk [9, 25], pos: MutableBlockPos{x=145, y=25, z=402}, status: minecraft:features, currently generating: ResourceKey[minecraft:worldgen/placed_feature / ancient_elements:crystalsproud]
[22Mar2026 23:33:49.365] [Worker-Main-3/ERROR] [net.minecraft.Util/]: Detected setBlock in a far chunk [8, 25], pos: MutableBlockPos{x=142, y=20, z=403}, status: minecraft:features, currently generating: ResourceKey[minecraft:worldgen/placed_feature / ancient_elements:crystalsproud]
[22Mar2026 23:33:49.365] [Worker-Main-3/ERROR] [net.minecraft.Util/]: Detected setBlock in a far chunk [8, 25], pos: MutableBlockPos{x=141, y=18, z=401}, status: minecraft:features, currently generating: ResourceKey[minecraft:worldgen/placed_feature / ancient_elements:crystalsproud]
[22Mar2026 23:33:49.365] [Worker-Main-3/ERROR] [net.minecraft.Util/]: Detected setBlock in a far chunk [8, 25], pos: MutableBlockPos{x=137, y=25, z=402}, status: minecraft:features, currently generating: ResourceKey[minecraft:worldgen/placed_feature / ancient_elements:crystalsproud]
[22Mar2026 23:33:49.365] [Worker-Main-3/ERROR] [net.minecraft.Util/]: Detected setBlock in a far chunk [9, 25], pos: MutableBlockPos{x=147, y=22, z=402}, status: minecraft:features, currently generating: ResourceKey[minecraft:worldgen/placed_feature / ancient_elements:crystalsproud]
[22Mar2026 23:33:49.365] [Worker-Main-3/ERROR] [net.minecraft.Util/]: Detected setBlock in a far chunk [9, 25], pos: MutableBlockPos{x=153, y=21, z=400}, status: minecraft:features, currently generating: ResourceKey[minecraft:worldgen/placed_feature / ancient_elements:crystalsproud]
[22Mar2026 23:33:49.365] [Worker-Main-3/ERROR] [net.minecraft.Util/]: Detected setBlock in a far chunk [8, 25], pos: MutableBlockPos{x=136, y=20, z=400}, status: minecraft:features, currently generating: ResourceKey[minecraft:worldgen/placed_feature / ancient_elements:crystalsproud]
[22Mar2026 23:33:49.365] [Worker-Main-3/ERROR] [net.minecraft.Util/]: Detected setBlock in a far chunk [8, 25], pos: MutableBlockPos{x=141, y=20, z=401}, status: minecraft:features, currently generating: ResourceKey[minecraft:worldgen/placed_feature / ancient_elements:crystalsproud]
[22Mar2026 23:33:49.365] [Worker-Main-3/ERROR] [net.minecraft.Util/]: Detected setBlock in a far chunk [8, 25], pos: MutableBlockPos{x=143, y=15, z=401}, status: minecraft:features, currently generating: ResourceKey[minecraft:worldgen/placed_feature / ancient_elements:crystalsproud]
[22Mar2026 23:33:49.365] [Worker-Main-3/ERROR] [net.minecraft.Util/]: Detected setBlock in a far chunk [8, 25], pos: MutableBlockPos{x=133, y=19, z=402}, status: minecraft:features, currently generating: ResourceKey[minecraft:worldgen/placed_feature / ancient_elements:crystalsproud]
[22Mar2026 23:33:49.365] [Worker-Main-3/ERROR] [net.minecraft.Util/]: Detected setBlock in a far chunk [8, 25], pos: MutableBlockPos{x=138, y=15, z=407}, status: minecraft:features, currently generating: ResourceKey[minecraft:worldgen/placed_feature / ancient_elements:crystalsproud]
[22Mar2026 23:33:49.366] [Worker-Main-3/ERROR] [net.minecraft.Util/]: Detected setBlock in a far chunk [9, 25], pos: MutableBlockPos{x=148, y=26, z=403}, status: minecraft:features, currently generating: ResourceKey[minecraft:worldgen/placed_feature / ancient_elements:crystalsproud]
[22Mar2026 23:33:49.366] [Worker-Main-3/ERROR] [net.minecraft.Util/]: Detected setBlock in a far chunk [8, 25], pos: MutableBlockPos{x=143, y=19, z=406}, status: minecraft:features, currently generating: ResourceKey[minecraft:worldgen/placed_feature / ancient_elements:crystalsproud]
[22Mar2026 23:33:49.366] [Worker-Main-3/ERROR] [net.minecraft.Util/]: Detected setBlock in a far chunk [8, 25], pos: MutableBlockPos{x=138, y=22, z=402}, status: minecraft:features, currently generating: ResourceKey[minecraft:worldgen/placed_feature / ancient_elements:crystalsproud]
[22Mar2026 23:33:49.366] [Worker-Main-3/ERROR] [net.minecraft.Util/]: Detected setBlock in a far chunk [8, 25], pos: MutableBlockPos{x=137, y=25, z=400}, status: minecraft:features, currently generating: ResourceKey[minecraft:worldgen/placed_feature / ancient_elements:crystalsproud]
[22Mar2026 23:33:49.366] [Worker-Main-3/ERROR] [net.minecraft.Util/]: Detected setBlock in a far chunk [8, 25], pos: MutableBlockPos{x=141, y=23, z=402}, status: minecraft:features, currently generating: ResourceKey[minecraft:worldgen/placed_feature / ancient_elements:crystalsproud]
[22Mar2026 23:33:49.366] [Worker-Main-3/ERROR] [net.minecraft.Util/]: Detected setBlock in a far chunk [9, 25], pos: MutableBlockPos{x=146, y=23, z=400}, status: minecraft:features, currently generating: ResourceKey[minecraft:worldgen/placed_feature / ancient_elements:crystalsproud]
[22Mar2026 23:33:49.366] [Worker-Main-3/ERROR] [net.minecraft.Util/]: Detected setBlock in a far chunk [8, 25], pos: MutableBlockPos{x=142, y=20, z=402}, status: minecraft:features, currently generating: ResourceKey[minecraft:worldgen/placed_feature / ancient_elements:crystalsproud]
[22Mar2026 23:33:49.366] [Worker-Main-3/ERROR] [net.minecraft.Util/]: Detected setBlock in a far chunk [8, 25], pos: MutableBlockPos{x=136, y=23, z=400}, status: minecraft:features, currently generating: ResourceKey[minecraft:worldgen/placed_feature / ancient_elements:crystalsproud]
[22Mar2026 23:33:49.366] [Worker-Main-3/ERROR] [net.minecraft.Util/]: Detected setBlock in a far chunk [8, 25], pos: MutableBlockPos{x=143, y=21, z=403}, status: minecraft:features, currently generating: ResourceKey[minecraft:worldgen/placed_feature / ancient_elements:crystalsproud]
[22Mar2026 23:33:49.366] [Worker-Main-3/ERROR] [net.minecraft.Util/]: Detected setBlock in a far chunk [9, 25], pos: MutableBlockPos{x=150, y=23, z=401}, status: minecraft:features, currently generating: ResourceKey[minecraft:worldgen/placed_feature / ancient_elements:crystalsproud]
[22Mar2026 23:33:49.366] [Worker-Main-3/ERROR] [net.minecraft.Util/]: Detected setBlock in a far chunk [8, 25], pos: MutableBlockPos{x=140, y=21, z=402}, status: minecraft:features, currently generating: ResourceKey[minecraft:worldgen/placed_feature / ancient_elements:crystalsproud]
[22Mar2026 23:33:49.366] [Worker-Main-3/ERROR] [net.minecraft.Util/]: Detected setBlock in a far chunk [9, 25], pos: MutableBlockPos{x=146, y=18, z=400}, status: minecraft:features, currently generating: ResourceKey[minecraft:worldgen/placed_feature / ancient_elements:crystalsproud]
[22Mar2026 23:33:49.366] [Worker-Main-3/ERROR] [net.minecraft.Util/]: Detected setBlock in a far chunk [8, 25], pos: MutableBlockPos{x=135, y=-31, z=401}, status: minecraft:features, currently generating: ResourceKey[minecraft:worldgen/placed_feature / ancient_elements:crystalsproud]
[22Mar2026 23:33:49.366] [Worker-Main-3/ERROR] [net.minecraft.Util/]: Detected setBlock in a far chunk [8, 25], pos: MutableBlockPos{x=142, y=-31, z=403}, status: minecraft:features, currently generating: ResourceKey[minecraft:worldgen/placed_feature / ancient_elements:crystalsproud]
[22Mar2026 23:33:55.703] [Worker-Main-1/ERROR] [net.minecraft.Util/]: Detected setBlock in a far chunk [9, 20], pos: MutableBlockPos{x=147, y=51, z=328}, status: minecraft:features, currently generating: ResourceKey[minecraft:worldgen/placed_feature / ancient_elements:crystalsproud]
[22Mar2026 23:33:55.703] [Worker-Main-1/ERROR] [net.minecraft.Util/]: Detected setBlock in a far chunk [9, 20], pos: MutableBlockPos{x=144, y=54, z=328}, status: minecraft:features, currently generating: ResourceKey[minecraft:worldgen/placed_feature / ancient_elements:crystalsproud]
[22Mar2026 23:33:55.703] [Worker-Main-1/ERROR] [net.minecraft.Util/]: Detected setBlock in a far chunk [9, 20], pos: MutableBlockPos{x=146, y=52, z=326}, status: minecraft:features, currently generating: ResourceKey[minecraft:worldgen/placed_feature / ancient_elements:crystalsproud]
[22Mar2026 23:33:55.703] [Worker-Main-1/ERROR] [net.minecraft.Util/]: Detected setBlock in a far chunk [9, 21], pos: MutableBlockPos{x=146, y=54, z=342}, status: minecraft:features, currently generating: ResourceKey[minecraft:worldgen/placed_feature / ancient_elements:crystalsproud]
[22Mar2026 23:33:55.703] [Worker-Main-1/ERROR] [net.minecraft.Util/]: Detected setBlock in a far chunk [9, 20], pos: MutableBlockPos{x=147, y=49, z=333}, status: minecraft:features, currently generating: ResourceKey[minecraft:worldgen/placed_feature / ancient_elements:crystalsproud]
[22Mar2026 23:33:55.704] [Worker-Main-1/ERROR] [net.minecraft.Util/]: Detected setBlock in a far chunk [8, 22], pos: MutableBlockPos{x=129, y=55, z=354}, status: minecraft:features, currently generating: ResourceKey[minecraft:worldgen/placed_feature / ancient_elements:crystalsproud]
[22Mar2026 23:33:55.704] [Worker-Main-1/ERROR] [net.minecraft.Util/]: Detected setBlock in a far chunk [7, 22], pos: MutableBlockPos{x=120, y=58, z=354}, status: minecraft:features, currently generating: ResourceKey[minecraft:worldgen/placed_feature / ancient_elements:crystalsproud]
[22Mar2026 23:33:55.704] [Worker-Main-1/ERROR] [net.minecraft.Util/]: Detected setBlock in a far chunk [8, 22], pos: MutableBlockPos{x=133, y=57, z=353}, status: minecraft:features, currently generating: ResourceKey[minecraft:worldgen/placed_feature / ancient_elements:crystalsproud]
[22Mar2026 23:33:55.704] [Worker-Main-1/ERROR] [net.minecraft.Util/]: Detected setBlock in a far chunk [8, 22], pos: MutableBlockPos{x=136, y=58, z=353}, status: minecraft:features, currently generating: ResourceKey[minecraft:worldgen/placed_feature / ancient_elements:crystalsproud]
[22Mar2026 23:33:55.704] [Worker-Main-1/ERROR] [net.minecraft.Util/]: Detected setBlock in a far chunk [8, 22], pos: MutableBlockPos{x=131, y=53, z=352}, status: minecraft:features, currently generating: ResourceKey[minecraft:worldgen/placed_feature / ancient_elements:crystalsproud]
[22Mar2026 23:33:55.704] [Worker-Main-1/ERROR] [net.minecraft.Util/]: Detected setBlock in a far chunk [8, 22], pos: MutableBlockPos{x=135, y=53, z=353}, status: minecraft:features, currently generating: ResourceKey[minecraft:worldgen/placed_feature / ancient_elements:crystalsproud]
[22Mar2026 23:33:55.704] [Worker-Main-1/ERROR] [net.minecraft.Util/]: Detected setBlock in a far chunk [8, 22], pos: MutableBlockPos{x=133, y=59, z=353}, status: minecraft:features, currently generating: ResourceKey[minecraft:worldgen/placed_feature / ancient_elements:crystalsproud]
[22Mar2026 23:33:55.704] [Worker-Main-1/ERROR] [net.minecraft.Util/]: Detected setBlock in a far chunk [8, 22], pos: MutableBlockPos{x=128, y=59, z=352}, status: minecraft:features, currently generating: ResourceKey[minecraft:worldgen/placed_feature / ancient_elements:crystalsproud]
[22Mar2026 23:33:55.704] [Worker-Main-1/ERROR] [net.minecraft.Util/]: Detected setBlock in a far chunk [8, 22], pos: MutableBlockPos{x=130, y=54, z=353}, status: minecraft:features, currently generating: ResourceKey[minecraft:worldgen/placed_feature / ancient_elements:crystalsproud]
[22Mar2026 23:33:55.704] [Worker-Main-1/ERROR] [net.minecraft.Util/]: Detected setBlock in a far chunk [8, 22], pos: MutableBlockPos{x=139, y=55, z=356}, status: minecraft:features, currently generating: ResourceKey[minecraft:worldgen/placed_feature / ancient_elements:crystalsproud]
[22Mar2026 23:33:55.704] [Worker-Main-1/ERROR] [net.minecraft.Util/]: Detected setBlock in a far chunk [8, 22], pos: MutableBlockPos{x=137, y=54, z=357}, status: minecraft:features, currently generating: ResourceKey[minecraft:worldgen/placed_feature / ancient_elements:crystalsproud]
[22Mar2026 23:33:55.704] [Worker-Main-1/ERROR] [net.minecraft.Util/]: Detected setBlock in a far chunk [7, 22], pos: MutableBlockPos{x=123, y=55, z=353}, status: minecraft:features, currently generating: ResourceKey[minecraft:worldgen/placed_feature / ancient_elements:crystalsproud]
[22Mar2026 23:33:55.704] [Worker-Main-1/ERROR] [net.minecraft.Util/]: Detected setBlock in a far chunk [8, 22], pos: MutableBlockPos{x=131, y=51, z=352}, status: minecraft:features, currently generating: ResourceKey[minecraft:worldgen/placed_feature / ancient_elements:crystalsproud]
[22Mar2026 23:33:55.704] [Worker-Main-1/ERROR] [net.minecraft.Util/]: Detected setBlock in a far chunk [7, 22], pos: MutableBlockPos{x=127, y=52, z=355}, status: minecraft:features, currently generating: ResourceKey[minecraft:worldgen/placed_feature / ancient_elements:crystalsproud]
[22Mar2026 23:33:55.704] [Worker-Main-1/ERROR] [net.minecraft.Util/]: Detected setBlock in a far chunk [9, 22], pos: MutableBlockPos{x=146, y=51, z=353}, status: minecraft:features, currently generating: ResourceKey[minecraft:worldgen/placed_feature / ancient_elements:crystalsproud]
[22Mar2026 23:33:55.705] [Worker-Main-1/ERROR] [net.minecraft.Util/]: Detected setBlock in a far chunk [7, 22], pos: MutableBlockPos{x=115, y=53, z=353}, status: minecraft:features, currently generating: ResourceKey[minecraft:worldgen/placed_feature / ancient_elements:crystalsproud]
[22Mar2026 23:33:55.705] [Worker-Main-1/ERROR] [net.minecraft.Util/]: Detected setBlock in a far chunk [7, 22], pos: MutableBlockPos{x=127, y=55, z=352}, status: minecraft:features, currently generating: ResourceKey[minecraft:worldgen/placed_feature / ancient_elements:crystalsproud]
[22Mar2026 23:33:55.705] [Worker-Main-1/ERROR] [net.minecraft.Util/]: Detected setBlock in a far chunk [8, 22], pos: MutableBlockPos{x=140, y=55, z=354}, status: minecraft:features, currently generating: ResourceKey[minecraft:worldgen/placed_feature / ancient_elements:crystalsproud]
[22Mar2026 23:33:55.705] [Worker-Main-1/ERROR] [net.minecraft.Util/]: Detected setBlock in a far chunk [8, 22], pos: MutableBlockPos{x=135, y=51, z=352}, status: minecraft:features, currently generating: ResourceKey[minecraft:worldgen/placed_feature / ancient_elements:crystalsproud]
[22Mar2026 23:33:55.705] [Worker-Main-1/ERROR] [net.minecraft.Util/]: Detected setBlock in a far chunk [8, 22], pos: MutableBlockPos{x=133, y=51, z=356}, status: minecraft:features, currently generating: ResourceKey[minecraft:worldgen/placed_feature / ancient_elements:crystalsproud]
[22Mar2026 23:33:55.705] [Worker-Main-1/ERROR] [net.minecraft.Util/]: Detected setBlock in a far chunk [8, 22], pos: MutableBlockPos{x=142, y=55, z=352}, status: minecraft:features, currently generating: ResourceKey[minecraft:worldgen/placed_feature / ancient_elements:crystalsproud]
[22Mar2026 23:33:55.705] [Worker-Main-1/ERROR] [net.minecraft.Util/]: Detected setBlock in a far chunk [8, 22], pos: MutableBlockPos{x=139, y=56, z=354}, status: minecraft:features, currently generating: ResourceKey[minecraft:worldgen/placed_feature / ancient_elements:crystalsproud]
[22Mar2026 23:33:55.705] [Worker-Main-1/ERROR] [net.minecraft.Util/]: Detected setBlock in a far chunk [8, 22], pos: MutableBlockPos{x=138, y=54, z=355}, status: minecraft:features, currently generating: ResourceKey[minecraft:worldgen/placed_feature / ancient_elements:crystalsproud]
[22Mar2026 23:33:55.705] [Worker-Main-1/ERROR] [net.minecraft.Util/]: Detected setBlock in a far chunk [8, 22], pos: MutableBlockPos{x=131, y=57, z=353}, status: minecraft:features, currently generating: ResourceKey[minecraft:worldgen/placed_feature / ancient_elements:crystalsproud]
[22Mar2026 23:33:55.705] [Worker-Main-1/ERROR] [net.minecraft.Util/]: Detected setBlock in a far chunk [9, 20], pos: MutableBlockPos{x=147, y=39, z=334}, status: minecraft:features, currently generating: ResourceKey[minecraft:worldgen/placed_feature / ancient_elements:crystalsproud]
[22Mar2026 23:33:55.705] [Worker-Main-1/ERROR] [net.minecraft.Util/]: Detected setBlock in a far chunk [9, 21], pos: MutableBlockPos{x=144, y=37, z=342}, status: minecraft:features, currently generating: ResourceKey[minecraft:worldgen/placed_feature / ancient_elements:crystalsproud]
[22Mar2026 23:33:55.705] [Worker-Main-1/ERROR] [net.minecraft.Util/]: Detected setBlock in a far chunk [9, 21], pos: MutableBlockPos{x=145, y=40, z=336}, status: minecraft:features, currently generating: ResourceKey[minecraft:worldgen/placed_feature / ancient_elements:crystalsproud]
[22Mar2026 23:33:55.705] [Worker-Main-1/ERROR] [net.minecraft.Util/]: Detected setBlock in a far chunk [9, 21], pos: MutableBlockPos{x=144, y=39, z=337}, status: minecraft:features, currently generating: ResourceKey[minecraft:worldgen/placed_feature / ancient_elements:crystalsproud]
[22Mar2026 23:33:55.706] [Worker-Main-1/ERROR] [net.minecraft.Util/]: Detected setBlock in a far chunk [8, 22], pos: MutableBlockPos{x=137, y=29, z=352}, status: minecraft:features, currently generating: ResourceKey[minecraft:worldgen/placed_feature / ancient_elements:crystalsproud]
[22Mar2026 23:33:55.706] [Worker-Main-1/ERROR] [net.minecraft.Util/]: Detected setBlock in a far chunk [8, 22], pos: MutableBlockPos{x=135, y=27, z=353}, status: minecraft:features, currently generating: ResourceKey[minecraft:worldgen/placed_feature / ancient_elements:crystalsproud]
[22Mar2026 23:33:55.706] [Worker-Main-1/ERROR] [net.minecraft.Util/]: Detected setBlock in a far chunk [8, 22], pos: MutableBlockPos{x=135, y=36, z=356}, status: minecraft:features, currently generating: ResourceKey[minecraft:worldgen/placed_feature / ancient_elements:crystalsproud]
[22Mar2026 23:33:55.706] [Worker-Main-1/ERROR] [net.minecraft.Util/]: Detected setBlock in a far chunk [8, 22], pos: MutableBlockPos{x=138, y=34, z=355}, status: minecraft:features, currently generating: ResourceKey[minecraft:worldgen/placed_feature / ancient_elements:crystalsproud]
[22Mar2026 23:33:55.706] [Worker-Main-1/ERROR] [net.minecraft.Util/]: Detected setBlock in a far chunk [8, 22], pos: MutableBlockPos{x=138, y=35, z=353}, status: minecraft:features, currently generating: ResourceKey[minecraft:worldgen/placed_feature / ancient_elements:crystalsproud]
[22Mar2026 23:33:55.706] [Worker-Main-1/ERROR] [net.minecraft.Util/]: Detected setBlock in a far chunk [7, 22], pos: MutableBlockPos{x=124, y=32, z=356}, status: minecraft:features, currently generating: ResourceKey[minecraft:worldgen/placed_feature / ancient_elements:crystalsproud]
[22Mar2026 23:33:55.706] [Worker-Main-1/ERROR] [net.minecraft.Util/]: Detected setBlock in a far chunk [8, 22], pos: MutableBlockPos{x=128, y=27, z=352}, status: minecraft:features, currently generating: ResourceKey[minecraft:worldgen/placed_feature / ancient_elements:crystalsproud]
[22Mar2026 23:33:55.706] [Worker-Main-1/ERROR] [net.minecraft.Util/]: Detected setBlock in a far chunk [8, 22], pos: MutableBlockPos{x=138, y=29, z=353}, status: minecraft:features, currently generating: ResourceKey[minecraft:worldgen/placed_feature / ancient_elements:crystalsproud]
[22Mar2026 23:33:55.706] [Worker-Main-1/ERROR] [net.minecraft.Util/]: Detected setBlock in a far chunk [8, 22], pos: MutableBlockPos{x=142, y=33, z=355}, status: minecraft:features, currently generating: ResourceKey[minecraft:worldgen/placed_feature / ancient_elements:crystalsproud]
[22Mar2026 23:33:55.706] [Worker-Main-1/ERROR] [net.minecraft.Util/]: Detected setBlock in a far chunk [8, 22], pos: MutableBlockPos{x=131, y=31, z=352}, status: minecraft:features, currently generating: ResourceKey[minecraft:worldgen/placed_feature / ancient_elements:crystalsproud]
[22Mar2026 23:33:55.706] [Worker-Main-1/ERROR] [net.minecraft.Util/]: Detected setBlock in a far chunk [8, 22], pos: MutableBlockPos{x=129, y=32, z=353}, status: minecraft:features, currently generating: ResourceKey[minecraft:worldgen/placed_feature / ancient_elements:crystalsproud]
[22Mar2026 23:33:55.706] [Worker-Main-1/ERROR] [net.minecraft.Util/]: Detected setBlock in a far chunk [8, 22], pos: MutableBlockPos{x=138, y=29, z=352}, status: minecraft:features, currently generating: ResourceKey[minecraft:worldgen/placed_feature / ancient_elements:crystalsproud]
[22Mar2026 23:33:55.706] [Worker-Main-1/ERROR] [net.minecraft.Util/]: Detected setBlock in a far chunk [9, 21], pos: MutableBlockPos{x=146, y=-11, z=343}, status: minecraft:features, currently generating: ResourceKey[minecraft:worldgen/placed_feature / ancient_elements:crystalsproud]
[22Mar2026 23:33:55.706] [Worker-Main-1/ERROR] [net.minecraft.Util/]: Detected setBlock in a far chunk [9, 21], pos: MutableBlockPos{x=144, y=-13, z=347}, status: minecraft:features, currently generating: ResourceKey[minecraft:worldgen/placed_feature / ancient_elements:crystalsproud]
[22Mar2026 23:33:55.706] [Worker-Main-1/ERROR] [net.minecraft.Util/]: Detected setBlock in a far chunk [8, 22], pos: MutableBlockPos{x=134, y=-17, z=353}, status: minecraft:features, currently generating: ResourceKey[minecraft:worldgen/placed_feature / ancient_elements:crystalsproud]
[22Mar2026 23:33:55.707] [Worker-Main-1/ERROR] [net.minecraft.Util/]: Detected setBlock in a far chunk [8, 22], pos: MutableBlockPos{x=140, y=-19, z=352}, status: minecraft:features, currently generating: ResourceKey[minecraft:worldgen/placed_feature / ancient_elements:crystalsproud]
[22Mar2026 23:33:55.707] [Worker-Main-1/ERROR] [net.minecraft.Util/]: Detected setBlock in a far chunk [9, 21], pos: MutableBlockPos{x=144, y=-15, z=345}, status: minecraft:features, currently generating: ResourceKey[minecraft:worldgen/placed_feature / ancient_elements:crystalsproud]
[22Mar2026 23:33:55.707] [Worker-Main-1/ERROR] [net.minecraft.Util/]: Detected setBlock in a far chunk [8, 22], pos: MutableBlockPos{x=135, y=10, z=354}, status: minecraft:features, currently generating: ResourceKey[minecraft:worldgen/placed_feature / ancient_elements:crystalsproud]
[22Mar2026 23:33:55.707] [Worker-Main-1/ERROR] [net.minecraft.Util/]: Detected setBlock in a far chunk [8, 22], pos: MutableBlockPos{x=134, y=13, z=352}, status: minecraft:features, currently generating: ResourceKey[minecraft:worldgen/placed_feature / ancient_elements:crystalsproud]
[22Mar2026 23:33:55.707] [Worker-Main-1/ERROR] [net.minecraft.Util/]: Detected setBlock in a far chunk [8, 22], pos: MutableBlockPos{x=135, y=17, z=352}, status: minecraft:features, currently generating: ResourceKey[minecraft:worldgen/placed_feature / ancient_elements:crystalsproud]
[22Mar2026 23:33:55.707] [Worker-Main-1/ERROR] [net.minecraft.Util/]: Detected setBlock in a far chunk [8, 22], pos: MutableBlockPos{x=132, y=11, z=352}, status: minecraft:features, currently generating: ResourceKey[minecraft:worldgen/placed_feature / ancient_elements:crystalsproud]
[22Mar2026 23:33:55.707] [Worker-Main-1/ERROR] [net.minecraft.Util/]: Detected setBlock in a far chunk [8, 22], pos: MutableBlockPos{x=139, y=-7, z=352}, status: minecraft:features, currently generating: ResourceKey[minecraft:worldgen/placed_feature / ancient_elements:crystalsproud]
[22Mar2026 23:33:55.707] [Worker-Main-1/ERROR] [net.minecraft.Util/]: Detected setBlock in a far chunk [9, 20], pos: MutableBlockPos{x=144, y=-5, z=335}, status: minecraft:features, currently generating: ResourceKey[minecraft:worldgen/placed_feature / ancient_elements:crystalsproud]
[22Mar2026 23:33:55.707] [Worker-Main-1/ERROR] [net.minecraft.Util/]: Detected setBlock in a far chunk [8, 22], pos: MutableBlockPos{x=137, y=-11, z=355}, status: minecraft:features, currently generating: ResourceKey[minecraft:worldgen/placed_feature / ancient_elements:crystalsproud]
[22Mar2026 23:33:55.707] [Worker-Main-1/ERROR] [net.minecraft.Util/]: Detected setBlock in a far chunk [7, 22], pos: MutableBlockPos{x=126, y=-7, z=352}, status: minecraft:features, currently generating: ResourceKey[minecraft:worldgen/placed_feature / ancient_elements:crystalsproud]
[22Mar2026 23:33:55.707] [Worker-Main-1/ERROR] [net.minecraft.Util/]: Detected setBlock in a far chunk [7, 22], pos: MutableBlockPos{x=127, y=-7, z=353}, status: minecraft:features, currently generating: ResourceKey[minecraft:worldgen/placed_feature / ancient_elements:crystalsproud]
[22Mar2026 23:33:55.707] [Worker-Main-1/ERROR] [net.minecraft.Util/]: Detected setBlock in a far chunk [7, 22], pos: MutableBlockPos{x=125, y=-3, z=352}, status: minecraft:features, currently generating: ResourceKey[minecraft:worldgen/placed_feature / ancient_elements:crystalsproud]
[22Mar2026 23:33:55.707] [Worker-Main-1/ERROR] [net.minecraft.Util/]: Detected setBlock in a far chunk [9, 21], pos: MutableBlockPos{x=145, y=-2, z=348}, status: minecraft:features, currently generating: ResourceKey[minecraft:worldgen/placed_feature / ancient_elements:crystalsproud]
[22Mar2026 23:33:55.707] [Worker-Main-1/ERROR] [net.minecraft.Util/]: Detected setBlock in a far chunk [8, 22], pos: MutableBlockPos{x=134, y=-6, z=356}, status: minecraft:features, currently generating: ResourceKey[minecraft:worldgen/placed_feature / ancient_elements:crystalsproud]
[22Mar2026 23:33:55.708] [Worker-Main-1/ERROR] [net.minecraft.Util/]: Detected setBlock in a far chunk [9, 21], pos: MutableBlockPos{x=145, y=-10, z=350}, status: minecraft:features, currently generating: ResourceKey[minecraft:worldgen/placed_feature / ancient_elements:crystalsproud]
[22Mar2026 23:33:55.708] [Worker-Main-1/ERROR] [net.minecraft.Util/]: Detected setBlock in a far chunk [8, 22], pos: MutableBlockPos{x=130, y=-7, z=354}, status: minecraft:features, currently generating: ResourceKey[minecraft:worldgen/placed_feature / ancient_elements:crystalsproud]
[22Mar2026 23:33:55.708] [Worker-Main-1/ERROR] [net.minecraft.Util/]: Detected setBlock in a far chunk [8, 22], pos: MutableBlockPos{x=139, y=-9, z=354}, status: minecraft:features, currently generating: ResourceKey[minecraft:worldgen/placed_feature / ancient_elements:crystalsproud]
[22Mar2026 23:33:55.708] [Worker-Main-1/ERROR] [net.minecraft.Util/]: Detected setBlock in a far chunk [8, 22], pos: MutableBlockPos{x=136, y=-5, z=353}, status: minecraft:features, currently generating: ResourceKey[minecraft:worldgen/placed_feature / ancient_elements:crystalsproud]
[22Mar2026 23:33:55.708] [Worker-Main-1/ERROR] [net.minecraft.Util/]: Detected setBlock in a far chunk [7, 22], pos: MutableBlockPos{x=126, y=-13, z=353}, status: minecraft:features, currently generating: ResourceKey[minecraft:worldgen/placed_feature / ancient_elements:crystalsproud]
[22Mar2026 23:33:55.708] [Worker-Main-1/ERROR] [net.minecraft.Util/]: Detected setBlock in a far chunk [8, 22], pos: MutableBlockPos{x=139, y=-11, z=353}, status: minecraft:features, currently generating: ResourceKey[minecraft:worldgen/placed_feature / ancient_elements:crystalsproud]
[22Mar2026 23:33:56.473] [Worker-Main-3/ERROR] [net.minecraft.Util/]: Detected setBlock in a far chunk [8, 30], pos: MutableBlockPos{x=129, y=22, z=482}, status: minecraft:features, currently generating: ResourceKey[minecraft:worldgen/placed_feature / ancient_elements:glow_bushfeature]
[22Mar2026 23:33:58.277] [Worker-Main-2/ERROR] [net.minecraft.Util/]: Detected setBlock in a far chunk [8, 19], pos: MutableBlockPos{x=128, y=58, z=305}, status: minecraft:features, currently generating: ResourceKey[minecraft:worldgen/placed_feature / ancient_elements:crystalsproud]
[22Mar2026 23:33:58.278] [Worker-Main-2/ERROR] [net.minecraft.Util/]: Detected setBlock in a far chunk [8, 19], pos: MutableBlockPos{x=129, y=63, z=310}, status: minecraft:features, currently generating: ResourceKey[minecraft:worldgen/placed_feature / ancient_elements:crystalsproud]
[22Mar2026 23:33:58.278] [Worker-Main-2/ERROR] [net.minecraft.Util/]: Detected setBlock in a far chunk [8, 19], pos: MutableBlockPos{x=128, y=56, z=314}, status: minecraft:features, currently generating: ResourceKey[minecraft:worldgen/placed_feature / ancient_elements:crystalsproud]
[22Mar2026 23:33:58.278] [Worker-Main-2/ERROR] [net.minecraft.Util/]: Detected setBlock in a far chunk [8, 20], pos: MutableBlockPos{x=129, y=58, z=320}, status: minecraft:features, currently generating: ResourceKey[minecraft:worldgen/placed_feature / ancient_elements:crystalsproud]
[22Mar2026 23:33:58.278] [Worker-Main-2/ERROR] [net.minecraft.Util/]: Detected setBlock in a far chunk [8, 19], pos: MutableBlockPos{x=128, y=67, z=306}, status: minecraft:features, currently generating: ResourceKey[minecraft:worldgen/placed_feature / ancient_elements:crystalsproud]
[22Mar2026 23:33:58.278] [Worker-Main-2/ERROR] [net.minecraft.Util/]: Detected setBlock in a far chunk [8, 19], pos: MutableBlockPos{x=132, y=68, z=319}, status: minecraft:features, currently generating: ResourceKey[minecraft:worldgen/placed_feature / ancient_elements:crystalsproud]
[22Mar2026 23:33:58.278] [Worker-Main-2/ERROR] [net.minecraft.Util/]: Detected setBlock in a far chunk [8, 19], pos: MutableBlockPos{x=128, y=60, z=305}, status: minecraft:features, currently generating: ResourceKey[minecraft:worldgen/placed_feature / ancient_elements:crystalsproud]
[22Mar2026 23:33:58.278] [Worker-Main-2/ERROR] [net.minecraft.Util/]: Detected setBlock in a far chunk [8, 19], pos: MutableBlockPos{x=128, y=66, z=312}, status: minecraft:features, currently generating: ResourceKey[minecraft:worldgen/placed_feature / ancient_elements:crystalsproud]
[22Mar2026 23:33:58.278] [Worker-Main-2/ERROR] [net.minecraft.Util/]: Detected setBlock in a far chunk [8, 19], pos: MutableBlockPos{x=131, y=59, z=317}, status: minecraft:features, currently generating: ResourceKey[minecraft:worldgen/placed_feature / ancient_elements:crystalsproud]
[22Mar2026 23:33:58.278] [Worker-Main-2/ERROR] [net.minecraft.Util/]: Detected setBlock in a far chunk [8, 19], pos: MutableBlockPos{x=128, y=60, z=312}, status: minecraft:features, currently generating: ResourceKey[minecraft:worldgen/placed_feature / ancient_elements:crystalsproud]
[22Mar2026 23:33:58.278] [Worker-Main-2/ERROR] [net.minecraft.Util/]: Detected setBlock in a far chunk [8, 19], pos: MutableBlockPos{x=130, y=63, z=315}, status: minecraft:features, currently generating: ResourceKey[minecraft:worldgen/placed_feature / ancient_elements:crystalsproud]
[22Mar2026 23:33:58.278] [Worker-Main-2/ERROR] [net.minecraft.Util/]: Detected setBlock in a far chunk [8, 19], pos: MutableBlockPos{x=131, y=58, z=313}, status: minecraft:features, currently generating: ResourceKey[minecraft:worldgen/placed_feature / ancient_elements:crystalsproud]
[22Mar2026 23:33:58.278] [Worker-Main-2/ERROR] [net.minecraft.Util/]: Detected setBlock in a far chunk [8, 19], pos: MutableBlockPos{x=128, y=58, z=312}, status: minecraft:features, currently generating: ResourceKey[minecraft:worldgen/placed_feature / ancient_elements:crystalsproud]
[22Mar2026 23:33:58.278] [Worker-Main-2/ERROR] [net.minecraft.Util/]: Detected setBlock in a far chunk [8, 19], pos: MutableBlockPos{x=135, y=67, z=312}, status: minecraft:features, currently generating: ResourceKey[minecraft:worldgen/placed_feature / ancient_elements:crystalsproud]
[22Mar2026 23:33:58.278] [Worker-Main-2/ERROR] [net.minecraft.Util/]: Detected setBlock in a far chunk [8, 19], pos: MutableBlockPos{x=130, y=61, z=306}, status: minecraft:features, currently generating: ResourceKey[minecraft:worldgen/placed_feature / ancient_elements:crystalsproud]
[22Mar2026 23:33:58.278] [Worker-Main-2/ERROR] [net.minecraft.Util/]: Detected setBlock in a far chunk [8, 19], pos: MutableBlockPos{x=134, y=67, z=312}, status: minecraft:features, currently generating: ResourceKey[minecraft:worldgen/placed_feature / ancient_elements:crystalsproud]
[22Mar2026 23:33:58.279] [Worker-Main-2/ERROR] [net.minecraft.Util/]: Detected setBlock in a far chunk [8, 19], pos: MutableBlockPos{x=130, y=57, z=308}, status: minecraft:features, currently generating: ResourceKey[minecraft:worldgen/placed_feature / ancient_elements:crystalsproud]
[22Mar2026 23:33:58.279] [Worker-Main-2/ERROR] [net.minecraft.Util/]: Detected setBlock in a far chunk [8, 19], pos: MutableBlockPos{x=132, y=59, z=310}, status: minecraft:features, currently generating: ResourceKey[minecraft:worldgen/placed_feature / ancient_elements:crystalsproud]
[22Mar2026 23:33:58.279] [Worker-Main-2/ERROR] [net.minecraft.Util/]: Detected setBlock in a far chunk [8, 19], pos: MutableBlockPos{x=136, y=60, z=310}, status: minecraft:features, currently generating: ResourceKey[minecraft:worldgen/placed_feature / ancient_elements:crystalsproud]
[22Mar2026 23:33:58.279] [Worker-Main-2/ERROR] [net.minecraft.Util/]: Detected setBlock in a far chunk [8, 19], pos: MutableBlockPos{x=135, y=65, z=304}, status: minecraft:features, currently generating: ResourceKey[minecraft:worldgen/placed_feature / ancient_elements:crystalsproud]
[22Mar2026 23:33:58.279] [Worker-Main-2/ERROR] [net.minecraft.Util/]: Detected setBlock in a far chunk [8, 19], pos: MutableBlockPos{x=128, y=64, z=314}, status: minecraft:features, currently generating: ResourceKey[minecraft:worldgen/placed_feature / ancient_elements:crystalsproud]
[22Mar2026 23:33:58.279] [Worker-Main-2/ERROR] [net.minecraft.Util/]: Detected setBlock in a far chunk [8, 19], pos: MutableBlockPos{x=128, y=67, z=308}, status: minecraft:features, currently generating: ResourceKey[minecraft:worldgen/placed_feature / ancient_elements:crystalsproud]
[22Mar2026 23:33:58.279] [Worker-Main-2/ERROR] [net.minecraft.Util/]: Detected setBlock in a far chunk [8, 19], pos: MutableBlockPos{x=133, y=64, z=313}, status: minecraft:features, currently generating: ResourceKey[minecraft:worldgen/placed_feature / ancient_elements:crystalsproud]
[22Mar2026 23:33:58.279] [Worker-Main-2/ERROR] [net.minecraft.Util/]: Detected setBlock in a far chunk [8, 19], pos: MutableBlockPos{x=128, y=64, z=311}, status: minecraft:features, currently generating: ResourceKey[minecraft:worldgen/placed_feature / ancient_elements:crystalsproud]
[22Mar2026 23:33:58.279] [Worker-Main-2/ERROR] [net.minecraft.Util/]: Detected setBlock in a far chunk [8, 19], pos: MutableBlockPos{x=128, y=67, z=314}, status: minecraft:features, currently generating: ResourceKey[minecraft:worldgen/placed_feature / ancient_elements:crystalsproud]
[22Mar2026 23:33:58.279] [Worker-Main-2/ERROR] [net.minecraft.Util/]: Detected setBlock in a far chunk [8, 19], pos: MutableBlockPos{x=130, y=63, z=312}, status: minecraft:features, currently generating: ResourceKey[minecraft:worldgen/placed_feature / ancient_elements:crystalsproud]
[22Mar2026 23:33:58.279] [Worker-Main-2/ERROR] [net.minecraft.Util/]: Detected setBlock in a far chunk [8, 19], pos: MutableBlockPos{x=129, y=64, z=311}, status: minecraft:features, currently generating: ResourceKey[minecraft:worldgen/placed_feature / ancient_elements:crystalsproud]
[22Mar2026 23:33:58.279] [Worker-Main-2/ERROR] [net.minecraft.Util/]: Detected setBlock in a far chunk [8, 19], pos: MutableBlockPos{x=131, y=60, z=306}, status: minecraft:features, currently generating: ResourceKey[minecraft:worldgen/placed_feature / ancient_elements:crystalsproud]
[22Mar2026 23:33:58.279] [Worker-Main-2/ERROR] [net.minecraft.Util/]: Detected setBlock in a far chunk [8, 19], pos: MutableBlockPos{x=128, y=65, z=309}, status: minecraft:features, currently generating: ResourceKey[minecraft:worldgen/placed_feature / ancient_elements:crystalsproud]
[22Mar2026 23:33:58.279] [Worker-Main-2/ERROR] [net.minecraft.Util/]: Detected setBlock in a far chunk [8, 19], pos: MutableBlockPos{x=128, y=58, z=317}, status: minecraft:features, currently generating: ResourceKey[minecraft:worldgen/placed_feature / ancient_elements:crystalsproud]
[22Mar2026 23:33:58.279] [Worker-Main-2/ERROR] [net.minecraft.Util/]: Detected setBlock in a far chunk [8, 19], pos: MutableBlockPos{x=135, y=65, z=311}, status: minecraft:features, currently generating: ResourceKey[minecraft:worldgen/placed_feature / ancient_elements:crystalsproud]
[22Mar2026 23:33:58.279] [Worker-Main-2/ERROR] [net.minecraft.Util/]: Detected setBlock in a far chunk [8, 20], pos: MutableBlockPos{x=132, y=56, z=321}, status: minecraft:features, currently generating: ResourceKey[minecraft:worldgen/placed_feature / ancient_elements:crystalsproud]
[22Mar2026 23:33:58.279] [Worker-Main-2/ERROR] [net.minecraft.Util/]: Detected setBlock in a far chunk [8, 19], pos: MutableBlockPos{x=129, y=58, z=313}, status: minecraft:features, currently generating: ResourceKey[minecraft:worldgen/placed_feature / ancient_elements:crystalsproud]
[22Mar2026 23:33:58.280] [Worker-Main-2/ERROR] [net.minecraft.Util/]: Detected setBlock in a far chunk [8, 20], pos: MutableBlockPos{x=135, y=64, z=321}, status: minecraft:features, currently generating: ResourceKey[minecraft:worldgen/placed_feature / ancient_elements:crystalsproud]
[22Mar2026 23:33:58.280] [Worker-Main-2/ERROR] [net.minecraft.Util/]: Detected setBlock in a far chunk [8, 19], pos: MutableBlockPos{x=133, y=63, z=311}, status: minecraft:features, currently generating: ResourceKey[minecraft:worldgen/placed_feature / ancient_elements:crystalsproud]
[22Mar2026 23:33:58.280] [Worker-Main-2/ERROR] [net.minecraft.Util/]: Detected setBlock in a far chunk [8, 19], pos: MutableBlockPos{x=128, y=66, z=317}, status: minecraft:features, currently generating: ResourceKey[minecraft:worldgen/placed_feature / ancient_elements:crystalsproud]
[22Mar2026 23:33:58.280] [Worker-Main-2/ERROR] [net.minecraft.Util/]: Detected setBlock in a far chunk [8, 20], pos: MutableBlockPos{x=133, y=63, z=321}, status: minecraft:features, currently generating: ResourceKey[minecraft:worldgen/placed_feature / ancient_elements:crystalsproud]
[22Mar2026 23:33:58.280] [Worker-Main-2/ERROR] [net.minecraft.Util/]: Detected setBlock in a far chunk [8, 20], pos: MutableBlockPos{x=131, y=65, z=327}, status: minecraft:features, currently generating: ResourceKey[minecraft:worldgen/placed_feature / ancient_elements:crystalsproud]
[22Mar2026 23:33:58.280] [Worker-Main-2/ERROR] [net.minecraft.Util/]: Detected setBlock in a far chunk [8, 20], pos: MutableBlockPos{x=131, y=64, z=323}, status: minecraft:features, currently generating: ResourceKey[minecraft:worldgen/placed_feature / ancient_elements:crystalsproud]
[22Mar2026 23:33:58.280] [Worker-Main-2/ERROR] [net.minecraft.Util/]: Detected setBlock in a far chunk [8, 19], pos: MutableBlockPos{x=129, y=59, z=314}, status: minecraft:features, currently generating: ResourceKey[minecraft:worldgen/placed_feature / ancient_elements:crystalsproud]
[22Mar2026 23:33:58.280] [Worker-Main-2/ERROR] [net.minecraft.Util/]: Detected setBlock in a far chunk [8, 19], pos: MutableBlockPos{x=131, y=63, z=317}, status: minecraft:features, currently generating: ResourceKey[minecraft:worldgen/placed_feature / ancient_elements:crystalsproud]
[22Mar2026 23:33:58.280] [Worker-Main-2/ERROR] [net.minecraft.Util/]: Detected setBlock in a far chunk [8, 20], pos: MutableBlockPos{x=129, y=66, z=321}, status: minecraft:features, currently generating: ResourceKey[minecraft:worldgen/placed_feature / ancient_elements:crystalsproud]
[22Mar2026 23:33:58.280] [Worker-Main-2/ERROR] [net.minecraft.Util/]: Detected setBlock in a far chunk [8, 20], pos: MutableBlockPos{x=128, y=65, z=324}, status: minecraft:features, currently generating: ResourceKey[minecraft:worldgen/placed_feature / ancient_elements:crystalsproud]
[22Mar2026 23:33:58.280] [Worker-Main-2/ERROR] [net.minecraft.Util/]: Detected setBlock in a far chunk [8, 20], pos: MutableBlockPos{x=131, y=63, z=329}, status: minecraft:features, currently generating: ResourceKey[minecraft:worldgen/placed_feature / ancient_elements:crystalsproud]
[22Mar2026 23:33:58.280] [Worker-Main-2/ERROR] [net.minecraft.Util/]: Detected setBlock in a far chunk [8, 19], pos: MutableBlockPos{x=129, y=65, z=312}, status: minecraft:features, currently generating: ResourceKey[minecraft:worldgen/placed_feature / ancient_elements:crystalsproud]
[22Mar2026 23:33:58.280] [Worker-Main-2/ERROR] [net.minecraft.Util/]: Detected setBlock in a far chunk [8, 20], pos: MutableBlockPos{x=128, y=63, z=333}, status: minecraft:features, currently generating: ResourceKey[minecraft:worldgen/placed_feature / ancient_elements:crystalsproud]
[22Mar2026 23:33:58.280] [Worker-Main-2/ERROR] [net.minecraft.Util/]: Detected setBlock in a far chunk [8, 19], pos: MutableBlockPos{x=130, y=60, z=315}, status: minecraft:features, currently generating: ResourceKey[minecraft:worldgen/placed_feature / ancient_elements:crystalsproud]
[22Mar2026 23:33:58.280] [Worker-Main-2/ERROR] [net.minecraft.Util/]: Detected setBlock in a far chunk [8, 19], pos: MutableBlockPos{x=128, y=60, z=319}, status: minecraft:features, currently generating: ResourceKey[minecraft:worldgen/placed_feature / ancient_elements:crystalsproud]
[22Mar2026 23:33:58.280] [Worker-Main-2/ERROR] [net.minecraft.Util/]: Detected setBlock in a far chunk [8, 20], pos: MutableBlockPos{x=128, y=57, z=322}, status: minecraft:features, currently generating: ResourceKey[minecraft:worldgen/placed_feature / ancient_elements:crystalsproud]
[22Mar2026 23:33:58.280] [Worker-Main-2/ERROR] [net.minecraft.Util/]: Detected setBlock in a far chunk [8, 20], pos: MutableBlockPos{x=131, y=58, z=320}, status: minecraft:features, currently generating: ResourceKey[minecraft:worldgen/placed_feature / ancient_elements:crystalsproud]
[22Mar2026 23:33:58.280] [Worker-Main-2/ERROR] [net.minecraft.Util/]: Detected setBlock in a far chunk [8, 19], pos: MutableBlockPos{x=131, y=58, z=306}, status: minecraft:features, currently generating: ResourceKey[minecraft:worldgen/placed_feature / ancient_elements:crystalsproud]
[22Mar2026 23:33:58.281] [Worker-Main-2/ERROR] [net.minecraft.Util/]: Detected setBlock in a far chunk [8, 19], pos: MutableBlockPos{x=131, y=56, z=307}, status: minecraft:features, currently generating: ResourceKey[minecraft:worldgen/placed_feature / ancient_elements:crystalsproud]
[22Mar2026 23:33:58.281] [Worker-Main-2/ERROR] [net.minecraft.Util/]: Detected setBlock in a far chunk [8, 19], pos: MutableBlockPos{x=129, y=55, z=319}, status: minecraft:features, currently generating: ResourceKey[minecraft:worldgen/placed_feature / ancient_elements:crystalsproud]
[22Mar2026 23:33:58.281] [Worker-Main-2/ERROR] [net.minecraft.Util/]: Detected setBlock in a far chunk [8, 20], pos: MutableBlockPos{x=131, y=56, z=320}, status: minecraft:features, currently generating: ResourceKey[minecraft:worldgen/placed_feature / ancient_elements:crystalsproud]
[22Mar2026 23:33:58.281] [Worker-Main-2/ERROR] [net.minecraft.Util/]: Detected setBlock in a far chunk [8, 19], pos: MutableBlockPos{x=128, y=55, z=317}, status: minecraft:features, currently generating: ResourceKey[minecraft:worldgen/placed_feature / ancient_elements:crystalsproud]
[22Mar2026 23:33:58.281] [Worker-Main-2/ERROR] [net.minecraft.Util/]: Detected setBlock in a far chunk [8, 19], pos: MutableBlockPos{x=128, y=52, z=304}, status: minecraft:features, currently generating: ResourceKey[minecraft:worldgen/placed_feature / ancient_elements:crystalsproud]
[22Mar2026 23:33:58.281] [Worker-Main-2/ERROR] [net.minecraft.Util/]: Detected setBlock in a far chunk [8, 19], pos: MutableBlockPos{x=128, y=56, z=317}, status: minecraft:features, currently generating: ResourceKey[minecraft:worldgen/placed_feature / ancient_elements:crystalsproud]
[22Mar2026 23:33:58.281] [Worker-Main-2/ERROR] [net.minecraft.Util/]: Detected setBlock in a far chunk [8, 18], pos: MutableBlockPos{x=129, y=59, z=301}, status: minecraft:features, currently generating: ResourceKey[minecraft:worldgen/placed_feature / ancient_elements:crystalsproud]
[22Mar2026 23:33:58.281] [Worker-Main-2/ERROR] [net.minecraft.Util/]: Detected setBlock in a far chunk [8, 19], pos: MutableBlockPos{x=128, y=57, z=312}, status: minecraft:features, currently generating: ResourceKey[minecraft:worldgen/placed_feature / ancient_elements:crystalsproud]
[22Mar2026 23:34:03.091] [Worker-Main-2/ERROR] [net.minecraft.Util/]: Detected setBlock in a far chunk [8, 19], pos: MutableBlockPos{x=129, y=55, z=314}, status: minecraft:features, currently generating: ResourceKey[minecraft:worldgen/placed_feature / ancient_elements:crystalsproud]
[22Mar2026 23:34:03.092] [Worker-Main-2/ERROR] [net.minecraft.Util/]: Detected setBlock in a far chunk [8, 19], pos: MutableBlockPos{x=129, y=56, z=313}, status: minecraft:features, currently generating: ResourceKey[minecraft:worldgen/placed_feature / ancient_elements:crystalsproud]
[22Mar2026 23:34:03.093] [Worker-Main-2/ERROR] [net.minecraft.Util/]: Detected setBlock in a far chunk [8, 19], pos: MutableBlockPos{x=131, y=54, z=305}, status: minecraft:features, currently generating: ResourceKey[minecraft:worldgen/placed_feature / ancient_elements:crystalsproud]
[22Mar2026 23:34:03.093] [Worker-Main-2/ERROR] [net.minecraft.Util/]: Detected setBlock in a far chunk [8, 19], pos: MutableBlockPos{x=128, y=26, z=312}, status: minecraft:features, currently generating: ResourceKey[minecraft:worldgen/placed_feature / ancient_elements:crystalsproud]
[22Mar2026 23:34:03.093] [Worker-Main-2/ERROR] [net.minecraft.Util/]: Detected setBlock in a far chunk [8, 19], pos: MutableBlockPos{x=130, y=26, z=317}, status: minecraft:features, currently generating: ResourceKey[minecraft:worldgen/placed_feature / ancient_elements:crystalsproud]
[22Mar2026 23:34:03.094] [Worker-Main-2/ERROR] [net.minecraft.Util/]: Detected setBlock in a far chunk [8, 19], pos: MutableBlockPos{x=129, y=26, z=314}, status: minecraft:features, currently generating: ResourceKey[minecraft:worldgen/placed_feature / ancient_elements:crystalsproud]
[22Mar2026 23:34:03.094] [Worker-Main-2/ERROR] [net.minecraft.Util/]: Detected setBlock in a far chunk [8, 20], pos: MutableBlockPos{x=133, y=21, z=327}, status: minecraft:features, currently generating: ResourceKey[minecraft:worldgen/placed_feature / ancient_elements:crystalsproud]
[22Mar2026 23:34:03.094] [Worker-Main-2/ERROR] [net.minecraft.Util/]: Detected setBlock in a far chunk [8, 20], pos: MutableBlockPos{x=130, y=27, z=330}, status: minecraft:features, currently generating: ResourceKey[minecraft:worldgen/placed_feature / ancient_elements:crystalsproud]
[22Mar2026 23:34:03.094] [Worker-Main-2/ERROR] [net.minecraft.Util/]: Detected setBlock in a far chunk [8, 20], pos: MutableBlockPos{x=129, y=21, z=323}, status: minecraft:features, currently generating: ResourceKey[minecraft:worldgen/placed_feature / ancient_elements:crystalsproud]
[22Mar2026 23:34:03.094] [Worker-Main-2/ERROR] [net.minecraft.Util/]: Detected setBlock in a far chunk [8, 19], pos: MutableBlockPos{x=131, y=24, z=319}, status: minecraft:features, currently generating: ResourceKey[minecraft:worldgen/placed_feature / ancient_elements:crystalsproud]
[22Mar2026 23:34:03.094] [Worker-Main-2/ERROR] [net.minecraft.Util/]: Detected setBlock in a far chunk [8, 19], pos: MutableBlockPos{x=131, y=25, z=319}, status: minecraft:features, currently generating: ResourceKey[minecraft:worldgen/placed_feature / ancient_elements:crystalsproud]
[22Mar2026 23:34:03.094] [Worker-Main-2/ERROR] [net.minecraft.Util/]: Detected setBlock in a far chunk [8, 20], pos: MutableBlockPos{x=129, y=28, z=321}, status: minecraft:features, currently generating: ResourceKey[minecraft:worldgen/placed_feature / ancient_elements:crystalsproud]
[22Mar2026 23:34:03.094] [Worker-Main-2/ERROR] [net.minecraft.Util/]: Detected setBlock in a far chunk [8, 20], pos: MutableBlockPos{x=129, y=24, z=323}, status: minecraft:features, currently generating: ResourceKey[minecraft:worldgen/placed_feature / ancient_elements:crystalsproud]
[22Mar2026 23:34:03.094] [Worker-Main-2/ERROR] [net.minecraft.Util/]: Detected setBlock in a far chunk [8, 19], pos: MutableBlockPos{x=129, y=25, z=318}, status: minecraft:features, currently generating: ResourceKey[minecraft:worldgen/placed_feature / ancient_elements:crystalsproud]
[22Mar2026 23:34:03.094] [Worker-Main-2/ERROR] [net.minecraft.Util/]: Detected setBlock in a far chunk [8, 19], pos: MutableBlockPos{x=129, y=21, z=319}, status: minecraft:features, currently generating: ResourceKey[minecraft:worldgen/placed_feature / ancient_elements:crystalsproud]
[22Mar2026 23:34:03.094] [Worker-Main-2/ERROR] [net.minecraft.Util/]: Detected setBlock in a far chunk [8, 20], pos: MutableBlockPos{x=131, y=39, z=325}, status: minecraft:features, currently generating: ResourceKey[minecraft:worldgen/placed_feature / ancient_elements:crystalsproud]
[22Mar2026 23:34:03.094] [Worker-Main-2/ERROR] [net.minecraft.Util/]: Detected setBlock in a far chunk [8, 20], pos: MutableBlockPos{x=129, y=36, z=325}, status: minecraft:features, currently generating: ResourceKey[minecraft:worldgen/placed_feature / ancient_elements:crystalsproud]
[22Mar2026 23:34:03.094] [Worker-Main-2/ERROR] [net.minecraft.Util/]: Detected setBlock in a far chunk [8, 20], pos: MutableBlockPos{x=128, y=37, z=324}, status: minecraft:features, currently generating: ResourceKey[minecraft:worldgen/placed_feature / ancient_elements:crystalsproud]
[22Mar2026 23:34:03.094] [Worker-Main-2/ERROR] [net.minecraft.Util/]: Detected setBlock in a far chunk [8, 21], pos: MutableBlockPos{x=130, y=35, z=337}, status: minecraft:features, currently generating: ResourceKey[minecraft:worldgen/placed_feature / ancient_elements:crystalsproud]
[22Mar2026 23:34:03.094] [Worker-Main-2/ERROR] [net.minecraft.Util/]: Detected setBlock in a far chunk [6, 21], pos: MutableBlockPos{x=111, y=41, z=336}, status: minecraft:features, currently generating: ResourceKey[minecraft:worldgen/placed_feature / ancient_elements:crystalsproud]
[22Mar2026 23:34:03.094] [Worker-Main-2/ERROR] [net.minecraft.Util/]: Detected setBlock in a far chunk [8, 20], pos: MutableBlockPos{x=129, y=41, z=330}, status: minecraft:features, currently generating: ResourceKey[minecraft:worldgen/placed_feature / ancient_elements:crystalsproud]
[22Mar2026 23:34:03.094] [Worker-Main-2/ERROR] [net.minecraft.Util/]: Detected setBlock in a far chunk [8, 20], pos: MutableBlockPos{x=128, y=35, z=334}, status: minecraft:features, currently generating: ResourceKey[minecraft:worldgen/placed_feature / ancient_elements:crystalsproud]
[22Mar2026 23:34:03.094] [Worker-Main-2/ERROR] [net.minecraft.Util/]: Detected setBlock in a far chunk [7, 21], pos: MutableBlockPos{x=123, y=39, z=337}, status: minecraft:features, currently generating: ResourceKey[minecraft:worldgen/placed_feature / ancient_elements:crystalsproud]
[22Mar2026 23:34:03.094] [Worker-Main-2/ERROR] [net.minecraft.Util/]: Detected setBlock in a far chunk [8, 20], pos: MutableBlockPos{x=128, y=34, z=324}, status: minecraft:features, currently generating: ResourceKey[minecraft:worldgen/placed_feature / ancient_elements:crystalsproud]
[22Mar2026 23:34:03.094] [Worker-Main-2/ERROR] [net.minecraft.Util/]: Detected setBlock in a far chunk [7, 21], pos: MutableBlockPos{x=125, y=39, z=336}, status: minecraft:features, currently generating: ResourceKey[minecraft:worldgen/placed_feature / ancient_elements:crystalsproud]
[22Mar2026 23:34:03.095] [Worker-Main-2/ERROR] [net.minecraft.Util/]: Detected setBlock in a far chunk [8, 20], pos: MutableBlockPos{x=130, y=35, z=330}, status: minecraft:features, currently generating: ResourceKey[minecraft:worldgen/placed_feature / ancient_elements:crystalsproud]
[22Mar2026 23:34:03.095] [Worker-Main-2/ERROR] [net.minecraft.Util/]: Detected setBlock in a far chunk [7, 21], pos: MutableBlockPos{x=121, y=39, z=336}, status: minecraft:features, currently generating: ResourceKey[minecraft:worldgen/placed_feature / ancient_elements:crystalsproud]
[22Mar2026 23:34:03.095] [Worker-Main-2/ERROR] [net.minecraft.Util/]: Detected setBlock in a far chunk [8, 20], pos: MutableBlockPos{x=129, y=36, z=332}, status: minecraft:features, currently generating: ResourceKey[minecraft:worldgen/placed_feature / ancient_elements:crystalsproud]
[22Mar2026 23:34:03.095] [Worker-Main-2/ERROR] [net.minecraft.Util/]: Detected setBlock in a far chunk [8, 20], pos: MutableBlockPos{x=128, y=38, z=322}, status: minecraft:features, currently generating: ResourceKey[minecraft:worldgen/placed_feature / ancient_elements:crystalsproud]
[22Mar2026 23:34:03.095] [Worker-Main-2/ERROR] [net.minecraft.Util/]: Detected setBlock in a far chunk [8, 20], pos: MutableBlockPos{x=129, y=36, z=335}, status: minecraft:features, currently generating: ResourceKey[minecraft:worldgen/placed_feature / ancient_elements:crystalsproud]
[22Mar2026 23:34:03.095] [Worker-Main-2/ERROR] [net.minecraft.Util/]: Detected setBlock in a far chunk [8, 20], pos: MutableBlockPos{x=129, y=40, z=333}, status: minecraft:features, currently generating: ResourceKey[minecraft:worldgen/placed_feature / ancient_elements:crystalsproud]
[22Mar2026 23:34:03.095] [Worker-Main-2/ERROR] [net.minecraft.Util/]: Detected setBlock in a far chunk [8, 19], pos: MutableBlockPos{x=128, y=35, z=318}, status: minecraft:features, currently generating: ResourceKey[minecraft:worldgen/placed_feature / ancient_elements:crystalsproud]
[22Mar2026 23:34:03.095] [Worker-Main-2/ERROR] [net.minecraft.Util/]: Detected setBlock in a far chunk [8, 20], pos: MutableBlockPos{x=133, y=37, z=325}, status: minecraft:features, currently generating: ResourceKey[minecraft:worldgen/placed_feature / ancient_elements:crystalsproud]
[22Mar2026 23:34:03.095] [Worker-Main-2/ERROR] [net.minecraft.Util/]: Detected setBlock in a far chunk [8, 20], pos: MutableBlockPos{x=131, y=35, z=329}, status: minecraft:features, currently generating: ResourceKey[minecraft:worldgen/placed_feature / ancient_elements:crystalsproud]
[22Mar2026 23:34:03.095] [Worker-Main-2/ERROR] [net.minecraft.Util/]: Detected setBlock in a far chunk [8, 20], pos: MutableBlockPos{x=128, y=28, z=320}, status: minecraft:features, currently generating: ResourceKey[minecraft:worldgen/placed_feature / ancient_elements:crystalsproud]
[22Mar2026 23:34:03.095] [Worker-Main-2/ERROR] [net.minecraft.Util/]: Detected setBlock in a far chunk [8, 19], pos: MutableBlockPos{x=130, y=25, z=317}, status: minecraft:features, currently generating: ResourceKey[minecraft:worldgen/placed_feature / ancient_elements:crystalsproud]
[22Mar2026 23:34:03.095] [Worker-Main-2/ERROR] [net.minecraft.Util/]: Detected setBlock in a far chunk [8, 20], pos: MutableBlockPos{x=131, y=24, z=326}, status: minecraft:features, currently generating: ResourceKey[minecraft:worldgen/placed_feature / ancient_elements:crystalsproud]
[22Mar2026 23:34:03.095] [Worker-Main-2/ERROR] [net.minecraft.Util/]: Detected setBlock in a far chunk [8, 20], pos: MutableBlockPos{x=128, y=25, z=324}, status: minecraft:features, currently generating: ResourceKey[minecraft:worldgen/placed_feature / ancient_elements:crystalsproud]
[22Mar2026 23:34:03.095] [Worker-Main-2/ERROR] [net.minecraft.Util/]: Detected setBlock in a far chunk [8, 20], pos: MutableBlockPos{x=132, y=26, z=326}, status: minecraft:features, currently generating: ResourceKey[minecraft:worldgen/placed_feature / ancient_elements:crystalsproud]
[22Mar2026 23:34:03.096] [Worker-Main-2/ERROR] [net.minecraft.Util/]: Detected setBlock in a far chunk [8, 19], pos: MutableBlockPos{x=131, y=25, z=316}, status: minecraft:features, currently generating: ResourceKey[minecraft:worldgen/placed_feature / ancient_elements:crystalsproud]
[22Mar2026 23:34:03.096] [Worker-Main-2/ERROR] [net.minecraft.Util/]: Detected setBlock in a far chunk [8, 20], pos: MutableBlockPos{x=130, y=29, z=329}, status: minecraft:features, currently generating: ResourceKey[minecraft:worldgen/placed_feature / ancient_elements:crystalsproud]
[22Mar2026 23:34:03.096] [Worker-Main-2/ERROR] [net.minecraft.Util/]: Detected setBlock in a far chunk [8, 20], pos: MutableBlockPos{x=129, y=25, z=323}, status: minecraft:features, currently generating: ResourceKey[minecraft:worldgen/placed_feature / ancient_elements:crystalsproud]
[22Mar2026 23:34:03.096] [Worker-Main-2/ERROR] [net.minecraft.Util/]: Detected setBlock in a far chunk [8, 20], pos: MutableBlockPos{x=131, y=24, z=328}, status: minecraft:features, currently generating: ResourceKey[minecraft:worldgen/placed_feature / ancient_elements:crystalsproud]
[22Mar2026 23:34:03.096] [Worker-Main-2/ERROR] [net.minecraft.Util/]: Detected setBlock in a far chunk [8, 20], pos: MutableBlockPos{x=132, y=27, z=321}, status: minecraft:features, currently generating: ResourceKey[minecraft:worldgen/placed_feature / ancient_elements:crystalsproud]
[22Mar2026 23:34:03.096] [Worker-Main-2/ERROR] [net.minecraft.Util/]: Detected setBlock in a far chunk [8, 20], pos: MutableBlockPos{x=128, y=23, z=324}, status: minecraft:features, currently generating: ResourceKey[minecraft:worldgen/placed_feature / ancient_elements:crystalsproud]
[22Mar2026 23:34:03.096] [Worker-Main-2/ERROR] [net.minecraft.Util/]: Detected setBlock in a far chunk [8, 19], pos: MutableBlockPos{x=133, y=25, z=316}, status: minecraft:features, currently generating: ResourceKey[minecraft:worldgen/placed_feature / ancient_elements:crystalsproud]
[22Mar2026 23:34:03.096] [Worker-Main-2/ERROR] [net.minecraft.Util/]: Detected setBlock in a far chunk [8, 20], pos: MutableBlockPos{x=129, y=24, z=327}, status: minecraft:features, currently generating: ResourceKey[minecraft:worldgen/placed_feature / ancient_elements:crystalsproud]
[22Mar2026 23:34:03.096] [Worker-Main-2/ERROR] [net.minecraft.Util/]: Detected setBlock in a far chunk [8, 19], pos: MutableBlockPos{x=129, y=24, z=314}, status: minecraft:features, currently generating: ResourceKey[minecraft:worldgen/placed_feature / ancient_elements:crystalsproud]
[22Mar2026 23:34:03.096] [Worker-Main-2/ERROR] [net.minecraft.Util/]: Detected setBlock in a far chunk [8, 19], pos: MutableBlockPos{x=136, y=23, z=306}, status: minecraft:features, currently generating: ResourceKey[minecraft:worldgen/placed_feature / ancient_elements:crystalsproud]
[22Mar2026 23:34:03.096] [Worker-Main-2/ERROR] [net.minecraft.Util/]: Detected setBlock in a far chunk [8, 18], pos: MutableBlockPos{x=134, y=20, z=303}, status: minecraft:features, currently generating: ResourceKey[minecraft:worldgen/placed_feature / ancient_elements:crystalsproud]
[22Mar2026 23:34:03.097] [Worker-Main-2/ERROR] [net.minecraft.Util/]: Detected setBlock in a far chunk [8, 18], pos: MutableBlockPos{x=128, y=21, z=302}, status: minecraft:features, currently generating: ResourceKey[minecraft:worldgen/placed_feature / ancient_elements:crystalsproud]
[22Mar2026 23:34:03.097] [Worker-Main-2/ERROR] [net.minecraft.Util/]: Detected setBlock in a far chunk [8, 19], pos: MutableBlockPos{x=134, y=24, z=313}, status: minecraft:features, currently generating: ResourceKey[minecraft:worldgen/placed_feature / ancient_elements:crystalsproud]
[22Mar2026 23:34:03.097] [Worker-Main-2/ERROR] [net.minecraft.Util/]: Detected setBlock in a far chunk [8, 19], pos: MutableBlockPos{x=133, y=19, z=319}, status: minecraft:features, currently generating: ResourceKey[minecraft:worldgen/placed_feature / ancient_elements:crystalsproud]
[22Mar2026 23:34:03.097] [Worker-Main-2/ERROR] [net.minecraft.Util/]: Detected setBlock in a far chunk [8, 19], pos: MutableBlockPos{x=132, y=18, z=315}, status: minecraft:features, currently generating: ResourceKey[minecraft:worldgen/placed_feature / ancient_elements:crystalsproud]
[22Mar2026 23:34:03.097] [Worker-Main-2/ERROR] [net.minecraft.Util/]: Detected setBlock in a far chunk [8, 19], pos: MutableBlockPos{x=128, y=17, z=311}, status: minecraft:features, currently generating: ResourceKey[minecraft:worldgen/placed_feature / ancient_elements:crystalsproud]
[22Mar2026 23:34:03.097] [Worker-Main-2/ERROR] [net.minecraft.Util/]: Detected setBlock in a far chunk [8, 18], pos: MutableBlockPos{x=129, y=23, z=302}, status: minecraft:features, currently generating: ResourceKey[minecraft:worldgen/placed_feature / ancient_elements:crystalsproud]
[22Mar2026 23:34:03.097] [Worker-Main-2/ERROR] [net.minecraft.Util/]: Detected setBlock in a far chunk [8, 19], pos: MutableBlockPos{x=130, y=16, z=311}, status: minecraft:features, currently generating: ResourceKey[minecraft:worldgen/placed_feature / ancient_elements:crystalsproud]
[22Mar2026 23:34:03.097] [Worker-Main-2/ERROR] [net.minecraft.Util/]: Detected setBlock in a far chunk [8, 19], pos: MutableBlockPos{x=128, y=18, z=318}, status: minecraft:features, currently generating: ResourceKey[minecraft:worldgen/placed_feature / ancient_elements:crystalsproud]
[22Mar2026 23:34:03.097] [Worker-Main-2/ERROR] [net.minecraft.Util/]: Detected setBlock in a far chunk [8, 19], pos: MutableBlockPos{x=130, y=20, z=306}, status: minecraft:features, currently generating: ResourceKey[minecraft:worldgen/placed_feature / ancient_elements:crystalsproud]
[22Mar2026 23:34:03.097] [Worker-Main-2/ERROR] [net.minecraft.Util/]: Detected setBlock in a far chunk [8, 19], pos: MutableBlockPos{x=135, y=26, z=312}, status: minecraft:features, currently generating: ResourceKey[minecraft:worldgen/placed_feature / ancient_elements:crystalsproud]
[22Mar2026 23:34:03.097] [Worker-Main-2/ERROR] [net.minecraft.Util/]: Detected setBlock in a far chunk [8, 19], pos: MutableBlockPos{x=130, y=22, z=317}, status: minecraft:features, currently generating: ResourceKey[minecraft:worldgen/placed_feature / ancient_elements:crystalsproud]
[22Mar2026 23:34:03.097] [Worker-Main-2/ERROR] [net.minecraft.Util/]: Detected setBlock in a far chunk [8, 18], pos: MutableBlockPos{x=134, y=18, z=303}, status: minecraft:features, currently generating: ResourceKey[minecraft:worldgen/placed_feature / ancient_elements:crystalsproud]
[22Mar2026 23:34:03.098] [Worker-Main-2/ERROR] [net.minecraft.Util/]: Detected setBlock in a far chunk [8, 19], pos: MutableBlockPos{x=130, y=22, z=307}, status: minecraft:features, currently generating: ResourceKey[minecraft:worldgen/placed_feature / ancient_elements:crystalsproud]
[22Mar2026 23:34:03.098] [Worker-Main-2/ERROR] [net.minecraft.Util/]: Detected setBlock in a far chunk [8, 19], pos: MutableBlockPos{x=128, y=19, z=317}, status: minecraft:features, currently generating: ResourceKey[minecraft:worldgen/placed_feature / ancient_elements:crystalsproud]
[22Mar2026 23:34:03.098] [Worker-Main-2/ERROR] [net.minecraft.Util/]: Detected setBlock in a far chunk [8, 19], pos: MutableBlockPos{x=131, y=9, z=315}, status: minecraft:features, currently generating: ResourceKey[minecraft:worldgen/placed_feature / ancient_elements:crystalsproud]
[22Mar2026 23:34:03.098] [Worker-Main-2/ERROR] [net.minecraft.Util/]: Detected setBlock in a far chunk [8, 20], pos: MutableBlockPos{x=128, y=9, z=320}, status: minecraft:features, currently generating: ResourceKey[minecraft:worldgen/placed_feature / ancient_elements:crystalsproud]
[22Mar2026 23:34:03.098] [Worker-Main-2/ERROR] [net.minecraft.Util/]: Detected setBlock in a far chunk [8, 19], pos: MutableBlockPos{x=131, y=8, z=307}, status: minecraft:features, currently generating: ResourceKey[minecraft:worldgen/placed_feature / ancient_elements:crystalsproud]
[22Mar2026 23:34:03.098] [Worker-Main-2/ERROR] [net.minecraft.Util/]: Detected setBlock in a far chunk [8, 19], pos: MutableBlockPos{x=132, y=4, z=314}, status: minecraft:features, currently generating: ResourceKey[minecraft:worldgen/placed_feature / ancient_elements:crystalsproud]
[22Mar2026 23:34:03.098] [Worker-Main-2/ERROR] [net.minecraft.Util/]: Detected setBlock in a far chunk [8, 19], pos: MutableBlockPos{x=128, y=7, z=318}, status: minecraft:features, currently generating: ResourceKey[minecraft:worldgen/placed_feature / ancient_elements:crystalsproud]
[22Mar2026 23:34:03.098] [Worker-Main-2/ERROR] [net.minecraft.Util/]: Detected setBlock in a far chunk [8, 20], pos: MutableBlockPos{x=130, y=11, z=321}, status: minecraft:features, currently generating: ResourceKey[minecraft:worldgen/placed_feature / ancient_elements:crystalsproud]
[22Mar2026 23:34:03.098] [Worker-Main-2/ERROR] [net.minecraft.Util/]: Detected setBlock in a far chunk [8, 19], pos: MutableBlockPos{x=134, y=10, z=313}, status: minecraft:features, currently generating: ResourceKey[minecraft:worldgen/placed_feature / ancient_elements:crystalsproud]
[22Mar2026 23:34:03.098] [Worker-Main-2/ERROR] [net.minecraft.Util/]: Detected setBlock in a far chunk [8, 19], pos: MutableBlockPos{x=133, y=10, z=317}, status: minecraft:features, currently generating: ResourceKey[minecraft:worldgen/placed_feature / ancient_elements:crystalsproud]
[22Mar2026 23:34:03.098] [Worker-Main-2/ERROR] [net.minecraft.Util/]: Detected setBlock in a far chunk [8, 20], pos: MutableBlockPos{x=131, y=12, z=323}, status: minecraft:features, currently generating: ResourceKey[minecraft:worldgen/placed_feature / ancient_elements:crystalsproud]
[22Mar2026 23:34:03.098] [Worker-Main-2/ERROR] [net.minecraft.Util/]: Detected setBlock in a far chunk [8, 19], pos: MutableBlockPos{x=130, y=7, z=306}, status: minecraft:features, currently generating: ResourceKey[minecraft:worldgen/placed_feature / ancient_elements:crystalsproud]
[22Mar2026 23:34:03.099] [Worker-Main-2/ERROR] [net.minecraft.Util/]: Detected setBlock in a far chunk [8, 20], pos: MutableBlockPos{x=133, y=7, z=324}, status: minecraft:features, currently generating: ResourceKey[minecraft:worldgen/placed_feature / ancient_elements:crystalsproud]
[22Mar2026 23:34:03.099] [Worker-Main-2/ERROR] [net.minecraft.Util/]: Detected setBlock in a far chunk [8, 19], pos: MutableBlockPos{x=131, y=8, z=307}, status: minecraft:features, currently generating: ResourceKey[minecraft:worldgen/placed_feature / ancient_elements:crystalsproud]
[22Mar2026 23:34:03.099] [Worker-Main-2/ERROR] [net.minecraft.Util/]: Detected setBlock in a far chunk [8, 19], pos: MutableBlockPos{x=132, y=8, z=306}, status: minecraft:features, currently generating: ResourceKey[minecraft:worldgen/placed_feature / ancient_elements:crystalsproud]
[22Mar2026 23:34:03.099] [Worker-Main-2/ERROR] [net.minecraft.Util/]: Detected setBlock in a far chunk [8, 19], pos: MutableBlockPos{x=129, y=9, z=311}, status: minecraft:features, currently generating: ResourceKey[minecraft:worldgen/placed_feature / ancient_elements:crystalsproud]
[22Mar2026 23:34:03.102] [Worker-Main-2/ERROR] [net.minecraft.Util/]: Detected setBlock in a far chunk [7, 21], pos: MutableBlockPos{x=117, y=22, z=336}, status: minecraft:features, currently generating: ResourceKey[minecraft:worldgen/placed_feature / ancient_elements:crystalsproud]
[22Mar2026 23:34:03.102] [Worker-Main-2/ERROR] [net.minecraft.Util/]: Detected setBlock in a far chunk [7, 21], pos: MutableBlockPos{x=119, y=24, z=336}, status: minecraft:features, currently generating: ResourceKey[minecraft:worldgen/placed_feature / ancient_elements:crystalsproud]
[22Mar2026 23:34:03.102] [Worker-Main-2/ERROR] [net.minecraft.Util/]: Detected setBlock in a far chunk [7, 21], pos: MutableBlockPos{x=121, y=26, z=337}, status: minecraft:features, currently generating: ResourceKey[minecraft:worldgen/placed_feature / ancient_elements:crystalsproud]
[22Mar2026 23:34:03.102] [Worker-Main-2/ERROR] [net.minecraft.Util/]: Detected setBlock in a far chunk [7, 21], pos: MutableBlockPos{x=124, y=22, z=338}, status: minecraft:features, currently generating: ResourceKey[minecraft:worldgen/placed_feature / ancient_elements:crystalsproud]
[22Mar2026 23:34:03.103] [Worker-Main-2/ERROR] [net.minecraft.Util/]: Detected setBlock in a far chunk [8, 19], pos: MutableBlockPos{x=128, y=-2, z=314}, status: minecraft:features, currently generating: ResourceKey[minecraft:worldgen/placed_feature / ancient_elements:crystalsproud]
[22Mar2026 23:34:03.103] [Worker-Main-2/ERROR] [net.minecraft.Util/]: Detected setBlock in a far chunk [8, 19], pos: MutableBlockPos{x=131, y=-6, z=319}, status: minecraft:features, currently generating: ResourceKey[minecraft:worldgen/placed_feature / ancient_elements:crystalsproud]
[22Mar2026 23:34:03.103] [Worker-Main-2/ERROR] [net.minecraft.Util/]: Detected setBlock in a far chunk [8, 19], pos: MutableBlockPos{x=130, y=2, z=318}, status: minecraft:features, currently generating: ResourceKey[minecraft:worldgen/placed_feature / ancient_elements:crystalsproud]
[22Mar2026 23:34:03.103] [Worker-Main-2/ERROR] [net.minecraft.Util/]: Detected setBlock in a far chunk [8, 19], pos: MutableBlockPos{x=128, y=-4, z=317}, status: minecraft:features, currently generating: ResourceKey[minecraft:worldgen/placed_feature / ancient_elements:crystalsproud]
[22Mar2026 23:34:03.103] [Worker-Main-2/ERROR] [net.minecraft.Util/]: Detected setBlock in a far chunk [8, 20], pos: MutableBlockPos{x=129, y=-1, z=320}, status: minecraft:features, currently generating: ResourceKey[minecraft:worldgen/placed_feature / ancient_elements:crystalsproud]
[22Mar2026 23:34:03.103] [Worker-Main-2/ERROR] [net.minecraft.Util/]: Detected setBlock in a far chunk [8, 19], pos: MutableBlockPos{x=128, y=1, z=318}, status: minecraft:features, currently generating: ResourceKey[minecraft:worldgen/placed_feature / ancient_elements:crystalsproud]
[22Mar2026 23:34:03.103] [Worker-Main-2/ERROR] [net.minecraft.Util/]: Detected setBlock in a far chunk [8, 19], pos: MutableBlockPos{x=128, y=-2, z=308}, status: minecraft:features, currently generating: ResourceKey[minecraft:worldgen/placed_feature / ancient_elements:crystalsproud]
[22Mar2026 23:34:03.103] [Worker-Main-2/ERROR] [net.minecraft.Util/]: Detected setBlock in a far chunk [8, 19], pos: MutableBlockPos{x=129, y=4, z=310}, status: minecraft:features, currently generating: ResourceKey[minecraft:worldgen/placed_feature / ancient_elements:crystalsproud]
[22Mar2026 23:34:03.103] [Worker-Main-2/ERROR] [net.minecraft.Util/]: Detected setBlock in a far chunk [8, 19], pos: MutableBlockPos{x=132, y=-4, z=315}, status: minecraft:features, currently generating: ResourceKey[minecraft:worldgen/placed_feature / ancient_elements:crystalsproud]
[22Mar2026 23:34:03.103] [Worker-Main-2/ERROR] [net.minecraft.Util/]: Detected setBlock in a far chunk [8, 19], pos: MutableBlockPos{x=131, y=1, z=317}, status: minecraft:features, currently generating: ResourceKey[minecraft:worldgen/placed_feature / ancient_elements:crystalsproud]
[22Mar2026 23:34:03.103] [Worker-Main-2/ERROR] [net.minecraft.Util/]: Detected setBlock in a far chunk [8, 19], pos: MutableBlockPos{x=129, y=2, z=312}, status: minecraft:features, currently generating: ResourceKey[minecraft:worldgen/placed_feature / ancient_elements:crystalsproud]
[22Mar2026 23:34:03.103] [Worker-Main-2/ERROR] [net.minecraft.Util/]: Detected setBlock in a far chunk [8, 19], pos: MutableBlockPos{x=128, y=3, z=319}, status: minecraft:features, currently generating: ResourceKey[minecraft:worldgen/placed_feature / ancient_elements:crystalsproud]
[22Mar2026 23:34:03.103] [Worker-Main-2/ERROR] [net.minecraft.Util/]: Detected setBlock in a far chunk [8, 19], pos: MutableBlockPos{x=134, y=-2, z=310}, status: minecraft:features, currently generating: ResourceKey[minecraft:worldgen/placed_feature / ancient_elements:crystalsproud]
[22Mar2026 23:34:03.103] [Worker-Main-2/ERROR] [net.minecraft.Util/]: Detected setBlock in a far chunk [8, 19], pos: MutableBlockPos{x=131, y=-1, z=316}, status: minecraft:features, currently generating: ResourceKey[minecraft:worldgen/placed_feature / ancient_elements:crystalsproud]
[22Mar2026 23:34:03.104] [Worker-Main-2/ERROR] [net.minecraft.Util/]: Detected setBlock in a far chunk [8, 20], pos: MutableBlockPos{x=131, y=2, z=320}, status: minecraft:features, currently generating: ResourceKey[minecraft:worldgen/placed_feature / ancient_elements:crystalsproud]
[22Mar2026 23:34:03.104] [Worker-Main-2/ERROR] [net.minecraft.Util/]: Detected setBlock in a far chunk [8, 19], pos: MutableBlockPos{x=130, y=-1, z=319}, status: minecraft:features, currently generating: ResourceKey[minecraft:worldgen/placed_feature / ancient_elements:crystalsproud]
[22Mar2026 23:34:03.104] [Worker-Main-2/ERROR] [net.minecraft.Util/]: Detected setBlock in a far chunk [8, 19], pos: MutableBlockPos{x=128, y=0, z=309}, status: minecraft:features, currently generating: ResourceKey[minecraft:worldgen/placed_feature / ancient_elements:crystalsproud]
[22Mar2026 23:34:03.104] [Worker-Main-2/ERROR] [net.minecraft.Util/]: Detected setBlock in a far chunk [8, 20], pos: MutableBlockPos{x=128, y=-3, z=323}, status: minecraft:features, currently generating: ResourceKey[minecraft:worldgen/placed_feature / ancient_elements:crystalsproud]
[22Mar2026 23:34:03.104] [Worker-Main-2/ERROR] [net.minecraft.Util/]: Detected setBlock in a far chunk [8, 19], pos: MutableBlockPos{x=129, y=-1, z=319}, status: minecraft:features, currently generating: ResourceKey[minecraft:worldgen/placed_feature / ancient_elements:crystalsproud]
[22Mar2026 23:34:03.104] [Worker-Main-2/ERROR] [net.minecraft.Util/]: Detected setBlock in a far chunk [8, 19], pos: MutableBlockPos{x=131, y=1, z=311}, status: minecraft:features, currently generating: ResourceKey[minecraft:worldgen/placed_feature / ancient_elements:crystalsproud]
[22Mar2026 23:34:03.104] [Worker-Main-2/ERROR] [net.minecraft.Util/]: Detected setBlock in a far chunk [8, 20], pos: MutableBlockPos{x=128, y=3, z=323}, status: minecraft:features, currently generating: ResourceKey[minecraft:worldgen/placed_feature / ancient_elements:crystalsproud]
[22Mar2026 23:34:03.104] [Worker-Main-2/ERROR] [net.minecraft.Util/]: Detected setBlock in a far chunk [8, 19], pos: MutableBlockPos{x=131, y=-4, z=314}, status: minecraft:features, currently generating: ResourceKey[minecraft:worldgen/placed_feature / ancient_elements:crystalsproud]
[22Mar2026 23:34:03.104] [Worker-Main-2/ERROR] [net.minecraft.Util/]: Detected setBlock in a far chunk [8, 19], pos: MutableBlockPos{x=130, y=5, z=315}, status: minecraft:features, currently generating: ResourceKey[minecraft:worldgen/placed_feature / ancient_elements:crystalsproud]
[22Mar2026 23:34:03.104] [Worker-Main-2/ERROR] [net.minecraft.Util/]: Detected setBlock in a far chunk [8, 19], pos: MutableBlockPos{x=129, y=-2, z=317}, status: minecraft:features, currently generating: ResourceKey[minecraft:worldgen/placed_feature / ancient_elements:crystalsproud]
[22Mar2026 23:34:03.528] [Worker-Main-1/ERROR] [net.minecraft.Util/]: Detected setBlock in a far chunk [6, 25], pos: MutableBlockPos{x=103, y=67, z=403}, status: minecraft:features, currently generating: ResourceKey[minecraft:worldgen/placed_feature / ancient_elements:crystalsproud]
[22Mar2026 23:34:03.528] [Worker-Main-1/ERROR] [net.minecraft.Util/]: Detected setBlock in a far chunk [6, 25], pos: MutableBlockPos{x=105, y=65, z=400}, status: minecraft:features, currently generating: ResourceKey[minecraft:worldgen/placed_feature / ancient_elements:crystalsproud]
[22Mar2026 23:34:03.529] [Worker-Main-1/ERROR] [net.minecraft.Util/]: Detected setBlock in a far chunk [6, 25], pos: MutableBlockPos{x=102, y=63, z=400}, status: minecraft:features, currently generating: ResourceKey[minecraft:worldgen/placed_feature / ancient_elements:crystalsproud]
[22Mar2026 23:34:03.529] [Worker-Main-1/ERROR] [net.minecraft.Util/]: Detected setBlock in a far chunk [8, 23], pos: MutableBlockPos{x=128, y=68, z=377}, status: minecraft:features, currently generating: ResourceKey[minecraft:worldgen/placed_feature / ancient_elements:crystalsproud]
[22Mar2026 23:34:03.529] [Worker-Main-1/ERROR] [net.minecraft.Util/]: Detected setBlock in a far chunk [8, 24], pos: MutableBlockPos{x=130, y=66, z=385}, status: minecraft:features, currently generating: ResourceKey[minecraft:worldgen/placed_feature / ancient_elements:crystalsproud]
[22Mar2026 23:34:03.530] [Worker-Main-1/ERROR] [net.minecraft.Util/]: Detected setBlock in a far chunk [8, 23], pos: MutableBlockPos{x=128, y=63, z=382}, status: minecraft:features, currently generating: ResourceKey[minecraft:worldgen/placed_feature / ancient_elements:crystalsproud]
[22Mar2026 23:34:03.530] [Worker-Main-1/ERROR] [net.minecraft.Util/]: Detected setBlock in a far chunk [7, 25], pos: MutableBlockPos{x=122, y=73, z=402}, status: minecraft:features, currently generating: ResourceKey[minecraft:worldgen/placed_feature / ancient_elements:crystalsproud]
[22Mar2026 23:34:03.530] [Worker-Main-1/ERROR] [net.minecraft.Util/]: Detected setBlock in a far chunk [7, 25], pos: MutableBlockPos{x=122, y=71, z=401}, status: minecraft:features, currently generating: ResourceKey[minecraft:worldgen/placed_feature / ancient_elements:crystalsproud]
[22Mar2026 23:34:03.531] [Worker-Main-1/ERROR] [net.minecraft.Util/]: Detected setBlock in a far chunk [6, 25], pos: MutableBlockPos{x=109, y=73, z=402}, status: minecraft:features, currently generating: ResourceKey[minecraft:worldgen/placed_feature / ancient_elements:crystalsproud]
[22Mar2026 23:34:03.531] [Worker-Main-1/ERROR] [net.minecraft.Util/]: Detected setBlock in a far chunk [7, 25], pos: MutableBlockPos{x=123, y=66, z=402}, status: minecraft:features, currently generating: ResourceKey[minecraft:worldgen/placed_feature / ancient_elements:crystalsproud]
[22Mar2026 23:34:03.531] [Worker-Main-1/ERROR] [net.minecraft.Util/]: Detected setBlock in a far chunk [8, 24], pos: MutableBlockPos{x=130, y=72, z=390}, status: minecraft:features, currently generating: ResourceKey[minecraft:worldgen/placed_feature / ancient_elements:crystalsproud]
[22Mar2026 23:34:03.532] [Worker-Main-1/ERROR] [net.minecraft.Util/]: Detected setBlock in a far chunk [7, 25], pos: MutableBlockPos{x=115, y=71, z=401}, status: minecraft:features, currently generating: ResourceKey[minecraft:worldgen/placed_feature / ancient_elements:crystalsproud]
[22Mar2026 23:34:03.532] [Worker-Main-1/ERROR] [net.minecraft.Util/]: Detected setBlock in a far chunk [8, 23], pos: MutableBlockPos{x=129, y=65, z=377}, status: minecraft:features, currently generating: ResourceKey[minecraft:worldgen/placed_feature / ancient_elements:crystalsproud]
[22Mar2026 23:34:03.533] [Worker-Main-1/ERROR] [net.minecraft.Util/]: Detected setBlock in a far chunk [8, 23], pos: MutableBlockPos{x=128, y=68, z=382}, status: minecraft:features, currently generating: ResourceKey[minecraft:worldgen/placed_feature / ancient_elements:crystalsproud]
[22Mar2026 23:34:03.533] [Worker-Main-1/ERROR] [net.minecraft.Util/]: Detected setBlock in a far chunk [7, 25], pos: MutableBlockPos{x=118, y=72, z=400}, status: minecraft:features, currently generating: ResourceKey[minecraft:worldgen/placed_feature / ancient_elements:crystalsproud]
[22Mar2026 23:34:03.533] [Worker-Main-1/ERROR] [net.minecraft.Util/]: Detected setBlock in a far chunk [6, 25], pos: MutableBlockPos{x=110, y=73, z=400}, status: minecraft:features, currently generating: ResourceKey[minecraft:worldgen/placed_feature / ancient_elements:crystalsproud]
[22Mar2026 23:34:03.534] [Worker-Main-1/ERROR] [net.minecraft.Util/]: Detected setBlock in a far chunk [7, 25], pos: MutableBlockPos{x=113, y=67, z=401}, status: minecraft:features, currently generating: ResourceKey[minecraft:worldgen/placed_feature / ancient_elements:crystalsproud]
[22Mar2026 23:34:03.534] [Worker-Main-1/ERROR] [net.minecraft.Util/]: Detected setBlock in a far chunk [8, 24], pos: MutableBlockPos{x=128, y=23, z=384}, status: minecraft:features, currently generating: ResourceKey[minecraft:worldgen/placed_feature / ancient_elements:crystalsproud]
[22Mar2026 23:34:03.534] [Worker-Main-1/ERROR] [net.minecraft.Util/]: Detected setBlock in a far chunk [8, 23], pos: MutableBlockPos{x=128, y=23, z=378}, status: minecraft:features, currently generating: ResourceKey[minecraft:worldgen/placed_feature / ancient_elements:crystalsproud]
[22Mar2026 23:34:03.535] [Worker-Main-1/ERROR] [net.minecraft.Util/]: Detected setBlock in a far chunk [6, 25], pos: MutableBlockPos{x=100, y=-31, z=400}, status: minecraft:features, currently generating: ResourceKey[minecraft:worldgen/placed_feature / ancient_elements:crystalsproud]
[22Mar2026 23:34:03.535] [Worker-Main-1/ERROR] [net.minecraft.Util/]: Detected setBlock in a far chunk [6, 25], pos: MutableBlockPos{x=101, y=-37, z=403}, status: minecraft:features, currently generating: ResourceKey[minecraft:worldgen/placed_feature / ancient_elements:crystalsproud]
[22Mar2026 23:34:03.535] [Worker-Main-1/ERROR] [net.minecraft.Util/]: Detected setBlock in a far chunk [7, 25], pos: MutableBlockPos{x=113, y=-33, z=403}, status: minecraft:features, currently generating: ResourceKey[minecraft:worldgen/placed_feature / ancient_elements:crystalsproud]
[22Mar2026 23:34:03.535] [Worker-Main-1/ERROR] [net.minecraft.Util/]: Detected setBlock in a far chunk [6, 25], pos: MutableBlockPos{x=100, y=-29, z=403}, status: minecraft:features, currently generating: ResourceKey[minecraft:worldgen/placed_feature / ancient_elements:crystalsproud]
[22Mar2026 23:34:03.535] [Worker-Main-1/ERROR] [net.minecraft.Util/]: Detected setBlock in a far chunk [7, 25], pos: MutableBlockPos{x=112, y=44, z=400}, status: minecraft:features, currently generating: ResourceKey[minecraft:worldgen/placed_feature / ancient_elements:crystalsproud]
[22Mar2026 23:34:03.535] [Worker-Main-1/ERROR] [net.minecraft.Util/]: Detected setBlock in a far chunk [7, 25], pos: MutableBlockPos{x=112, y=33, z=400}, status: minecraft:features, currently generating: ResourceKey[minecraft:worldgen/placed_feature / ancient_elements:crystalsproud]
[22Mar2026 23:34:03.535] [Worker-Main-1/ERROR] [net.minecraft.Util/]: Detected setBlock in a far chunk [6, 25], pos: MutableBlockPos{x=110, y=28, z=401}, status: minecraft:features, currently generating: ResourceKey[minecraft:worldgen/placed_feature / ancient_elements:crystalsproud]
[22Mar2026 23:34:03.535] [Worker-Main-1/ERROR] [net.minecraft.Util/]: Detected setBlock in a far chunk [7, 25], pos: MutableBlockPos{x=117, y=24, z=401}, status: minecraft:features, currently generating: ResourceKey[minecraft:worldgen/placed_feature / ancient_elements:crystalsproud]
[22Mar2026 23:34:03.535] [Worker-Main-1/ERROR] [net.minecraft.Util/]: Detected setBlock in a far chunk [7, 25], pos: MutableBlockPos{x=118, y=17, z=400}, status: minecraft:features, currently generating: ResourceKey[minecraft:worldgen/placed_feature / ancient_elements:crystalsproud]
[22Mar2026 23:34:03.535] [Worker-Main-1/ERROR] [net.minecraft.Util/]: Detected setBlock in a far chunk [7, 25], pos: MutableBlockPos{x=119, y=42, z=402}, status: minecraft:features, currently generating: ResourceKey[minecraft:worldgen/placed_feature / ancient_elements:crystalsproud]
[22Mar2026 23:34:03.536] [Worker-Main-1/ERROR] [net.minecraft.Util/]: Detected setBlock in a far chunk [6, 25], pos: MutableBlockPos{x=111, y=35, z=402}, status: minecraft:features, currently generating: ResourceKey[minecraft:worldgen/placed_feature / ancient_elements:crystalsproud]
[22Mar2026 23:34:03.536] [Worker-Main-1/ERROR] [net.minecraft.Util/]: Detected setBlock in a far chunk [7, 25], pos: MutableBlockPos{x=118, y=42, z=402}, status: minecraft:features, currently generating: ResourceKey[minecraft:worldgen/placed_feature / ancient_elements:crystalsproud]
[22Mar2026 23:34:03.536] [Worker-Main-1/ERROR] [net.minecraft.Util/]: Detected setBlock in a far chunk [8, 24], pos: MutableBlockPos{x=129, y=39, z=388}, status: minecraft:features, currently generating: ResourceKey[minecraft:worldgen/placed_feature / ancient_elements:crystalsproud]
[22Mar2026 23:34:03.536] [Worker-Main-1/ERROR] [net.minecraft.Util/]: Detected setBlock in a far chunk [6, 25], pos: MutableBlockPos{x=109, y=37, z=402}, status: minecraft:features, currently generating: ResourceKey[minecraft:worldgen/placed_feature / ancient_elements:crystalsproud]
[22Mar2026 23:34:03.537] [Worker-Main-1/ERROR] [net.minecraft.Util/]: Detected setBlock in a far chunk [7, 25], pos: MutableBlockPos{x=115, y=39, z=404}, status: minecraft:features, currently generating: ResourceKey[minecraft:worldgen/placed_feature / ancient_elements:crystalsproud]
[22Mar2026 23:34:03.537] [Worker-Main-1/ERROR] [net.minecraft.Util/]: Detected setBlock in a far chunk [7, 25], pos: MutableBlockPos{x=121, y=39, z=400}, status: minecraft:features, currently generating: ResourceKey[minecraft:worldgen/placed_feature / ancient_elements:crystalsproud]
[22Mar2026 23:34:03.537] [Worker-Main-1/ERROR] [net.minecraft.Util/]: Detected setBlock in a far chunk [8, 24], pos: MutableBlockPos{x=129, y=40, z=395}, status: minecraft:features, currently generating: ResourceKey[minecraft:worldgen/placed_feature / ancient_elements:crystalsproud]
[22Mar2026 23:34:03.537] [Worker-Main-1/ERROR] [net.minecraft.Util/]: Detected setBlock in a far chunk [7, 25], pos: MutableBlockPos{x=113, y=38, z=400}, status: minecraft:features, currently generating: ResourceKey[minecraft:worldgen/placed_feature / ancient_elements:crystalsproud]
[22Mar2026 23:34:03.538] [Worker-Main-1/ERROR] [net.minecraft.Util/]: Detected setBlock in a far chunk [7, 25], pos: MutableBlockPos{x=122, y=-35, z=400}, status: minecraft:features, currently generating: ResourceKey[minecraft:worldgen/placed_feature / ancient_elements:crystalsproud]
[22Mar2026 23:34:03.538] [Worker-Main-1/ERROR] [net.minecraft.Util/]: Detected setBlock in a far chunk [7, 25], pos: MutableBlockPos{x=114, y=19, z=400}, status: minecraft:features, currently generating: ResourceKey[minecraft:worldgen/placed_feature / ancient_elements:crystalsproud]
[22Mar2026 23:34:03.538] [Worker-Main-1/ERROR] [net.minecraft.Util/]: Detected setBlock in a far chunk [7, 25], pos: MutableBlockPos{x=115, y=16, z=404}, status: minecraft:features, currently generating: ResourceKey[minecraft:worldgen/placed_feature / ancient_elements:crystalsproud]
[22Mar2026 23:34:03.538] [Worker-Main-1/ERROR] [net.minecraft.Util/]: Detected setBlock in a far chunk [7, 25], pos: MutableBlockPos{x=116, y=15, z=400}, status: minecraft:features, currently generating: ResourceKey[minecraft:worldgen/placed_feature / ancient_elements:crystalsproud]
[22Mar2026 23:34:03.538] [Worker-Main-1/ERROR] [net.minecraft.Util/]: Detected setBlock in a far chunk [6, 25], pos: MutableBlockPos{x=108, y=10, z=401}, status: minecraft:features, currently generating: ResourceKey[minecraft:worldgen/placed_feature / ancient_elements:crystalsproud]
[22Mar2026 23:34:03.538] [Worker-Main-1/ERROR] [net.minecraft.Util/]: Detected setBlock in a far chunk [7, 25], pos: MutableBlockPos{x=127, y=-52, z=401}, status: minecraft:features, currently generating: ResourceKey[minecraft:worldgen/placed_feature / ancient_elements:crystalsproud]
[22Mar2026 23:34:03.538] [Worker-Main-1/ERROR] [net.minecraft.Util/]: Detected setBlock in a far chunk [7, 25], pos: MutableBlockPos{x=117, y=-47, z=401}, status: minecraft:features, currently generating: ResourceKey[minecraft:worldgen/placed_feature / ancient_elements:crystalsproud]
[22Mar2026 23:34:03.539] [Worker-Main-1/ERROR] [net.minecraft.Util/]: Detected setBlock in a far chunk [7, 25], pos: MutableBlockPos{x=115, y=-52, z=403}, status: minecraft:features, currently generating: ResourceKey[minecraft:worldgen/placed_feature / ancient_elements:crystalsproud]
[22Mar2026 23:34:03.539] [Worker-Main-1/ERROR] [net.minecraft.Util/]: Detected setBlock in a far chunk [7, 25], pos: MutableBlockPos{x=114, y=-55, z=401}, status: minecraft:features, currently generating: ResourceKey[minecraft:worldgen/placed_feature / ancient_elements:crystalsproud]
[22Mar2026 23:34:03.539] [Worker-Main-1/ERROR] [net.minecraft.Util/]: Detected setBlock in a far chunk [7, 25], pos: MutableBlockPos{x=115, y=-47, z=400}, status: minecraft:features, currently generating: ResourceKey[minecraft:worldgen/placed_feature / ancient_elements:crystalsproud]
[22Mar2026 23:34:03.539] [Worker-Main-1/ERROR] [net.minecraft.Util/]: Detected setBlock in a far chunk [7, 25], pos: MutableBlockPos{x=114, y=-55, z=400}, status: minecraft:features, currently generating: ResourceKey[minecraft:worldgen/placed_feature / ancient_elements:crystalsproud]
[22Mar2026 23:34:03.539] [Worker-Main-1/ERROR] [net.minecraft.Util/]: Detected setBlock in a far chunk [6, 25], pos: MutableBlockPos{x=111, y=-53, z=401}, status: minecraft:features, currently generating: ResourceKey[minecraft:worldgen/placed_feature / ancient_elements:crystalsproud]
[22Mar2026 23:34:03.539] [Worker-Main-1/ERROR] [net.minecraft.Util/]: Detected setBlock in a far chunk [7, 25], pos: MutableBlockPos{x=119, y=-55, z=400}, status: minecraft:features, currently generating: ResourceKey[minecraft:worldgen/placed_feature / ancient_elements:crystalsproud]
[22Mar2026 23:34:04.882] [Worker-Main-1/ERROR] [net.minecraft.Util/]: Detected setBlock in a far chunk [5, 20], pos: MutableBlockPos{x=93, y=52, z=320}, status: minecraft:features, currently generating: ResourceKey[minecraft:worldgen/placed_feature / ancient_elements:crystalsproud]
[22Mar2026 23:34:04.882] [Worker-Main-1/ERROR] [net.minecraft.Util/]: Detected setBlock in a far chunk [5, 20], pos: MutableBlockPos{x=89, y=57, z=322}, status: minecraft:features, currently generating: ResourceKey[minecraft:worldgen/placed_feature / ancient_elements:crystalsproud]
[22Mar2026 23:34:04.882] [Worker-Main-1/ERROR] [net.minecraft.Util/]: Detected setBlock in a far chunk [5, 20], pos: MutableBlockPos{x=87, y=62, z=321}, status: minecraft:features, currently generating: ResourceKey[minecraft:worldgen/placed_feature / ancient_elements:crystalsproud]
[22Mar2026 23:34:04.882] [Worker-Main-1/ERROR] [net.minecraft.Util/]: Detected setBlock in a far chunk [5, 20], pos: MutableBlockPos{x=87, y=64, z=321}, status: minecraft:features, currently generating: ResourceKey[minecraft:worldgen/placed_feature / ancient_elements:crystalsproud]
[22Mar2026 23:34:04.882] [Worker-Main-1/ERROR] [net.minecraft.Util/]: Detected setBlock in a far chunk [5, 20], pos: MutableBlockPos{x=91, y=65, z=320}, status: minecraft:features, currently generating: ResourceKey[minecraft:worldgen/placed_feature / ancient_elements:crystalsproud]
[22Mar2026 23:34:04.882] [Worker-Main-1/ERROR] [net.minecraft.Util/]: Detected setBlock in a far chunk [5, 20], pos: MutableBlockPos{x=93, y=59, z=322}, status: minecraft:features, currently generating: ResourceKey[minecraft:worldgen/placed_feature / ancient_elements:crystalsproud]
[22Mar2026 23:34:04.883] [Worker-Main-1/ERROR] [net.minecraft.Util/]: Detected setBlock in a far chunk [5, 20], pos: MutableBlockPos{x=92, y=60, z=321}, status: minecraft:features, currently generating: ResourceKey[minecraft:worldgen/placed_feature / ancient_elements:crystalsproud]
[22Mar2026 23:34:04.883] [Worker-Main-1/ERROR] [net.minecraft.Util/]: Detected setBlock in a far chunk [4, 20], pos: MutableBlockPos{x=79, y=62, z=323}, status: minecraft:features, currently generating: ResourceKey[minecraft:worldgen/placed_feature / ancient_elements:crystalsproud]
[22Mar2026 23:34:04.883] [Worker-Main-1/ERROR] [net.minecraft.Util/]: Detected setBlock in a far chunk [5, 20], pos: MutableBlockPos{x=88, y=67, z=322}, status: minecraft:features, currently generating: ResourceKey[minecraft:worldgen/placed_feature / ancient_elements:crystalsproud]
[22Mar2026 23:34:04.883] [Worker-Main-1/ERROR] [net.minecraft.Util/]: Detected setBlock in a far chunk [5, 20], pos: MutableBlockPos{x=85, y=64, z=320}, status: minecraft:features, currently generating: ResourceKey[minecraft:worldgen/placed_feature / ancient_elements:crystalsproud]
[22Mar2026 23:34:04.883] [Worker-Main-1/ERROR] [net.minecraft.Util/]: Detected setBlock in a far chunk [6, 20], pos: MutableBlockPos{x=102, y=65, z=323}, status: minecraft:features, currently generating: ResourceKey[minecraft:worldgen/placed_feature / ancient_elements:crystalsproud]
[22Mar2026 23:34:04.883] [Worker-Main-1/ERROR] [net.minecraft.Util/]: Detected setBlock in a far chunk [6, 20], pos: MutableBlockPos{x=98, y=66, z=321}, status: minecraft:features, currently generating: ResourceKey[minecraft:worldgen/placed_feature / ancient_elements:crystalsproud]
[22Mar2026 23:34:04.883] [Worker-Main-1/ERROR] [net.minecraft.Util/]: Detected setBlock in a far chunk [5, 20], pos: MutableBlockPos{x=90, y=53, z=321}, status: minecraft:features, currently generating: ResourceKey[minecraft:worldgen/placed_feature / ancient_elements:crystalsproud]
[22Mar2026 23:34:04.883] [Worker-Main-1/ERROR] [net.minecraft.Util/]: Detected setBlock in a far chunk [5, 20], pos: MutableBlockPos{x=86, y=52, z=321}, status: minecraft:features, currently generating: ResourceKey[minecraft:worldgen/placed_feature / ancient_elements:crystalsproud]
[22Mar2026 23:34:04.883] [Worker-Main-1/ERROR] [net.minecraft.Util/]: Detected setBlock in a far chunk [5, 20], pos: MutableBlockPos{x=88, y=59, z=322}, status: minecraft:features, currently generating: ResourceKey[minecraft:worldgen/placed_feature / ancient_elements:crystalsproud]
[22Mar2026 23:34:04.884] [Worker-Main-1/ERROR] [net.minecraft.Util/]: Detected setBlock in a far chunk [5, 20], pos: MutableBlockPos{x=94, y=53, z=321}, status: minecraft:features, currently generating: ResourceKey[minecraft:worldgen/placed_feature / ancient_elements:crystalsproud]
[22Mar2026 23:34:04.884] [Worker-Main-1/ERROR] [net.minecraft.Util/]: Detected setBlock in a far chunk [6, 20], pos: MutableBlockPos{x=97, y=52, z=321}, status: minecraft:features, currently generating: ResourceKey[minecraft:worldgen/placed_feature / ancient_elements:crystalsproud]
[22Mar2026 23:34:04.884] [Worker-Main-1/ERROR] [net.minecraft.Util/]: Detected setBlock in a far chunk [5, 20], pos: MutableBlockPos{x=90, y=53, z=320}, status: minecraft:features, currently generating: ResourceKey[minecraft:worldgen/placed_feature / ancient_elements:crystalsproud]
[22Mar2026 23:34:04.884] [Worker-Main-1/ERROR] [net.minecraft.Util/]: Detected setBlock in a far chunk [5, 20], pos: MutableBlockPos{x=83, y=52, z=323}, status: minecraft:features, currently generating: ResourceKey[minecraft:worldgen/placed_feature / ancient_elements:crystalsproud]
[22Mar2026 23:34:04.884] [Worker-Main-1/ERROR] [net.minecraft.Util/]: Detected setBlock in a far chunk [5, 20], pos: MutableBlockPos{x=90, y=52, z=322}, status: minecraft:features, currently generating: ResourceKey[minecraft:worldgen/placed_feature / ancient_elements:crystalsproud]
[22Mar2026 23:34:04.884] [Worker-Main-1/ERROR] [net.minecraft.Util/]: Detected setBlock in a far chunk [5, 20], pos: MutableBlockPos{x=91, y=37, z=324}, status: minecraft:features, currently generating: ResourceKey[minecraft:worldgen/placed_feature / ancient_elements:crystalsproud]
[22Mar2026 23:34:04.884] [Worker-Main-1/ERROR] [net.minecraft.Util/]: Detected setBlock in a far chunk [5, 20], pos: MutableBlockPos{x=86, y=39, z=322}, status: minecraft:features, currently generating: ResourceKey[minecraft:worldgen/placed_feature / ancient_elements:crystalsproud]
[22Mar2026 23:34:04.884] [Worker-Main-1/ERROR] [net.minecraft.Util/]: Detected setBlock in a far chunk [5, 20], pos: MutableBlockPos{x=88, y=41, z=322}, status: minecraft:features, currently generating: ResourceKey[minecraft:worldgen/placed_feature / ancient_elements:crystalsproud]
[22Mar2026 23:34:04.884] [Worker-Main-1/ERROR] [net.minecraft.Util/]: Detected setBlock in a far chunk [5, 20], pos: MutableBlockPos{x=89, y=39, z=320}, status: minecraft:features, currently generating: ResourceKey[minecraft:worldgen/placed_feature / ancient_elements:crystalsproud]
[22Mar2026 23:34:04.884] [Worker-Main-1/ERROR] [net.minecraft.Util/]: Detected setBlock in a far chunk [5, 20], pos: MutableBlockPos{x=80, y=43, z=321}, status: minecraft:features, currently generating: ResourceKey[minecraft:worldgen/placed_feature / ancient_elements:crystalsproud]
[22Mar2026 23:34:04.884] [Worker-Main-1/ERROR] [net.minecraft.Util/]: Detected setBlock in a far chunk [6, 20], pos: MutableBlockPos{x=98, y=41, z=324}, status: minecraft:features, currently generating: ResourceKey[minecraft:worldgen/placed_feature / ancient_elements:crystalsproud]
[22Mar2026 23:34:04.884] [Worker-Main-1/ERROR] [net.minecraft.Util/]: Detected setBlock in a far chunk [5, 20], pos: MutableBlockPos{x=94, y=37, z=324}, status: minecraft:features, currently generating: ResourceKey[minecraft:worldgen/placed_feature / ancient_elements:crystalsproud]
[22Mar2026 23:34:04.884] [Worker-Main-1/ERROR] [net.minecraft.Util/]: Detected setBlock in a far chunk [4, 20], pos: MutableBlockPos{x=78, y=41, z=323}, status: minecraft:features, currently generating: ResourceKey[minecraft:worldgen/placed_feature / ancient_elements:crystalsproud]
[22Mar2026 23:34:04.885] [Worker-Main-1/ERROR] [net.minecraft.Util/]: Detected setBlock in a far chunk [5, 20], pos: MutableBlockPos{x=90, y=35, z=323}, status: minecraft:features, currently generating: ResourceKey[minecraft:worldgen/placed_feature / ancient_elements:crystalsproud]
[22Mar2026 23:34:04.885] [Worker-Main-1/ERROR] [net.minecraft.Util/]: Detected setBlock in a far chunk [5, 20], pos: MutableBlockPos{x=83, y=41, z=321}, status: minecraft:features, currently generating: ResourceKey[minecraft:worldgen/placed_feature / ancient_elements:crystalsproud]
[22Mar2026 23:34:04.885] [Worker-Main-1/ERROR] [net.minecraft.Util/]: Detected setBlock in a far chunk [5, 20], pos: MutableBlockPos{x=85, y=40, z=322}, status: minecraft:features, currently generating: ResourceKey[minecraft:worldgen/placed_feature / ancient_elements:crystalsproud]
[22Mar2026 23:34:04.885] [Worker-Main-1/ERROR] [net.minecraft.Util/]: Detected setBlock in a far chunk [6, 20], pos: MutableBlockPos{x=97, y=39, z=320}, status: minecraft:features, currently generating: ResourceKey[minecraft:worldgen/placed_feature / ancient_elements:crystalsproud]
[22Mar2026 23:34:04.885] [Worker-Main-1/ERROR] [net.minecraft.Util/]: Detected setBlock in a far chunk [6, 20], pos: MutableBlockPos{x=97, y=37, z=320}, status: minecraft:features, currently generating: ResourceKey[minecraft:worldgen/placed_feature / ancient_elements:crystalsproud]
[22Mar2026 23:34:05.231] [Worker-Main-3/ERROR] [net.minecraft.Util/]: Detected setBlock in a far chunk [6, 25], pos: MutableBlockPos{x=98, y=66, z=400}, status: minecraft:features, currently generating: ResourceKey[minecraft:worldgen/placed_feature / ancient_elements:crystalsproud]
[22Mar2026 23:34:05.232] [Worker-Main-3/ERROR] [net.minecraft.Util/]: Detected setBlock in a far chunk [6, 25], pos: MutableBlockPos{x=100, y=64, z=400}, status: minecraft:features, currently generating: ResourceKey[minecraft:worldgen/placed_feature / ancient_elements:crystalsproud]
[22Mar2026 23:34:05.232] [Worker-Main-3/ERROR] [net.minecraft.Util/]: Detected setBlock in a far chunk [5, 25], pos: MutableBlockPos{x=89, y=65, z=400}, status: minecraft:features, currently generating: ResourceKey[minecraft:worldgen/placed_feature / ancient_elements:crystalsproud]
[22Mar2026 23:34:05.232] [Worker-Main-3/ERROR] [net.minecraft.Util/]: Detected setBlock in a far chunk [5, 25], pos: MutableBlockPos{x=87, y=50, z=400}, status: minecraft:features, currently generating: ResourceKey[minecraft:worldgen/placed_feature / ancient_elements:crystalsproud]
[22Mar2026 23:34:05.232] [Worker-Main-3/ERROR] [net.minecraft.Util/]: Detected setBlock in a far chunk [5, 25], pos: MutableBlockPos{x=92, y=55, z=402}, status: minecraft:features, currently generating: ResourceKey[minecraft:worldgen/placed_feature / ancient_elements:crystalsproud]
[22Mar2026 23:34:05.232] [Worker-Main-3/ERROR] [net.minecraft.Util/]: Detected setBlock in a far chunk [6, 25], pos: MutableBlockPos{x=97, y=55, z=403}, status: minecraft:features, currently generating: ResourceKey[minecraft:worldgen/placed_feature / ancient_elements:crystalsproud]
[22Mar2026 23:34:05.233] [Worker-Main-3/ERROR] [net.minecraft.Util/]: Detected setBlock in a far chunk [5, 25], pos: MutableBlockPos{x=86, y=55, z=402}, status: minecraft:features, currently generating: ResourceKey[minecraft:worldgen/placed_feature / ancient_elements:crystalsproud]
[22Mar2026 23:34:05.233] [Worker-Main-3/ERROR] [net.minecraft.Util/]: Detected setBlock in a far chunk [5, 25], pos: MutableBlockPos{x=85, y=54, z=402}, status: minecraft:features, currently generating: ResourceKey[minecraft:worldgen/placed_feature / ancient_elements:crystalsproud]
[22Mar2026 23:34:05.233] [Worker-Main-3/ERROR] [net.minecraft.Util/]: Detected setBlock in a far chunk [5, 25], pos: MutableBlockPos{x=85, y=57, z=401}, status: minecraft:features, currently generating: ResourceKey[minecraft:worldgen/placed_feature / ancient_elements:crystalsproud]
[22Mar2026 23:34:05.233] [Worker-Main-3/ERROR] [net.minecraft.Util/]: Detected setBlock in a far chunk [5, 25], pos: MutableBlockPos{x=90, y=6, z=400}, status: minecraft:features, currently generating: ResourceKey[minecraft:worldgen/placed_feature / ancient_elements:crystalsproud]
[22Mar2026 23:34:05.233] [Worker-Main-3/ERROR] [net.minecraft.Util/]: Detected setBlock in a far chunk [5, 25], pos: MutableBlockPos{x=83, y=8, z=402}, status: minecraft:features, currently generating: ResourceKey[minecraft:worldgen/placed_feature / ancient_elements:crystalsproud]
[22Mar2026 23:34:05.233] [Worker-Main-3/ERROR] [net.minecraft.Util/]: Detected setBlock in a far chunk [5, 25], pos: MutableBlockPos{x=92, y=11, z=402}, status: minecraft:features, currently generating: ResourceKey[minecraft:worldgen/placed_feature / ancient_elements:crystalsproud]
[22Mar2026 23:34:05.233] [Worker-Main-3/ERROR] [net.minecraft.Util/]: Detected setBlock in a far chunk [5, 25], pos: MutableBlockPos{x=94, y=5, z=401}, status: minecraft:features, currently generating: ResourceKey[minecraft:worldgen/placed_feature / ancient_elements:crystalsproud]
[22Mar2026 23:34:05.233] [Worker-Main-3/ERROR] [net.minecraft.Util/]: Detected setBlock in a far chunk [5, 25], pos: MutableBlockPos{x=83, y=4, z=401}, status: minecraft:features, currently generating: ResourceKey[minecraft:worldgen/placed_feature / ancient_elements:crystalsproud]
[22Mar2026 23:34:05.233] [Worker-Main-3/ERROR] [net.minecraft.Util/]: Detected setBlock in a far chunk [5, 25], pos: MutableBlockPos{x=91, y=10, z=401}, status: minecraft:features, currently generating: ResourceKey[minecraft:worldgen/placed_feature / ancient_elements:crystalsproud]
[22Mar2026 23:34:05.233] [Worker-Main-3/ERROR] [net.minecraft.Util/]: Detected setBlock in a far chunk [6, 25], pos: MutableBlockPos{x=98, y=9, z=400}, status: minecraft:features, currently generating: ResourceKey[minecraft:worldgen/placed_feature / ancient_elements:crystalsproud]
[22Mar2026 23:34:05.234] [Worker-Main-3/ERROR] [net.minecraft.Util/]: Detected setBlock in a far chunk [5, 25], pos: MutableBlockPos{x=86, y=13, z=403}, status: minecraft:features, currently generating: ResourceKey[minecraft:worldgen/placed_feature / ancient_elements:crystalsproud]
[22Mar2026 23:34:05.234] [Worker-Main-3/ERROR] [net.minecraft.Util/]: Detected setBlock in a far chunk [5, 25], pos: MutableBlockPos{x=90, y=15, z=404}, status: minecraft:features, currently generating: ResourceKey[minecraft:worldgen/placed_feature / ancient_elements:crystalsproud]
[22Mar2026 23:34:05.234] [Worker-Main-3/ERROR] [net.minecraft.Util/]: Detected setBlock in a far chunk [6, 25], pos: MutableBlockPos{x=98, y=11, z=400}, status: minecraft:features, currently generating: ResourceKey[minecraft:worldgen/placed_feature / ancient_elements:crystalsproud]
[22Mar2026 23:34:05.234] [Worker-Main-3/ERROR] [net.minecraft.Util/]: Detected setBlock in a far chunk [5, 25], pos: MutableBlockPos{x=84, y=10, z=403}, status: minecraft:features, currently generating: ResourceKey[minecraft:worldgen/placed_feature / ancient_elements:crystalsproud]
[22Mar2026 23:34:05.234] [Worker-Main-3/ERROR] [net.minecraft.Util/]: Detected setBlock in a far chunk [5, 25], pos: MutableBlockPos{x=90, y=14, z=404}, status: minecraft:features, currently generating: ResourceKey[minecraft:worldgen/placed_feature / ancient_elements:crystalsproud]
[22Mar2026 23:34:05.234] [Worker-Main-3/ERROR] [net.minecraft.Util/]: Detected setBlock in a far chunk [5, 25], pos: MutableBlockPos{x=81, y=13, z=403}, status: minecraft:features, currently generating: ResourceKey[minecraft:worldgen/placed_feature / ancient_elements:crystalsproud]
[22Mar2026 23:34:05.234] [Worker-Main-3/ERROR] [net.minecraft.Util/]: Detected setBlock in a far chunk [5, 25], pos: MutableBlockPos{x=84, y=14, z=403}, status: minecraft:features, currently generating: ResourceKey[minecraft:worldgen/placed_feature / ancient_elements:crystalsproud]
[22Mar2026 23:34:05.235] [Worker-Main-3/ERROR] [net.minecraft.Util/]: Detected setBlock in a far chunk [4, 25], pos: MutableBlockPos{x=79, y=-54, z=402}, status: minecraft:features, currently generating: ResourceKey[minecraft:worldgen/placed_feature / ancient_elements:crystalsproud]
[22Mar2026 23:34:05.235] [Worker-Main-3/ERROR] [net.minecraft.Util/]: Detected setBlock in a far chunk [4, 25], pos: MutableBlockPos{x=79, y=-49, z=401}, status: minecraft:features, currently generating: ResourceKey[minecraft:worldgen/placed_feature / ancient_elements:crystalsproud]
[22Mar2026 23:34:05.235] [Worker-Main-3/ERROR] [net.minecraft.Util/]: Detected setBlock in a far chunk [4, 25], pos: MutableBlockPos{x=71, y=-47, z=402}, status: minecraft:features, currently generating: ResourceKey[minecraft:worldgen/placed_feature / ancient_elements:crystalsproud]
[22Mar2026 23:34:05.235] [Worker-Main-3/ERROR] [net.minecraft.Util/]: Detected setBlock in a far chunk [4, 25], pos: MutableBlockPos{x=74, y=-52, z=400}, status: minecraft:features, currently generating: ResourceKey[minecraft:worldgen/placed_feature / ancient_elements:crystalsproud]
[22Mar2026 23:34:05.235] [Worker-Main-3/ERROR] [net.minecraft.Util/]: Detected setBlock in a far chunk [4, 25], pos: MutableBlockPos{x=75, y=-56, z=402}, status: minecraft:features, currently generating: ResourceKey[minecraft:worldgen/placed_feature / ancient_elements:crystalsproud]
[22Mar2026 23:34:05.235] [Worker-Main-3/ERROR] [net.minecraft.Util/]: Detected setBlock in a far chunk [4, 25], pos: MutableBlockPos{x=75, y=-52, z=400}, status: minecraft:features, currently generating: ResourceKey[minecraft:worldgen/placed_feature / ancient_elements:crystalsproud]
[22Mar2026 23:34:05.254] [Worker-Main-3/ERROR] [net.minecraft.Util/]: Detected setBlock in a far chunk [7, 23], pos: MutableBlockPos{x=117, y=72, z=371}, status: minecraft:features, currently generating: ResourceKey[minecraft:worldgen/placed_feature / ancient_elements:crystalsproud]
[22Mar2026 23:34:05.254] [Worker-Main-3/ERROR] [net.minecraft.Util/]: Detected setBlock in a far chunk [7, 23], pos: MutableBlockPos{x=113, y=74, z=368}, status: minecraft:features, currently generating: ResourceKey[minecraft:worldgen/placed_feature / ancient_elements:crystalsproud]
[22Mar2026 23:34:05.255] [Worker-Main-3/ERROR] [net.minecraft.Util/]: Detected setBlock in a far chunk [7, 22], pos: MutableBlockPos{x=113, y=75, z=367}, status: minecraft:features, currently generating: ResourceKey[minecraft:worldgen/placed_feature / ancient_elements:crystalsproud]
[22Mar2026 23:34:05.255] [Worker-Main-3/ERROR] [net.minecraft.Util/]: Detected setBlock in a far chunk [7, 23], pos: MutableBlockPos{x=114, y=65, z=376}, status: minecraft:features, currently generating: ResourceKey[minecraft:worldgen/placed_feature / ancient_elements:crystalsproud]
[22Mar2026 23:34:05.255] [Worker-Main-3/ERROR] [net.minecraft.Util/]: Detected setBlock in a far chunk [7, 23], pos: MutableBlockPos{x=116, y=72, z=372}, status: minecraft:features, currently generating: ResourceKey[minecraft:worldgen/placed_feature / ancient_elements:crystalsproud]
[22Mar2026 23:34:05.255] [Worker-Main-3/ERROR] [net.minecraft.Util/]: Detected setBlock in a far chunk [7, 23], pos: MutableBlockPos{x=112, y=68, z=370}, status: minecraft:features, currently generating: ResourceKey[minecraft:worldgen/placed_feature / ancient_elements:crystalsproud]
[22Mar2026 23:34:05.255] [Worker-Main-3/ERROR] [net.minecraft.Util/]: Detected setBlock in a far chunk [7, 23], pos: MutableBlockPos{x=113, y=69, z=375}, status: minecraft:features, currently generating: ResourceKey[minecraft:worldgen/placed_feature / ancient_elements:crystalsproud]
[22Mar2026 23:34:05.255] [Worker-Main-3/ERROR] [net.minecraft.Util/]: Detected setBlock in a far chunk [7, 23], pos: MutableBlockPos{x=112, y=71, z=376}, status: minecraft:features, currently generating: ResourceKey[minecraft:worldgen/placed_feature / ancient_elements:crystalsproud]
[22Mar2026 23:34:05.255] [Worker-Main-3/ERROR] [net.minecraft.Util/]: Detected setBlock in a far chunk [7, 23], pos: MutableBlockPos{x=116, y=74, z=380}, status: minecraft:features, currently generating: ResourceKey[minecraft:worldgen/placed_feature / ancient_elements:crystalsproud]
[22Mar2026 23:34:05.255] [Worker-Main-3/ERROR] [net.minecraft.Util/]: Detected setBlock in a far chunk [7, 23], pos: MutableBlockPos{x=113, y=67, z=376}, status: minecraft:features, currently generating: ResourceKey[minecraft:worldgen/placed_feature / ancient_elements:crystalsproud]
[22Mar2026 23:34:05.255] [Worker-Main-3/ERROR] [net.minecraft.Util/]: Detected setBlock in a far chunk [7, 23], pos: MutableBlockPos{x=116, y=67, z=371}, status: minecraft:features, currently generating: ResourceKey[minecraft:worldgen/placed_feature / ancient_elements:crystalsproud]
[22Mar2026 23:34:05.255] [Worker-Main-3/ERROR] [net.minecraft.Util/]: Detected setBlock in a far chunk [7, 22], pos: MutableBlockPos{x=113, y=68, z=367}, status: minecraft:features, currently generating: ResourceKey[minecraft:worldgen/placed_feature / ancient_elements:crystalsproud]
[22Mar2026 23:34:05.255] [Worker-Main-3/ERROR] [net.minecraft.Util/]: Detected setBlock in a far chunk [7, 23], pos: MutableBlockPos{x=115, y=68, z=375}, status: minecraft:features, currently generating: ResourceKey[minecraft:worldgen/placed_feature / ancient_elements:crystalsproud]
[22Mar2026 23:34:05.255] [Worker-Main-3/ERROR] [net.minecraft.Util/]: Detected setBlock in a far chunk [6, 24], pos: MutableBlockPos{x=106, y=67, z=384}, status: minecraft:features, currently generating: ResourceKey[minecraft:worldgen/placed_feature / ancient_elements:crystalsproud]
[22Mar2026 23:34:05.255] [Worker-Main-3/ERROR] [net.minecraft.Util/]: Detected setBlock in a far chunk [7, 23], pos: MutableBlockPos{x=113, y=72, z=377}, status: minecraft:features, currently generating: ResourceKey[minecraft:worldgen/placed_feature / ancient_elements:crystalsproud]
[22Mar2026 23:34:05.255] [Worker-Main-3/ERROR] [net.minecraft.Util/]: Detected setBlock in a far chunk [7, 23], pos: MutableBlockPos{x=113, y=66, z=379}, status: minecraft:features, currently generating: ResourceKey[minecraft:worldgen/placed_feature / ancient_elements:crystalsproud]
[22Mar2026 23:34:05.255] [Worker-Main-3/ERROR] [net.minecraft.Util/]: Detected setBlock in a far chunk [7, 22], pos: MutableBlockPos{x=113, y=73, z=359}, status: minecraft:features, currently generating: ResourceKey[minecraft:worldgen/placed_feature / ancient_elements:crystalsproud]
[22Mar2026 23:34:05.256] [Worker-Main-3/ERROR] [net.minecraft.Util/]: Detected setBlock in a far chunk [7, 22], pos: MutableBlockPos{x=112, y=78, z=356}, status: minecraft:features, currently generating: ResourceKey[minecraft:worldgen/placed_feature / ancient_elements:crystalsproud]
[22Mar2026 23:34:05.256] [Worker-Main-3/ERROR] [net.minecraft.Util/]: Detected setBlock in a far chunk [7, 22], pos: MutableBlockPos{x=113, y=73, z=360}, status: minecraft:features, currently generating: ResourceKey[minecraft:worldgen/placed_feature / ancient_elements:crystalsproud]
[22Mar2026 23:34:05.256] [Worker-Main-3/ERROR] [net.minecraft.Util/]: Detected setBlock in a far chunk [7, 22], pos: MutableBlockPos{x=112, y=76, z=352}, status: minecraft:features, currently generating: ResourceKey[minecraft:worldgen/placed_feature / ancient_elements:crystalsproud]
[22Mar2026 23:34:05.256] [Worker-Main-3/ERROR] [net.minecraft.Util/]: Detected setBlock in a far chunk [7, 22], pos: MutableBlockPos{x=114, y=70, z=365}, status: minecraft:features, currently generating: ResourceKey[minecraft:worldgen/placed_feature / ancient_elements:crystalsproud]
[22Mar2026 23:34:05.256] [Worker-Main-3/ERROR] [net.minecraft.Util/]: Detected setBlock in a far chunk [7, 22], pos: MutableBlockPos{x=113, y=71, z=354}, status: minecraft:features, currently generating: ResourceKey[minecraft:worldgen/placed_feature / ancient_elements:crystalsproud]
[22Mar2026 23:34:05.256] [Worker-Main-3/ERROR] [net.minecraft.Util/]: Detected setBlock in a far chunk [7, 22], pos: MutableBlockPos{x=112, y=74, z=356}, status: minecraft:features, currently generating: ResourceKey[minecraft:worldgen/placed_feature / ancient_elements:crystalsproud]
[22Mar2026 23:34:05.256] [Worker-Main-3/ERROR] [net.minecraft.Util/]: Detected setBlock in a far chunk [7, 22], pos: MutableBlockPos{x=114, y=73, z=360}, status: minecraft:features, currently generating: ResourceKey[minecraft:worldgen/placed_feature / ancient_elements:crystalsproud]
[22Mar2026 23:34:05.256] [Worker-Main-3/ERROR] [net.minecraft.Util/]: Detected setBlock in a far chunk [7, 22], pos: MutableBlockPos{x=114, y=75, z=360}, status: minecraft:features, currently generating: ResourceKey[minecraft:worldgen/placed_feature / ancient_elements:crystalsproud]
[22Mar2026 23:34:05.256] [Worker-Main-3/ERROR] [net.minecraft.Util/]: Detected setBlock in a far chunk [7, 22], pos: MutableBlockPos{x=112, y=76, z=359}, status: minecraft:features, currently generating: ResourceKey[minecraft:worldgen/placed_feature / ancient_elements:crystalsproud]
[22Mar2026 23:34:05.256] [Worker-Main-3/ERROR] [net.minecraft.Util/]: Detected setBlock in a far chunk [7, 22], pos: MutableBlockPos{x=112, y=81, z=361}, status: minecraft:features, currently generating: ResourceKey[minecraft:worldgen/placed_feature / ancient_elements:crystalsproud]
[22Mar2026 23:34:05.256] [Worker-Main-3/ERROR] [net.minecraft.Util/]: Detected setBlock in a far chunk [7, 22], pos: MutableBlockPos{x=113, y=79, z=365}, status: minecraft:features, currently generating: ResourceKey[minecraft:worldgen/placed_feature / ancient_elements:crystalsproud]
[22Mar2026 23:34:05.256] [Worker-Main-3/ERROR] [net.minecraft.Util/]: Detected setBlock in a far chunk [7, 23], pos: MutableBlockPos{x=112, y=75, z=378}, status: minecraft:features, currently generating: ResourceKey[minecraft:worldgen/placed_feature / ancient_elements:crystalsproud]
[22Mar2026 23:34:05.256] [Worker-Main-3/ERROR] [net.minecraft.Util/]: Detected setBlock in a far chunk [7, 23], pos: MutableBlockPos{x=113, y=77, z=371}, status: minecraft:features, currently generating: ResourceKey[minecraft:worldgen/placed_feature / ancient_elements:crystalsproud]
[22Mar2026 23:34:05.257] [Worker-Main-3/ERROR] [net.minecraft.Util/]: Detected setBlock in a far chunk [5, 24], pos: MutableBlockPos{x=90, y=44, z=385}, status: minecraft:features, currently generating: ResourceKey[minecraft:worldgen/placed_feature / ancient_elements:crystalsproud]
[22Mar2026 23:34:05.257] [Worker-Main-3/ERROR] [net.minecraft.Util/]: Detected setBlock in a far chunk [5, 24], pos: MutableBlockPos{x=94, y=45, z=384}, status: minecraft:features, currently generating: ResourceKey[minecraft:worldgen/placed_feature / ancient_elements:crystalsproud]
[22Mar2026 23:34:05.257] [Worker-Main-3/ERROR] [net.minecraft.Util/]: Detected setBlock in a far chunk [6, 24], pos: MutableBlockPos{x=99, y=44, z=384}, status: minecraft:features, currently generating: ResourceKey[minecraft:worldgen/placed_feature / ancient_elements:crystalsproud]
[22Mar2026 23:34:05.257] [Worker-Main-3/ERROR] [net.minecraft.Util/]: Detected setBlock in a far chunk [5, 24], pos: MutableBlockPos{x=85, y=51, z=384}, status: minecraft:features, currently generating: ResourceKey[minecraft:worldgen/placed_feature / ancient_elements:crystalsproud]
[22Mar2026 23:34:05.257] [Worker-Main-3/ERROR] [net.minecraft.Util/]: Detected setBlock in a far chunk [7, 23], pos: MutableBlockPos{x=117, y=10, z=373}, status: minecraft:features, currently generating: ResourceKey[minecraft:worldgen/placed_feature / ancient_elements:crystalsproud]
[22Mar2026 23:34:05.257] [Worker-Main-3/ERROR] [net.minecraft.Util/]: Detected setBlock in a far chunk [7, 23], pos: MutableBlockPos{x=118, y=13, z=371}, status: minecraft:features, currently generating: ResourceKey[minecraft:worldgen/placed_feature / ancient_elements:crystalsproud]
[22Mar2026 23:34:05.257] [Worker-Main-3/ERROR] [net.minecraft.Util/]: Detected setBlock in a far chunk [7, 23], pos: MutableBlockPos{x=116, y=18, z=375}, status: minecraft:features, currently generating: ResourceKey[minecraft:worldgen/placed_feature / ancient_elements:crystalsproud]
[22Mar2026 23:34:05.257] [Worker-Main-3/ERROR] [net.minecraft.Util/]: Detected setBlock in a far chunk [7, 23], pos: MutableBlockPos{x=114, y=10, z=382}, status: minecraft:features, currently generating: ResourceKey[minecraft:worldgen/placed_feature / ancient_elements:crystalsproud]
[22Mar2026 23:34:05.257] [Worker-Main-3/ERROR] [net.minecraft.Util/]: Detected setBlock in a far chunk [7, 23], pos: MutableBlockPos{x=114, y=15, z=373}, status: minecraft:features, currently generating: ResourceKey[minecraft:worldgen/placed_feature / ancient_elements:crystalsproud]
[22Mar2026 23:34:05.257] [Worker-Main-3/ERROR] [net.minecraft.Util/]: Detected setBlock in a far chunk [7, 23], pos: MutableBlockPos{x=115, y=12, z=372}, status: minecraft:features, currently generating: ResourceKey[minecraft:worldgen/placed_feature / ancient_elements:crystalsproud]
[22Mar2026 23:34:05.258] [Worker-Main-3/ERROR] [net.minecraft.Util/]: Detected setBlock in a far chunk [7, 22], pos: MutableBlockPos{x=115, y=11, z=367}, status: minecraft:features, currently generating: ResourceKey[minecraft:worldgen/placed_feature / ancient_elements:crystalsproud]
[22Mar2026 23:34:05.258] [Worker-Main-3/ERROR] [net.minecraft.Util/]: Detected setBlock in a far chunk [7, 23], pos: MutableBlockPos{x=116, y=10, z=371}, status: minecraft:features, currently generating: ResourceKey[minecraft:worldgen/placed_feature / ancient_elements:crystalsproud]
[22Mar2026 23:34:05.258] [Worker-Main-3/ERROR] [net.minecraft.Util/]: Detected setBlock in a far chunk [7, 22], pos: MutableBlockPos{x=112, y=17, z=363}, status: minecraft:features, currently generating: ResourceKey[minecraft:worldgen/placed_feature / ancient_elements:crystalsproud]
[22Mar2026 23:34:05.258] [Worker-Main-3/ERROR] [net.minecraft.Util/]: Detected setBlock in a far chunk [7, 23], pos: MutableBlockPos{x=114, y=17, z=370}, status: minecraft:features, currently generating: ResourceKey[minecraft:worldgen/placed_feature / ancient_elements:crystalsproud]
[22Mar2026 23:34:05.258] [Worker-Main-3/ERROR] [net.minecraft.Util/]: Detected setBlock in a far chunk [7, 22], pos: MutableBlockPos{x=113, y=13, z=364}, status: minecraft:features, currently generating: ResourceKey[minecraft:worldgen/placed_feature / ancient_elements:crystalsproud]
[22Mar2026 23:34:05.258] [Worker-Main-3/ERROR] [net.minecraft.Util/]: Detected setBlock in a far chunk [7, 22], pos: MutableBlockPos{x=117, y=13, z=366}, status: minecraft:features, currently generating: ResourceKey[minecraft:worldgen/placed_feature / ancient_elements:crystalsproud]
[22Mar2026 23:34:05.258] [Worker-Main-3/ERROR] [net.minecraft.Util/]: Detected setBlock in a far chunk [7, 23], pos: MutableBlockPos{x=116, y=13, z=373}, status: minecraft:features, currently generating: ResourceKey[minecraft:worldgen/placed_feature / ancient_elements:crystalsproud]
[22Mar2026 23:34:05.258] [Worker-Main-3/ERROR] [net.minecraft.Util/]: Detected setBlock in a far chunk [7, 23], pos: MutableBlockPos{x=113, y=10, z=381}, status: minecraft:features, currently generating: ResourceKey[minecraft:worldgen/placed_feature / ancient_elements:crystalsproud]
[22Mar2026 23:34:05.258] [Worker-Main-3/ERROR] [net.minecraft.Util/]: Detected setBlock in a far chunk [6, 24], pos: MutableBlockPos{x=98, y=35, z=384}, status: minecraft:features, currently generating: ResourceKey[minecraft:worldgen/placed_feature / ancient_elements:crystalsproud]
[22Mar2026 23:34:05.258] [Worker-Main-3/ERROR] [net.minecraft.Util/]: Detected setBlock in a far chunk [6, 24], pos: MutableBlockPos{x=96, y=40, z=384}, status: minecraft:features, currently generating: ResourceKey[minecraft:worldgen/placed_feature / ancient_elements:crystalsproud]
[22Mar2026 23:34:05.259] [Worker-Main-3/ERROR] [net.minecraft.Util/]: Detected setBlock in a far chunk [7, 23], pos: MutableBlockPos{x=113, y=26, z=368}, status: minecraft:features, currently generating: ResourceKey[minecraft:worldgen/placed_feature / ancient_elements:crystalsproud]
[22Mar2026 23:34:05.259] [Worker-Main-3/ERROR] [net.minecraft.Util/]: Detected setBlock in a far chunk [7, 23], pos: MutableBlockPos{x=112, y=24, z=375}, status: minecraft:features, currently generating: ResourceKey[minecraft:worldgen/placed_feature / ancient_elements:crystalsproud]
[22Mar2026 23:34:05.259] [Worker-Main-3/ERROR] [net.minecraft.Util/]: Detected setBlock in a far chunk [7, 23], pos: MutableBlockPos{x=112, y=25, z=376}, status: minecraft:features, currently generating: ResourceKey[minecraft:worldgen/placed_feature / ancient_elements:crystalsproud]
[22Mar2026 23:34:05.259] [Worker-Main-3/ERROR] [net.minecraft.Util/]: Detected setBlock in a far chunk [7, 22], pos: MutableBlockPos{x=112, y=25, z=361}, status: minecraft:features, currently generating: ResourceKey[minecraft:worldgen/placed_feature / ancient_elements:crystalsproud]
[22Mar2026 23:34:05.259] [Worker-Main-3/ERROR] [net.minecraft.Util/]: Detected setBlock in a far chunk [7, 21], pos: MutableBlockPos{x=115, y=-31, z=349}, status: minecraft:features, currently generating: ResourceKey[minecraft:worldgen/placed_feature / ancient_elements:crystalsproud]
[22Mar2026 23:34:05.259] [Worker-Main-3/ERROR] [net.minecraft.Util/]: Detected setBlock in a far chunk [7, 22], pos: MutableBlockPos{x=113, y=-28, z=366}, status: minecraft:features, currently generating: ResourceKey[minecraft:worldgen/placed_feature / ancient_elements:crystalsproud]
[22Mar2026 23:34:05.259] [Worker-Main-3/ERROR] [net.minecraft.Util/]: Detected setBlock in a far chunk [7, 22], pos: MutableBlockPos{x=112, y=-28, z=366}, status: minecraft:features, currently generating: ResourceKey[minecraft:worldgen/placed_feature / ancient_elements:crystalsproud]
[22Mar2026 23:34:05.259] [Worker-Main-3/ERROR] [net.minecraft.Util/]: Detected setBlock in a far chunk [7, 22], pos: MutableBlockPos{x=112, y=-24, z=363}, status: minecraft:features, currently generating: ResourceKey[minecraft:worldgen/placed_feature / ancient_elements:crystalsproud]
[22Mar2026 23:34:05.259] [Worker-Main-3/ERROR] [net.minecraft.Util/]: Detected setBlock in a far chunk [7, 21], pos: MutableBlockPos{x=112, y=-26, z=349}, status: minecraft:features, currently generating: ResourceKey[minecraft:worldgen/placed_feature / ancient_elements:crystalsproud]
[22Mar2026 23:34:05.260] [Worker-Main-3/ERROR] [net.minecraft.Util/]: Detected setBlock in a far chunk [7, 22], pos: MutableBlockPos{x=115, y=-29, z=353}, status: minecraft:features, currently generating: ResourceKey[minecraft:worldgen/placed_feature / ancient_elements:crystalsproud]
[22Mar2026 23:34:05.260] [Worker-Main-3/ERROR] [net.minecraft.Util/]: Detected setBlock in a far chunk [7, 22], pos: MutableBlockPos{x=113, y=-28, z=357}, status: minecraft:features, currently generating: ResourceKey[minecraft:worldgen/placed_feature / ancient_elements:crystalsproud]
[22Mar2026 23:34:05.260] [Worker-Main-3/ERROR] [net.minecraft.Util/]: Detected setBlock in a far chunk [7, 22], pos: MutableBlockPos{x=113, y=-27, z=359}, status: minecraft:features, currently generating: ResourceKey[minecraft:worldgen/placed_feature / ancient_elements:crystalsproud]
[22Mar2026 23:34:05.260] [Worker-Main-3/ERROR] [net.minecraft.Util/]: Detected setBlock in a far chunk [7, 23], pos: MutableBlockPos{x=117, y=-32, z=368}, status: minecraft:features, currently generating: ResourceKey[minecraft:worldgen/placed_feature / ancient_elements:crystalsproud]
[22Mar2026 23:34:05.260] [Worker-Main-3/ERROR] [net.minecraft.Util/]: Detected setBlock in a far chunk [7, 22], pos: MutableBlockPos{x=114, y=-26, z=352}, status: minecraft:features, currently generating: ResourceKey[minecraft:worldgen/placed_feature / ancient_elements:crystalsproud]
[22Mar2026 23:34:05.260] [Worker-Main-3/ERROR] [net.minecraft.Util/]: Detected setBlock in a far chunk [7, 21], pos: MutableBlockPos{x=115, y=-27, z=350}, status: minecraft:features, currently generating: ResourceKey[minecraft:worldgen/placed_feature / ancient_elements:crystalsproud]
[22Mar2026 23:34:05.260] [Worker-Main-3/ERROR] [net.minecraft.Util/]: Detected setBlock in a far chunk [7, 22], pos: MutableBlockPos{x=117, y=-24, z=353}, status: minecraft:features, currently generating: ResourceKey[minecraft:worldgen/placed_feature / ancient_elements:crystalsproud]
[22Mar2026 23:34:05.260] [Worker-Main-3/ERROR] [net.minecraft.Util/]: Detected setBlock in a far chunk [7, 22], pos: MutableBlockPos{x=114, y=-34, z=361}, status: minecraft:features, currently generating: ResourceKey[minecraft:worldgen/placed_feature / ancient_elements:crystalsproud]
[22Mar2026 23:34:05.260] [Worker-Main-3/ERROR] [net.minecraft.Util/]: Detected setBlock in a far chunk [7, 22], pos: MutableBlockPos{x=113, y=-23, z=361}, status: minecraft:features, currently generating: ResourceKey[minecraft:worldgen/placed_feature / ancient_elements:crystalsproud]
[22Mar2026 23:34:05.260] [Worker-Main-3/ERROR] [net.minecraft.Util/]: Detected setBlock in a far chunk [7, 22], pos: MutableBlockPos{x=117, y=-25, z=363}, status: minecraft:features, currently generating: ResourceKey[minecraft:worldgen/placed_feature / ancient_elements:crystalsproud]
[22Mar2026 23:34:05.260] [Worker-Main-3/ERROR] [net.minecraft.Util/]: Detected setBlock in a far chunk [7, 22], pos: MutableBlockPos{x=115, y=-31, z=361}, status: minecraft:features, currently generating: ResourceKey[minecraft:worldgen/placed_feature / ancient_elements:crystalsproud]
[22Mar2026 23:34:05.261] [Worker-Main-3/ERROR] [net.minecraft.Util/]: Detected setBlock in a far chunk [7, 22], pos: MutableBlockPos{x=116, y=-29, z=358}, status: minecraft:features, currently generating: ResourceKey[minecraft:worldgen/placed_feature / ancient_elements:crystalsproud]
[22Mar2026 23:34:05.261] [Worker-Main-3/ERROR] [net.minecraft.Util/]: Detected setBlock in a far chunk [7, 22], pos: MutableBlockPos{x=113, y=-31, z=359}, status: minecraft:features, currently generating: ResourceKey[minecraft:worldgen/placed_feature / ancient_elements:crystalsproud]
[22Mar2026 23:34:05.261] [Worker-Main-3/ERROR] [net.minecraft.Util/]: Detected setBlock in a far chunk [7, 21], pos: MutableBlockPos{x=117, y=-28, z=350}, status: minecraft:features, currently generating: ResourceKey[minecraft:worldgen/placed_feature / ancient_elements:crystalsproud]
[22Mar2026 23:34:05.261] [Worker-Main-3/ERROR] [net.minecraft.Util/]: Detected setBlock in a far chunk [7, 22], pos: MutableBlockPos{x=113, y=-25, z=361}, status: minecraft:features, currently generating: ResourceKey[minecraft:worldgen/placed_feature / ancient_elements:crystalsproud]
[22Mar2026 23:34:05.261] [Worker-Main-3/ERROR] [net.minecraft.Util/]: Detected setBlock in a far chunk [7, 23], pos: MutableBlockPos{x=113, y=16, z=368}, status: minecraft:features, currently generating: ResourceKey[minecraft:worldgen/placed_feature / ancient_elements:crystalsproud]
[22Mar2026 23:34:05.261] [Worker-Main-3/ERROR] [net.minecraft.Util/]: Detected setBlock in a far chunk [7, 23], pos: MutableBlockPos{x=112, y=-39, z=374}, status: minecraft:features, currently generating: ResourceKey[minecraft:worldgen/placed_feature / ancient_elements:crystalsproud]
[22Mar2026 23:34:05.261] [Worker-Main-3/ERROR] [net.minecraft.Util/]: Detected setBlock in a far chunk [7, 23], pos: MutableBlockPos{x=115, y=-37, z=371}, status: minecraft:features, currently generating: ResourceKey[minecraft:worldgen/placed_feature / ancient_elements:crystalsproud]
[22Mar2026 23:34:05.261] [Worker-Main-3/ERROR] [net.minecraft.Util/]: Detected setBlock in a far chunk [7, 22], pos: MutableBlockPos{x=115, y=-37, z=358}, status: minecraft:features, currently generating: ResourceKey[minecraft:worldgen/placed_feature / ancient_elements:crystalsproud]
[22Mar2026 23:34:05.265] [Worker-Main-3/ERROR] [net.minecraft.Util/]: Detected setBlock in a far chunk [7, 23], pos: MutableBlockPos{x=112, y=-33, z=369}, status: minecraft:features, currently generating: ResourceKey[minecraft:worldgen/placed_feature / ancient_elements:crystalsproud]
[22Mar2026 23:34:05.265] [Worker-Main-3/ERROR] [net.minecraft.Util/]: Detected setBlock in a far chunk [7, 22], pos: MutableBlockPos{x=113, y=-37, z=363}, status: minecraft:features, currently generating: ResourceKey[minecraft:worldgen/placed_feature / ancient_elements:crystalsproud]
[22Mar2026 23:34:05.265] [Worker-Main-3/ERROR] [net.minecraft.Util/]: Detected setBlock in a far chunk [7, 22], pos: MutableBlockPos{x=116, y=-40, z=359}, status: minecraft:features, currently generating: ResourceKey[minecraft:worldgen/placed_feature / ancient_elements:crystalsproud]
[22Mar2026 23:34:05.265] [Worker-Main-3/ERROR] [net.minecraft.Util/]: Detected setBlock in a far chunk [7, 22], pos: MutableBlockPos{x=114, y=-33, z=362}, status: minecraft:features, currently generating: ResourceKey[minecraft:worldgen/placed_feature / ancient_elements:crystalsproud]
[22Mar2026 23:34:05.265] [Worker-Main-3/ERROR] [net.minecraft.Util/]: Detected setBlock in a far chunk [7, 23], pos: MutableBlockPos{x=112, y=-34, z=368}, status: minecraft:features, currently generating: ResourceKey[minecraft:worldgen/placed_feature / ancient_elements:crystalsproud]
[22Mar2026 23:34:05.265] [Worker-Main-3/ERROR] [net.minecraft.Util/]: Detected setBlock in a far chunk [7, 22], pos: MutableBlockPos{x=113, y=-40, z=367}, status: minecraft:features, currently generating: ResourceKey[minecraft:worldgen/placed_feature / ancient_elements:crystalsproud]
[22Mar2026 23:34:05.265] [Worker-Main-3/ERROR] [net.minecraft.Util/]: Detected setBlock in a far chunk [7, 22], pos: MutableBlockPos{x=113, y=-42, z=358}, status: minecraft:features, currently generating: ResourceKey[minecraft:worldgen/placed_feature / ancient_elements:crystalsproud]
[22Mar2026 23:34:05.265] [Worker-Main-3/ERROR] [net.minecraft.Util/]: Detected setBlock in a far chunk [7, 23], pos: MutableBlockPos{x=113, y=-37, z=375}, status: minecraft:features, currently generating: ResourceKey[minecraft:worldgen/placed_feature / ancient_elements:crystalsproud]
[22Mar2026 23:34:05.265] [Worker-Main-3/ERROR] [net.minecraft.Util/]: Detected setBlock in a far chunk [7, 22], pos: MutableBlockPos{x=113, y=-38, z=361}, status: minecraft:features, currently generating: ResourceKey[minecraft:worldgen/placed_feature / ancient_elements:crystalsproud]
[22Mar2026 23:34:05.265] [Worker-Main-3/ERROR] [net.minecraft.Util/]: Detected setBlock in a far chunk [7, 22], pos: MutableBlockPos{x=114, y=-39, z=361}, status: minecraft:features, currently generating: ResourceKey[minecraft:worldgen/placed_feature / ancient_elements:crystalsproud]
[22Mar2026 23:34:05.266] [Worker-Main-3/ERROR] [net.minecraft.Util/]: Detected setBlock in a far chunk [7, 23], pos: MutableBlockPos{x=113, y=-41, z=368}, status: minecraft:features, currently generating: ResourceKey[minecraft:worldgen/placed_feature / ancient_elements:crystalsproud]
[22Mar2026 23:34:05.266] [Worker-Main-3/ERROR] [net.minecraft.Util/]: Detected setBlock in a far chunk [7, 22], pos: MutableBlockPos{x=115, y=-40, z=364}, status: minecraft:features, currently generating: ResourceKey[minecraft:worldgen/placed_feature / ancient_elements:crystalsproud]
[22Mar2026 23:34:05.599] [Worker-Main-3/ERROR] [net.minecraft.Util/]: Detected setBlock in a far chunk [5, 27], pos: MutableBlockPos{x=89, y=65, z=432}, status: minecraft:features, currently generating: ResourceKey[minecraft:worldgen/placed_feature / ancient_elements:crystalsproud]
[22Mar2026 23:34:05.599] [Worker-Main-3/ERROR] [net.minecraft.Util/]: Detected setBlock in a far chunk [4, 27], pos: MutableBlockPos{x=75, y=66, z=433}, status: minecraft:features, currently generating: ResourceKey[minecraft:worldgen/placed_feature / ancient_elements:crystalsproud]
[22Mar2026 23:34:05.599] [Worker-Main-3/ERROR] [net.minecraft.Util/]: Detected setBlock in a far chunk [5, 27], pos: MutableBlockPos{x=81, y=59, z=432}, status: minecraft:features, currently generating: ResourceKey[minecraft:worldgen/placed_feature / ancient_elements:crystalsproud]
[22Mar2026 23:34:05.599] [Worker-Main-3/ERROR] [net.minecraft.Util/]: Detected setBlock in a far chunk [5, 27], pos: MutableBlockPos{x=87, y=61, z=433}, status: minecraft:features, currently generating: ResourceKey[minecraft:worldgen/placed_feature / ancient_elements:crystalsproud]
[22Mar2026 23:34:05.599] [Worker-Main-3/ERROR] [net.minecraft.Util/]: Detected setBlock in a far chunk [5, 27], pos: MutableBlockPos{x=85, y=61, z=432}, status: minecraft:features, currently generating: ResourceKey[minecraft:worldgen/placed_feature / ancient_elements:crystalsproud]
[22Mar2026 23:34:05.599] [Worker-Main-3/ERROR] [net.minecraft.Util/]: Detected setBlock in a far chunk [5, 27], pos: MutableBlockPos{x=82, y=62, z=434}, status: minecraft:features, currently generating: ResourceKey[minecraft:worldgen/placed_feature / ancient_elements:crystalsproud]
[22Mar2026 23:34:05.599] [Worker-Main-3/ERROR] [net.minecraft.Util/]: Detected setBlock in a far chunk [5, 27], pos: MutableBlockPos{x=86, y=62, z=432}, status: minecraft:features, currently generating: ResourceKey[minecraft:worldgen/placed_feature / ancient_elements:crystalsproud]
[22Mar2026 23:34:05.599] [Worker-Main-3/ERROR] [net.minecraft.Util/]: Detected setBlock in a far chunk [4, 27], pos: MutableBlockPos{x=79, y=63, z=433}, status: minecraft:features, currently generating: ResourceKey[minecraft:worldgen/placed_feature / ancient_elements:crystalsproud]
[22Mar2026 23:34:05.599] [Worker-Main-3/ERROR] [net.minecraft.Util/]: Detected setBlock in a far chunk [5, 27], pos: MutableBlockPos{x=84, y=62, z=436}, status: minecraft:features, currently generating: ResourceKey[minecraft:worldgen/placed_feature / ancient_elements:crystalsproud]
[22Mar2026 23:34:05.599] [Worker-Main-3/ERROR] [net.minecraft.Util/]: Detected setBlock in a far chunk [5, 27], pos: MutableBlockPos{x=83, y=66, z=432}, status: minecraft:features, currently generating: ResourceKey[minecraft:worldgen/placed_feature / ancient_elements:crystalsproud]
[22Mar2026 23:34:05.600] [Worker-Main-3/ERROR] [net.minecraft.Util/]: Detected setBlock in a far chunk [5, 27], pos: MutableBlockPos{x=92, y=59, z=434}, status: minecraft:features, currently generating: ResourceKey[minecraft:worldgen/placed_feature / ancient_elements:crystalsproud]
[22Mar2026 23:34:05.600] [Worker-Main-3/ERROR] [net.minecraft.Util/]: Detected setBlock in a far chunk [4, 27], pos: MutableBlockPos{x=75, y=63, z=433}, status: minecraft:features, currently generating: ResourceKey[minecraft:worldgen/placed_feature / ancient_elements:crystalsproud]
[22Mar2026 23:34:05.600] [Worker-Main-3/ERROR] [net.minecraft.Util/]: Detected setBlock in a far chunk [5, 27], pos: MutableBlockPos{x=80, y=63, z=434}, status: minecraft:features, currently generating: ResourceKey[minecraft:worldgen/placed_feature / ancient_elements:crystalsproud]
[22Mar2026 23:34:05.600] [Worker-Main-3/ERROR] [net.minecraft.Util/]: Detected setBlock in a far chunk [5, 27], pos: MutableBlockPos{x=87, y=63, z=440}, status: minecraft:features, currently generating: ResourceKey[minecraft:worldgen/placed_feature / ancient_elements:crystalsproud]
[22Mar2026 23:34:05.600] [Worker-Main-3/ERROR] [net.minecraft.Util/]: Detected setBlock in a far chunk [5, 27], pos: MutableBlockPos{x=84, y=64, z=436}, status: minecraft:features, currently generating: ResourceKey[minecraft:worldgen/placed_feature / ancient_elements:crystalsproud]
[22Mar2026 23:34:05.600] [Worker-Main-3/ERROR] [net.minecraft.Util/]: Detected setBlock in a far chunk [5, 27], pos: MutableBlockPos{x=80, y=65, z=438}, status: minecraft:features, currently generating: ResourceKey[minecraft:worldgen/placed_feature / ancient_elements:crystalsproud]
[22Mar2026 23:34:05.600] [Worker-Main-3/ERROR] [net.minecraft.Util/]: Detected setBlock in a far chunk [4, 27], pos: MutableBlockPos{x=78, y=64, z=435}, status: minecraft:features, currently generating: ResourceKey[minecraft:worldgen/placed_feature / ancient_elements:crystalsproud]
[22Mar2026 23:34:05.600] [Worker-Main-3/ERROR] [net.minecraft.Util/]: Detected setBlock in a far chunk [5, 27], pos: MutableBlockPos{x=90, y=64, z=433}, status: minecraft:features, currently generating: ResourceKey[minecraft:worldgen/placed_feature / ancient_elements:crystalsproud]
[22Mar2026 23:34:05.600] [Worker-Main-3/ERROR] [net.minecraft.Util/]: Detected setBlock in a far chunk [5, 27], pos: MutableBlockPos{x=85, y=62, z=434}, status: minecraft:features, currently generating: ResourceKey[minecraft:worldgen/placed_feature / ancient_elements:crystalsproud]
[22Mar2026 23:34:05.600] [Worker-Main-3/ERROR] [net.minecraft.Util/]: Detected setBlock in a far chunk [4, 27], pos: MutableBlockPos{x=76, y=68, z=432}, status: minecraft:features, currently generating: ResourceKey[minecraft:worldgen/placed_feature / ancient_elements:crystalsproud]
[22Mar2026 23:34:05.600] [Worker-Main-3/ERROR] [net.minecraft.Util/]: Detected setBlock in a far chunk [5, 27], pos: MutableBlockPos{x=83, y=63, z=435}, status: minecraft:features, currently generating: ResourceKey[minecraft:worldgen/placed_feature / ancient_elements:crystalsproud]
[22Mar2026 23:34:05.600] [Worker-Main-3/ERROR] [net.minecraft.Util/]: Detected setBlock in a far chunk [4, 27], pos: MutableBlockPos{x=79, y=64, z=432}, status: minecraft:features, currently generating: ResourceKey[minecraft:worldgen/placed_feature / ancient_elements:crystalsproud]
[22Mar2026 23:34:05.600] [Worker-Main-3/ERROR] [net.minecraft.Util/]: Detected setBlock in a far chunk [5, 27], pos: MutableBlockPos{x=95, y=74, z=432}, status: minecraft:features, currently generating: ResourceKey[minecraft:worldgen/placed_feature / ancient_elements:crystalsproud]
[22Mar2026 23:34:05.600] [Worker-Main-3/ERROR] [net.minecraft.Util/]: Detected setBlock in a far chunk [6, 27], pos: MutableBlockPos{x=105, y=72, z=433}, status: minecraft:features, currently generating: ResourceKey[minecraft:worldgen/placed_feature / ancient_elements:crystalsproud]
[22Mar2026 23:34:05.601] [Worker-Main-3/ERROR] [net.minecraft.Util/]: Detected setBlock in a far chunk [5, 27], pos: MutableBlockPos{x=94, y=69, z=434}, status: minecraft:features, currently generating: ResourceKey[minecraft:worldgen/placed_feature / ancient_elements:crystalsproud]
[22Mar2026 23:34:05.601] [Worker-Main-3/ERROR] [net.minecraft.Util/]: Detected setBlock in a far chunk [5, 27], pos: MutableBlockPos{x=92, y=59, z=432}, status: minecraft:features, currently generating: ResourceKey[minecraft:worldgen/placed_feature / ancient_elements:crystalsproud]
[22Mar2026 23:34:05.601] [Worker-Main-3/ERROR] [net.minecraft.Util/]: Detected setBlock in a far chunk [6, 27], pos: MutableBlockPos{x=96, y=61, z=433}, status: minecraft:features, currently generating: ResourceKey[minecraft:worldgen/placed_feature / ancient_elements:crystalsproud]
[22Mar2026 23:34:05.601] [Worker-Main-3/ERROR] [net.minecraft.Util/]: Detected setBlock in a far chunk [5, 27], pos: MutableBlockPos{x=92, y=63, z=435}, status: minecraft:features, currently generating: ResourceKey[minecraft:worldgen/placed_feature / ancient_elements:crystalsproud]
[22Mar2026 23:34:05.601] [Worker-Main-3/ERROR] [net.minecraft.Util/]: Detected setBlock in a far chunk [5, 27], pos: MutableBlockPos{x=94, y=68, z=436}, status: minecraft:features, currently generating: ResourceKey[minecraft:worldgen/placed_feature / ancient_elements:crystalsproud]
[22Mar2026 23:34:05.601] [Worker-Main-3/ERROR] [net.minecraft.Util/]: Detected setBlock in a far chunk [5, 27], pos: MutableBlockPos{x=95, y=63, z=438}, status: minecraft:features, currently generating: ResourceKey[minecraft:worldgen/placed_feature / ancient_elements:crystalsproud]
[22Mar2026 23:34:05.601] [Worker-Main-3/ERROR] [net.minecraft.Util/]: Detected setBlock in a far chunk [5, 27], pos: MutableBlockPos{x=89, y=67, z=432}, status: minecraft:features, currently generating: ResourceKey[minecraft:worldgen/placed_feature / ancient_elements:crystalsproud]
[22Mar2026 23:34:05.601] [Worker-Main-3/ERROR] [net.minecraft.Util/]: Detected setBlock in a far chunk [5, 27], pos: MutableBlockPos{x=88, y=65, z=440}, status: minecraft:features, currently generating: ResourceKey[minecraft:worldgen/placed_feature / ancient_elements:crystalsproud]
[22Mar2026 23:34:05.601] [Worker-Main-3/ERROR] [net.minecraft.Util/]: Detected setBlock in a far chunk [5, 27], pos: MutableBlockPos{x=95, y=57, z=433}, status: minecraft:features, currently generating: ResourceKey[minecraft:worldgen/placed_feature / ancient_elements:crystalsproud]
[22Mar2026 23:34:05.602] [Worker-Main-3/ERROR] [net.minecraft.Util/]: Detected setBlock in a far chunk [4, 27], pos: MutableBlockPos{x=79, y=63, z=440}, status: minecraft:features, currently generating: ResourceKey[minecraft:worldgen/placed_feature / ancient_elements:crystalsproud]
[22Mar2026 23:34:05.602] [Worker-Main-3/ERROR] [net.minecraft.Util/]: Detected setBlock in a far chunk [5, 27], pos: MutableBlockPos{x=87, y=62, z=437}, status: minecraft:features, currently generating: ResourceKey[minecraft:worldgen/placed_feature / ancient_elements:crystalsproud]
[22Mar2026 23:34:05.602] [Worker-Main-3/ERROR] [net.minecraft.Util/]: Detected setBlock in a far chunk [5, 27], pos: MutableBlockPos{x=95, y=61, z=434}, status: minecraft:features, currently generating: ResourceKey[minecraft:worldgen/placed_feature / ancient_elements:crystalsproud]
[22Mar2026 23:34:05.602] [Worker-Main-3/ERROR] [net.minecraft.Util/]: Detected setBlock in a far chunk [5, 27], pos: MutableBlockPos{x=84, y=63, z=433}, status: minecraft:features, currently generating: ResourceKey[minecraft:worldgen/placed_feature / ancient_elements:crystalsproud]
[22Mar2026 23:34:05.602] [Worker-Main-3/ERROR] [net.minecraft.Util/]: Detected setBlock in a far chunk [5, 27], pos: MutableBlockPos{x=95, y=65, z=434}, status: minecraft:features, currently generating: ResourceKey[minecraft:worldgen/placed_feature / ancient_elements:crystalsproud]
[22Mar2026 23:34:05.602] [Worker-Main-3/ERROR] [net.minecraft.Util/]: Detected setBlock in a far chunk [5, 27], pos: MutableBlockPos{x=91, y=66, z=439}, status: minecraft:features, currently generating: ResourceKey[minecraft:worldgen/placed_feature / ancient_elements:crystalsproud]
[22Mar2026 23:34:05.602] [Worker-Main-3/ERROR] [net.minecraft.Util/]: Detected setBlock in a far chunk [5, 27], pos: MutableBlockPos{x=90, y=64, z=433}, status: minecraft:features, currently generating: ResourceKey[minecraft:worldgen/placed_feature / ancient_elements:crystalsproud]
[22Mar2026 23:34:05.602] [Worker-Main-3/ERROR] [net.minecraft.Util/]: Detected setBlock in a far chunk [5, 27], pos: MutableBlockPos{x=92, y=68, z=433}, status: minecraft:features, currently generating: ResourceKey[minecraft:worldgen/placed_feature / ancient_elements:crystalsproud]
[22Mar2026 23:34:05.602] [Worker-Main-3/ERROR] [net.minecraft.Util/]: Detected setBlock in a far chunk [5, 27], pos: MutableBlockPos{x=94, y=67, z=434}, status: minecraft:features, currently generating: ResourceKey[minecraft:worldgen/placed_feature / ancient_elements:crystalsproud]
[22Mar2026 23:34:05.603] [Worker-Main-3/ERROR] [net.minecraft.Util/]: Detected setBlock in a far chunk [5, 27], pos: MutableBlockPos{x=89, y=58, z=432}, status: minecraft:features, currently generating: ResourceKey[minecraft:worldgen/placed_feature / ancient_elements:crystalsproud]
[22Mar2026 23:34:05.603] [Worker-Main-3/ERROR] [net.minecraft.Util/]: Detected setBlock in a far chunk [5, 27], pos: MutableBlockPos{x=90, y=62, z=434}, status: minecraft:features, currently generating: ResourceKey[minecraft:worldgen/placed_feature / ancient_elements:crystalsproud]
[22Mar2026 23:34:05.603] [Worker-Main-3/ERROR] [net.minecraft.Util/]: Detected setBlock in a far chunk [5, 27], pos: MutableBlockPos{x=86, y=63, z=434}, status: minecraft:features, currently generating: ResourceKey[minecraft:worldgen/placed_feature / ancient_elements:crystalsproud]
[22Mar2026 23:34:05.603] [Worker-Main-3/ERROR] [net.minecraft.Util/]: Detected setBlock in a far chunk [5, 27], pos: MutableBlockPos{x=92, y=63, z=436}, status: minecraft:features, currently generating: ResourceKey[minecraft:worldgen/placed_feature / ancient_elements:crystalsproud]
[22Mar2026 23:34:05.603] [Worker-Main-3/ERROR] [net.minecraft.Util/]: Detected setBlock in a far chunk [5, 27], pos: MutableBlockPos{x=85, y=66, z=433}, status: minecraft:features, currently generating: ResourceKey[minecraft:worldgen/placed_feature / ancient_elements:crystalsproud]
[22Mar2026 23:34:05.603] [Worker-Main-3/ERROR] [net.minecraft.Util/]: Detected setBlock in a far chunk [5, 27], pos: MutableBlockPos{x=88, y=61, z=439}, status: minecraft:features, currently generating: ResourceKey[minecraft:worldgen/placed_feature / ancient_elements:crystalsproud]
[22Mar2026 23:34:05.603] [Worker-Main-3/ERROR] [net.minecraft.Util/]: Detected setBlock in a far chunk [5, 27], pos: MutableBlockPos{x=85, y=63, z=438}, status: minecraft:features, currently generating: ResourceKey[minecraft:worldgen/placed_feature / ancient_elements:crystalsproud]
[22Mar2026 23:34:05.603] [Worker-Main-3/ERROR] [net.minecraft.Util/]: Detected setBlock in a far chunk [5, 27], pos: MutableBlockPos{x=82, y=63, z=435}, status: minecraft:features, currently generating: ResourceKey[minecraft:worldgen/placed_feature / ancient_elements:crystalsproud]
[22Mar2026 23:34:05.604] [Worker-Main-3/ERROR] [net.minecraft.Util/]: Detected setBlock in a far chunk [6, 27], pos: MutableBlockPos{x=100, y=60, z=433}, status: minecraft:features, currently generating: ResourceKey[minecraft:worldgen/placed_feature / ancient_elements:crystalsproud]
[22Mar2026 23:34:05.604] [Worker-Main-3/ERROR] [net.minecraft.Util/]: Detected setBlock in a far chunk [6, 27], pos: MutableBlockPos{x=103, y=68, z=434}, status: minecraft:features, currently generating: ResourceKey[minecraft:worldgen/placed_feature / ancient_elements:crystalsproud]
[22Mar2026 23:34:05.604] [Worker-Main-3/ERROR] [net.minecraft.Util/]: Detected setBlock in a far chunk [6, 27], pos: MutableBlockPos{x=101, y=65, z=433}, status: minecraft:features, currently generating: ResourceKey[minecraft:worldgen/placed_feature / ancient_elements:crystalsproud]
[22Mar2026 23:34:05.604] [Worker-Main-3/ERROR] [net.minecraft.Util/]: Detected setBlock in a far chunk [5, 27], pos: MutableBlockPos{x=91, y=60, z=436}, status: minecraft:features, currently generating: ResourceKey[minecraft:worldgen/placed_feature / ancient_elements:crystalsproud]
[22Mar2026 23:34:05.604] [Worker-Main-3/ERROR] [net.minecraft.Util/]: Detected setBlock in a far chunk [6, 27], pos: MutableBlockPos{x=96, y=67, z=434}, status: minecraft:features, currently generating: ResourceKey[minecraft:worldgen/placed_feature / ancient_elements:crystalsproud]
[22Mar2026 23:34:05.604] [Worker-Main-3/ERROR] [net.minecraft.Util/]: Detected setBlock in a far chunk [5, 27], pos: MutableBlockPos{x=94, y=67, z=436}, status: minecraft:features, currently generating: ResourceKey[minecraft:worldgen/placed_feature / ancient_elements:crystalsproud]
[22Mar2026 23:34:05.604] [Worker-Main-3/ERROR] [net.minecraft.Util/]: Detected setBlock in a far chunk [6, 27], pos: MutableBlockPos{x=100, y=66, z=435}, status: minecraft:features, currently generating: ResourceKey[minecraft:worldgen/placed_feature / ancient_elements:crystalsproud]
[22Mar2026 23:34:05.604] [Worker-Main-3/ERROR] [net.minecraft.Util/]: Detected setBlock in a far chunk [5, 27], pos: MutableBlockPos{x=94, y=60, z=432}, status: minecraft:features, currently generating: ResourceKey[minecraft:worldgen/placed_feature / ancient_elements:crystalsproud]
[22Mar2026 23:34:10.052] [Server thread/INFO] [net.minecraft.server.MinecraftServer/]: [Not Secure] <SebasGEO> saqueaste el bunker?
[22Mar2026 23:35:03.096] [Worker-Main-3/ERROR] [net.minecraft.Util/]: Detected setBlock in a far chunk [5, 27], pos: MutableBlockPos{x=95, y=68, z=437}, status: minecraft:features, currently generating: ResourceKey[minecraft:worldgen/placed_feature / ancient_elements:crystalsproud]
[22Mar2026 23:35:03.096] [Worker-Main-3/ERROR] [net.minecraft.Util/]: Detected setBlock in a far chunk [6, 27], pos: MutableBlockPos{x=96, y=60, z=433}, status: minecraft:features, currently generating: ResourceKey[minecraft:worldgen/placed_feature / ancient_elements:crystalsproud]
[22Mar2026 23:35:03.096] [Worker-Main-3/ERROR] [net.minecraft.Util/]: Detected setBlock in a far chunk [6, 27], pos: MutableBlockPos{x=101, y=64, z=433}, status: minecraft:features, currently generating: ResourceKey[minecraft:worldgen/placed_feature / ancient_elements:crystalsproud]
[22Mar2026 23:35:03.096] [Worker-Main-3/ERROR] [net.minecraft.Util/]: Detected setBlock in a far chunk [5, 27], pos: MutableBlockPos{x=89, y=63, z=434}, status: minecraft:features, currently generating: ResourceKey[minecraft:worldgen/placed_feature / ancient_elements:crystalsproud]
[22Mar2026 23:35:03.096] [Worker-Main-3/ERROR] [net.minecraft.Util/]: Detected setBlock in a far chunk [6, 27], pos: MutableBlockPos{x=97, y=69, z=433}, status: minecraft:features, currently generating: ResourceKey[minecraft:worldgen/placed_feature / ancient_elements:crystalsproud]
[22Mar2026 23:35:03.096] [Worker-Main-3/ERROR] [net.minecraft.Util/]: Detected setBlock in a far chunk [6, 27], pos: MutableBlockPos{x=100, y=68, z=433}, status: minecraft:features, currently generating: ResourceKey[minecraft:worldgen/placed_feature / ancient_elements:crystalsproud]
[22Mar2026 23:35:03.097] [Worker-Main-3/ERROR] [net.minecraft.Util/]: Detected setBlock in a far chunk [6, 27], pos: MutableBlockPos{x=100, y=69, z=432}, status: minecraft:features, currently generating: ResourceKey[minecraft:worldgen/placed_feature / ancient_elements:crystalsproud]
[22Mar2026 23:35:03.097] [Worker-Main-3/ERROR] [net.minecraft.Util/]: Detected setBlock in a far chunk [5, 27], pos: MutableBlockPos{x=94, y=65, z=432}, status: minecraft:features, currently generating: ResourceKey[minecraft:worldgen/placed_feature / ancient_elements:crystalsproud]
[22Mar2026 23:35:03.097] [Worker-Main-3/ERROR] [net.minecraft.Util/]: Detected setBlock in a far chunk [5, 27], pos: MutableBlockPos{x=87, y=63, z=437}, status: minecraft:features, currently generating: ResourceKey[minecraft:worldgen/placed_feature / ancient_elements:crystalsproud]
[22Mar2026 23:35:03.097] [Worker-Main-3/ERROR] [net.minecraft.Util/]: Detected setBlock in a far chunk [5, 27], pos: MutableBlockPos{x=92, y=66, z=435}, status: minecraft:features, currently generating: ResourceKey[minecraft:worldgen/placed_feature / ancient_elements:crystalsproud]
[22Mar2026 23:35:03.097] [Worker-Main-3/ERROR] [net.minecraft.Util/]: Detected setBlock in a far chunk [6, 27], pos: MutableBlockPos{x=99, y=49, z=432}, status: minecraft:features, currently generating: ResourceKey[minecraft:worldgen/placed_feature / ancient_elements:crystalsproud]
[22Mar2026 23:35:03.097] [Server thread/WARN] [net.minecraft.server.MinecraftServer/]: Can't keep up! Is the server overloaded? Running 53031ms or 1060 ticks behind
[22Mar2026 23:35:03.097] [Worker-Main-3/ERROR] [net.minecraft.Util/]: Detected setBlock in a far chunk [5, 27], pos: MutableBlockPos{x=94, y=53, z=438}, status: minecraft:features, currently generating: ResourceKey[minecraft:worldgen/placed_feature / ancient_elements:crystalsproud]
[22Mar2026 23:35:03.097] [Worker-Main-3/ERROR] [net.minecraft.Util/]: Detected setBlock in a far chunk [5, 27], pos: MutableBlockPos{x=91, y=57, z=433}, status: minecraft:features, currently generating: ResourceKey[minecraft:worldgen/placed_feature / ancient_elements:crystalsproud]
[22Mar2026 23:35:03.097] [Worker-Main-3/ERROR] [net.minecraft.Util/]: Detected setBlock in a far chunk [5, 27], pos: MutableBlockPos{x=83, y=50, z=435}, status: minecraft:features, currently generating: ResourceKey[minecraft:worldgen/placed_feature / ancient_elements:crystalsproud]
[22Mar2026 23:35:03.097] [Worker-Main-3/ERROR] [net.minecraft.Util/]: Detected setBlock in a far chunk [5, 27], pos: MutableBlockPos{x=87, y=55, z=434}, status: minecraft:features, currently generating: ResourceKey[minecraft:worldgen/placed_feature / ancient_elements:crystalsproud]
[22Mar2026 23:35:03.098] [Worker-Main-3/ERROR] [net.minecraft.Util/]: Detected setBlock in a far chunk [6, 27], pos: MutableBlockPos{x=100, y=58, z=434}, status: minecraft:features, currently generating: ResourceKey[minecraft:worldgen/placed_feature / ancient_elements:crystalsproud]
[22Mar2026 23:35:03.098] [Worker-Main-3/ERROR] [net.minecraft.Util/]: Detected setBlock in a far chunk [5, 27], pos: MutableBlockPos{x=94, y=51, z=433}, status: minecraft:features, currently generating: ResourceKey[minecraft:worldgen/placed_feature / ancient_elements:crystalsproud]
[22Mar2026 23:35:03.098] [Worker-Main-3/ERROR] [net.minecraft.Util/]: Detected setBlock in a far chunk [5, 27], pos: MutableBlockPos{x=84, y=58, z=432}, status: minecraft:features, currently generating: ResourceKey[minecraft:worldgen/placed_feature / ancient_elements:crystalsproud]
[22Mar2026 23:35:03.098] [Worker-Main-3/ERROR] [net.minecraft.Util/]: Detected setBlock in a far chunk [5, 27], pos: MutableBlockPos{x=91, y=58, z=436}, status: minecraft:features, currently generating: ResourceKey[minecraft:worldgen/placed_feature / ancient_elements:crystalsproud]
[22Mar2026 23:35:03.099] [Worker-Main-3/ERROR] [net.minecraft.Util/]: Detected setBlock in a far chunk [5, 27], pos: MutableBlockPos{x=88, y=50, z=434}, status: minecraft:features, currently generating: ResourceKey[minecraft:worldgen/placed_feature / ancient_elements:crystalsproud]
[22Mar2026 23:35:03.099] [Worker-Main-3/ERROR] [net.minecraft.Util/]: Detected setBlock in a far chunk [6, 27], pos: MutableBlockPos{x=98, y=54, z=436}, status: minecraft:features, currently generating: ResourceKey[minecraft:worldgen/placed_feature / ancient_elements:crystalsproud]
[22Mar2026 23:35:03.099] [Worker-Main-3/ERROR] [net.minecraft.Util/]: Detected setBlock in a far chunk [5, 27], pos: MutableBlockPos{x=85, y=54, z=433}, status: minecraft:features, currently generating: ResourceKey[minecraft:worldgen/placed_feature / ancient_elements:crystalsproud]
[22Mar2026 23:35:03.099] [Worker-Main-3/ERROR] [net.minecraft.Util/]: Detected setBlock in a far chunk [5, 27], pos: MutableBlockPos{x=88, y=56, z=438}, status: minecraft:features, currently generating: ResourceKey[minecraft:worldgen/placed_feature / ancient_elements:crystalsproud]
[22Mar2026 23:35:03.099] [Worker-Main-3/ERROR] [net.minecraft.Util/]: Detected setBlock in a far chunk [6, 27], pos: MutableBlockPos{x=100, y=56, z=432}, status: minecraft:features, currently generating: ResourceKey[minecraft:worldgen/placed_feature / ancient_elements:crystalsproud]
[22Mar2026 23:35:03.099] [Worker-Main-3/ERROR] [net.minecraft.Util/]: Detected setBlock in a far chunk [5, 27], pos: MutableBlockPos{x=95, y=55, z=436}, status: minecraft:features, currently generating: ResourceKey[minecraft:worldgen/placed_feature / ancient_elements:crystalsproud]
[22Mar2026 23:35:03.099] [Worker-Main-3/ERROR] [net.minecraft.Util/]: Detected setBlock in a far chunk [5, 27], pos: MutableBlockPos{x=89, y=51, z=434}, status: minecraft:features, currently generating: ResourceKey[minecraft:worldgen/placed_feature / ancient_elements:crystalsproud]
[22Mar2026 23:35:03.099] [Worker-Main-3/ERROR] [net.minecraft.Util/]: Detected setBlock in a far chunk [5, 27], pos: MutableBlockPos{x=90, y=58, z=433}, status: minecraft:features, currently generating: ResourceKey[minecraft:worldgen/placed_feature / ancient_elements:crystalsproud]
[22Mar2026 23:35:03.099] [Worker-Main-3/ERROR] [net.minecraft.Util/]: Detected setBlock in a far chunk [6, 27], pos: MutableBlockPos{x=98, y=52, z=439}, status: minecraft:features, currently generating: ResourceKey[minecraft:worldgen/placed_feature / ancient_elements:crystalsproud]
[22Mar2026 23:35:03.100] [Worker-Main-3/ERROR] [net.minecraft.Util/]: Detected setBlock in a far chunk [5, 27], pos: MutableBlockPos{x=93, y=49, z=433}, status: minecraft:features, currently generating: ResourceKey[minecraft:worldgen/placed_feature / ancient_elements:crystalsproud]
[22Mar2026 23:35:03.100] [Worker-Main-3/ERROR] [net.minecraft.Util/]: Detected setBlock in a far chunk [5, 27], pos: MutableBlockPos{x=92, y=52, z=436}, status: minecraft:features, currently generating: ResourceKey[minecraft:worldgen/placed_feature / ancient_elements:crystalsproud]
[22Mar2026 23:35:03.100] [Worker-Main-3/ERROR] [net.minecraft.Util/]: Detected setBlock in a far chunk [5, 27], pos: MutableBlockPos{x=87, y=53, z=435}, status: minecraft:features, currently generating: ResourceKey[minecraft:worldgen/placed_feature / ancient_elements:crystalsproud]
[22Mar2026 23:35:03.100] [Worker-Main-3/ERROR] [net.minecraft.Util/]: Detected setBlock in a far chunk [5, 27], pos: MutableBlockPos{x=85, y=52, z=435}, status: minecraft:features, currently generating: ResourceKey[minecraft:worldgen/placed_feature / ancient_elements:crystalsproud]
[22Mar2026 23:35:03.100] [Worker-Main-3/ERROR] [net.minecraft.Util/]: Detected setBlock in a far chunk [5, 27], pos: MutableBlockPos{x=89, y=49, z=432}, status: minecraft:features, currently generating: ResourceKey[minecraft:worldgen/placed_feature / ancient_elements:crystalsproud]
[22Mar2026 23:35:03.100] [Worker-Main-3/ERROR] [net.minecraft.Util/]: Detected setBlock in a far chunk [6, 27], pos: MutableBlockPos{x=100, y=54, z=435}, status: minecraft:features, currently generating: ResourceKey[minecraft:worldgen/placed_feature / ancient_elements:crystalsproud]
[22Mar2026 23:35:03.100] [Worker-Main-3/ERROR] [net.minecraft.Util/]: Detected setBlock in a far chunk [5, 27], pos: MutableBlockPos{x=89, y=54, z=433}, status: minecraft:features, currently generating: ResourceKey[minecraft:worldgen/placed_feature / ancient_elements:crystalsproud]
[22Mar2026 23:35:03.100] [Worker-Main-3/ERROR] [net.minecraft.Util/]: Detected setBlock in a far chunk [5, 27], pos: MutableBlockPos{x=87, y=56, z=435}, status: minecraft:features, currently generating: ResourceKey[minecraft:worldgen/placed_feature / ancient_elements:crystalsproud]
[22Mar2026 23:35:03.100] [Worker-Main-3/ERROR] [net.minecraft.Util/]: Detected setBlock in a far chunk [5, 27], pos: MutableBlockPos{x=89, y=53, z=440}, status: minecraft:features, currently generating: ResourceKey[minecraft:worldgen/placed_feature / ancient_elements:crystalsproud]
[22Mar2026 23:35:03.100] [Worker-Main-3/ERROR] [net.minecraft.Util/]: Detected setBlock in a far chunk [5, 27], pos: MutableBlockPos{x=86, y=56, z=437}, status: minecraft:features, currently generating: ResourceKey[minecraft:worldgen/placed_feature / ancient_elements:crystalsproud]
[22Mar2026 23:35:03.100] [Worker-Main-3/ERROR] [net.minecraft.Util/]: Detected setBlock in a far chunk [5, 27], pos: MutableBlockPos{x=80, y=55, z=435}, status: minecraft:features, currently generating: ResourceKey[minecraft:worldgen/placed_feature / ancient_elements:crystalsproud]
[22Mar2026 23:35:03.100] [Worker-Main-3/ERROR] [net.minecraft.Util/]: Detected setBlock in a far chunk [5, 27], pos: MutableBlockPos{x=85, y=56, z=438}, status: minecraft:features, currently generating: ResourceKey[minecraft:worldgen/placed_feature / ancient_elements:crystalsproud]
[22Mar2026 23:35:03.101] [Worker-Main-3/ERROR] [net.minecraft.Util/]: Detected setBlock in a far chunk [5, 27], pos: MutableBlockPos{x=83, y=54, z=434}, status: minecraft:features, currently generating: ResourceKey[minecraft:worldgen/placed_feature / ancient_elements:crystalsproud]
[22Mar2026 23:35:03.101] [Worker-Main-3/ERROR] [net.minecraft.Util/]: Detected setBlock in a far chunk [5, 27], pos: MutableBlockPos{x=88, y=53, z=440}, status: minecraft:features, currently generating: ResourceKey[minecraft:worldgen/placed_feature / ancient_elements:crystalsproud]
[22Mar2026 23:35:03.101] [Worker-Main-3/ERROR] [net.minecraft.Util/]: Detected setBlock in a far chunk [6, 27], pos: MutableBlockPos{x=96, y=57, z=432}, status: minecraft:features, currently generating: ResourceKey[minecraft:worldgen/placed_feature / ancient_elements:crystalsproud]
[22Mar2026 23:35:03.101] [Worker-Main-3/ERROR] [net.minecraft.Util/]: Detected setBlock in a far chunk [5, 27], pos: MutableBlockPos{x=95, y=57, z=437}, status: minecraft:features, currently generating: ResourceKey[minecraft:worldgen/placed_feature / ancient_elements:crystalsproud]
[22Mar2026 23:35:03.101] [Worker-Main-3/ERROR] [net.minecraft.Util/]: Detected setBlock in a far chunk [5, 27], pos: MutableBlockPos{x=88, y=57, z=441}, status: minecraft:features, currently generating: ResourceKey[minecraft:worldgen/placed_feature / ancient_elements:crystalsproud]
[22Mar2026 23:35:03.101] [Worker-Main-3/ERROR] [net.minecraft.Util/]: Detected setBlock in a far chunk [5, 27], pos: MutableBlockPos{x=80, y=54, z=436}, status: minecraft:features, currently generating: ResourceKey[minecraft:worldgen/placed_feature / ancient_elements:crystalsproud]
[22Mar2026 23:35:03.101] [Worker-Main-3/ERROR] [net.minecraft.Util/]: Detected setBlock in a far chunk [5, 27], pos: MutableBlockPos{x=82, y=55, z=437}, status: minecraft:features, currently generating: ResourceKey[minecraft:worldgen/placed_feature / ancient_elements:crystalsproud]
[22Mar2026 23:35:03.102] [Worker-Main-3/ERROR] [net.minecraft.Util/]: Detected setBlock in a far chunk [5, 27], pos: MutableBlockPos{x=90, y=57, z=434}, status: minecraft:features, currently generating: ResourceKey[minecraft:worldgen/placed_feature / ancient_elements:crystalsproud]
[22Mar2026 23:35:03.102] [Worker-Main-3/ERROR] [net.minecraft.Util/]: Detected setBlock in a far chunk [5, 27], pos: MutableBlockPos{x=94, y=54, z=433}, status: minecraft:features, currently generating: ResourceKey[minecraft:worldgen/placed_feature / ancient_elements:crystalsproud]
[22Mar2026 23:35:03.102] [Worker-Main-3/ERROR] [net.minecraft.Util/]: Detected setBlock in a far chunk [6, 27], pos: MutableBlockPos{x=96, y=54, z=434}, status: minecraft:features, currently generating: ResourceKey[minecraft:worldgen/placed_feature / ancient_elements:crystalsproud]
[22Mar2026 23:35:03.102] [Worker-Main-3/ERROR] [net.minecraft.Util/]: Detected setBlock in a far chunk [5, 27], pos: MutableBlockPos{x=84, y=61, z=433}, status: minecraft:features, currently generating: ResourceKey[minecraft:worldgen/placed_feature / ancient_elements:crystalsproud]
[22Mar2026 23:35:03.102] [Worker-Main-3/ERROR] [net.minecraft.Util/]: Detected setBlock in a far chunk [5, 27], pos: MutableBlockPos{x=85, y=51, z=437}, status: minecraft:features, currently generating: ResourceKey[minecraft:worldgen/placed_feature / ancient_elements:crystalsproud]
[22Mar2026 23:35:03.102] [Worker-Main-3/ERROR] [net.minecraft.Util/]: Detected setBlock in a far chunk [5, 27], pos: MutableBlockPos{x=91, y=54, z=433}, status: minecraft:features, currently generating: ResourceKey[minecraft:worldgen/placed_feature / ancient_elements:crystalsproud]
[22Mar2026 23:35:03.102] [Worker-Main-3/ERROR] [net.minecraft.Util/]: Detected setBlock in a far chunk [5, 27], pos: MutableBlockPos{x=84, y=54, z=441}, status: minecraft:features, currently generating: ResourceKey[minecraft:worldgen/placed_feature / ancient_elements:crystalsproud]
[22Mar2026 23:35:03.102] [Worker-Main-3/ERROR] [net.minecraft.Util/]: Detected setBlock in a far chunk [5, 27], pos: MutableBlockPos{x=82, y=56, z=434}, status: minecraft:features, currently generating: ResourceKey[minecraft:worldgen/placed_feature / ancient_elements:crystalsproud]
[22Mar2026 23:35:03.103] [Worker-Main-3/ERROR] [net.minecraft.Util/]: Detected setBlock in a far chunk [5, 27], pos: MutableBlockPos{x=90, y=55, z=438}, status: minecraft:features, currently generating: ResourceKey[minecraft:worldgen/placed_feature / ancient_elements:crystalsproud]
[22Mar2026 23:35:03.103] [Worker-Main-3/ERROR] [net.minecraft.Util/]: Detected setBlock in a far chunk [5, 27], pos: MutableBlockPos{x=90, y=54, z=432}, status: minecraft:features, currently generating: ResourceKey[minecraft:worldgen/placed_feature / ancient_elements:crystalsproud]
[22Mar2026 23:35:03.103] [Worker-Main-3/ERROR] [net.minecraft.Util/]: Detected setBlock in a far chunk [5, 27], pos: MutableBlockPos{x=83, y=50, z=433}, status: minecraft:features, currently generating: ResourceKey[minecraft:worldgen/placed_feature / ancient_elements:crystalsproud]
[22Mar2026 23:35:03.103] [Worker-Main-3/ERROR] [net.minecraft.Util/]: Detected setBlock in a far chunk [5, 27], pos: MutableBlockPos{x=94, y=58, z=436}, status: minecraft:features, currently generating: ResourceKey[minecraft:worldgen/placed_feature / ancient_elements:crystalsproud]
[22Mar2026 23:35:03.103] [Worker-Main-3/ERROR] [net.minecraft.Util/]: Detected setBlock in a far chunk [5, 27], pos: MutableBlockPos{x=84, y=55, z=438}, status: minecraft:features, currently generating: ResourceKey[minecraft:worldgen/placed_feature / ancient_elements:crystalsproud]
[22Mar2026 23:35:03.103] [Worker-Main-3/ERROR] [net.minecraft.Util/]: Detected setBlock in a far chunk [6, 27], pos: MutableBlockPos{x=97, y=52, z=438}, status: minecraft:features, currently generating: ResourceKey[minecraft:worldgen/placed_feature / ancient_elements:crystalsproud]
[22Mar2026 23:35:03.103] [Worker-Main-3/ERROR] [net.minecraft.Util/]: Detected setBlock in a far chunk [4, 27], pos: MutableBlockPos{x=78, y=54, z=433}, status: minecraft:features, currently generating: ResourceKey[minecraft:worldgen/placed_feature / ancient_elements:crystalsproud]
[22Mar2026 23:35:03.103] [Worker-Main-3/ERROR] [net.minecraft.Util/]: Detected setBlock in a far chunk [5, 27], pos: MutableBlockPos{x=91, y=59, z=437}, status: minecraft:features, currently generating: ResourceKey[minecraft:worldgen/placed_feature / ancient_elements:crystalsproud]
[22Mar2026 23:35:03.103] [Worker-Main-3/ERROR] [net.minecraft.Util/]: Detected setBlock in a far chunk [5, 27], pos: MutableBlockPos{x=85, y=56, z=437}, status: minecraft:features, currently generating: ResourceKey[minecraft:worldgen/placed_feature / ancient_elements:crystalsproud]
[22Mar2026 23:35:03.103] [Worker-Main-3/ERROR] [net.minecraft.Util/]: Detected setBlock in a far chunk [4, 27], pos: MutableBlockPos{x=77, y=60, z=434}, status: minecraft:features, currently generating: ResourceKey[minecraft:worldgen/placed_feature / ancient_elements:crystalsproud]
[22Mar2026 23:35:03.103] [Worker-Main-3/ERROR] [net.minecraft.Util/]: Detected setBlock in a far chunk [5, 27], pos: MutableBlockPos{x=94, y=56, z=432}, status: minecraft:features, currently generating: ResourceKey[minecraft:worldgen/placed_feature / ancient_elements:crystalsproud]
[22Mar2026 23:35:03.103] [Worker-Main-3/ERROR] [net.minecraft.Util/]: Detected setBlock in a far chunk [5, 27], pos: MutableBlockPos{x=88, y=61, z=432}, status: minecraft:features, currently generating: ResourceKey[minecraft:worldgen/placed_feature / ancient_elements:crystalsproud]
[22Mar2026 23:35:03.103] [Worker-Main-3/ERROR] [net.minecraft.Util/]: Detected setBlock in a far chunk [5, 27], pos: MutableBlockPos{x=84, y=55, z=432}, status: minecraft:features, currently generating: ResourceKey[minecraft:worldgen/placed_feature / ancient_elements:crystalsproud]
[22Mar2026 23:35:03.103] [Worker-Main-3/ERROR] [net.minecraft.Util/]: Detected setBlock in a far chunk [5, 27], pos: MutableBlockPos{x=82, y=52, z=436}, status: minecraft:features, currently generating: ResourceKey[minecraft:worldgen/placed_feature / ancient_elements:crystalsproud]
[22Mar2026 23:35:03.103] [Worker-Main-3/ERROR] [net.minecraft.Util/]: Detected setBlock in a far chunk [5, 27], pos: MutableBlockPos{x=89, y=52, z=442}, status: minecraft:features, currently generating: ResourceKey[minecraft:worldgen/placed_feature / ancient_elements:crystalsproud]
[22Mar2026 23:35:03.103] [Worker-Main-3/ERROR] [net.minecraft.Util/]: Detected setBlock in a far chunk [5, 27], pos: MutableBlockPos{x=93, y=56, z=440}, status: minecraft:features, currently generating: ResourceKey[minecraft:worldgen/placed_feature / ancient_elements:crystalsproud]
[22Mar2026 23:35:03.104] [Worker-Main-3/ERROR] [net.minecraft.Util/]: Detected setBlock in a far chunk [5, 27], pos: MutableBlockPos{x=93, y=57, z=433}, status: minecraft:features, currently generating: ResourceKey[minecraft:worldgen/placed_feature / ancient_elements:crystalsproud]
[22Mar2026 23:35:03.104] [Worker-Main-3/ERROR] [net.minecraft.Util/]: Detected setBlock in a far chunk [5, 27], pos: MutableBlockPos{x=92, y=59, z=433}, status: minecraft:features, currently generating: ResourceKey[minecraft:worldgen/placed_feature / ancient_elements:crystalsproud]
[22Mar2026 23:35:03.105] [Worker-Main-3/ERROR] [net.minecraft.Util/]: Detected setBlock in a far chunk [6, 27], pos: MutableBlockPos{x=103, y=59, z=436}, status: minecraft:features, currently generating: ResourceKey[minecraft:worldgen/placed_feature / ancient_elements:crystalsproud]
[22Mar2026 23:35:03.105] [Worker-Main-3/ERROR] [net.minecraft.Util/]: Detected setBlock in a far chunk [5, 27], pos: MutableBlockPos{x=95, y=57, z=432}, status: minecraft:features, currently generating: ResourceKey[minecraft:worldgen/placed_feature / ancient_elements:crystalsproud]
[22Mar2026 23:35:03.105] [Worker-Main-3/ERROR] [net.minecraft.Util/]: Detected setBlock in a far chunk [6, 27], pos: MutableBlockPos{x=101, y=59, z=433}, status: minecraft:features, currently generating: ResourceKey[minecraft:worldgen/placed_feature / ancient_elements:crystalsproud]
[22Mar2026 23:35:03.105] [Worker-Main-3/ERROR] [net.minecraft.Util/]: Detected setBlock in a far chunk [6, 27], pos: MutableBlockPos{x=96, y=59, z=439}, status: minecraft:features, currently generating: ResourceKey[minecraft:worldgen/placed_feature / ancient_elements:crystalsproud]
[22Mar2026 23:35:03.105] [Worker-Main-3/ERROR] [net.minecraft.Util/]: Detected setBlock in a far chunk [5, 27], pos: MutableBlockPos{x=91, y=59, z=437}, status: minecraft:features, currently generating: ResourceKey[minecraft:worldgen/placed_feature / ancient_elements:crystalsproud]
[22Mar2026 23:35:03.106] [Worker-Main-3/ERROR] [net.minecraft.Util/]: Detected setBlock in a far chunk [5, 27], pos: MutableBlockPos{x=92, y=58, z=438}, status: minecraft:features, currently generating: ResourceKey[minecraft:worldgen/placed_feature / ancient_elements:crystalsproud]
[22Mar2026 23:35:03.106] [Worker-Main-3/ERROR] [net.minecraft.Util/]: Detected setBlock in a far chunk [5, 27], pos: MutableBlockPos{x=91, y=56, z=437}, status: minecraft:features, currently generating: ResourceKey[minecraft:worldgen/placed_feature / ancient_elements:crystalsproud]
[22Mar2026 23:35:03.106] [Worker-Main-3/ERROR] [net.minecraft.Util/]: Detected setBlock in a far chunk [6, 27], pos: MutableBlockPos{x=96, y=64, z=433}, status: minecraft:features, currently generating: ResourceKey[minecraft:worldgen/placed_feature / ancient_elements:crystalsproud]
[22Mar2026 23:35:03.106] [Worker-Main-3/ERROR] [net.minecraft.Util/]: Detected setBlock in a far chunk [6, 27], pos: MutableBlockPos{x=101, y=58, z=435}, status: minecraft:features, currently generating: ResourceKey[minecraft:worldgen/placed_feature / ancient_elements:crystalsproud]
[22Mar2026 23:35:03.106] [Worker-Main-3/ERROR] [net.minecraft.Util/]: Detected setBlock in a far chunk [5, 27], pos: MutableBlockPos{x=91, y=55, z=439}, status: minecraft:features, currently generating: ResourceKey[minecraft:worldgen/placed_feature / ancient_elements:crystalsproud]
[22Mar2026 23:35:03.106] [Worker-Main-3/ERROR] [net.minecraft.Util/]: Detected setBlock in a far chunk [5, 27], pos: MutableBlockPos{x=95, y=54, z=435}, status: minecraft:features, currently generating: ResourceKey[minecraft:worldgen/placed_feature / ancient_elements:crystalsproud]
[22Mar2026 23:35:03.106] [Worker-Main-3/ERROR] [net.minecraft.Util/]: Detected setBlock in a far chunk [6, 27], pos: MutableBlockPos{x=98, y=55, z=438}, status: minecraft:features, currently generating: ResourceKey[minecraft:worldgen/placed_feature / ancient_elements:crystalsproud]
[22Mar2026 23:35:03.106] [Worker-Main-3/ERROR] [net.minecraft.Util/]: Detected setBlock in a far chunk [6, 27], pos: MutableBlockPos{x=99, y=55, z=440}, status: minecraft:features, currently generating: ResourceKey[minecraft:worldgen/placed_feature / ancient_elements:crystalsproud]
[22Mar2026 23:35:03.106] [Worker-Main-3/ERROR] [net.minecraft.Util/]: Detected setBlock in a far chunk [5, 27], pos: MutableBlockPos{x=94, y=61, z=433}, status: minecraft:features, currently generating: ResourceKey[minecraft:worldgen/placed_feature / ancient_elements:crystalsproud]
[22Mar2026 23:35:03.106] [Worker-Main-3/ERROR] [net.minecraft.Util/]: Detected setBlock in a far chunk [6, 27], pos: MutableBlockPos{x=105, y=56, z=432}, status: minecraft:features, currently generating: ResourceKey[minecraft:worldgen/placed_feature / ancient_elements:crystalsproud]
[22Mar2026 23:35:03.107] [Worker-Main-3/ERROR] [net.minecraft.Util/]: Detected setBlock in a far chunk [6, 27], pos: MutableBlockPos{x=97, y=56, z=433}, status: minecraft:features, currently generating: ResourceKey[minecraft:worldgen/placed_feature / ancient_elements:crystalsproud]
[22Mar2026 23:35:03.107] [Worker-Main-3/ERROR] [net.minecraft.Util/]: Detected setBlock in a far chunk [5, 27], pos: MutableBlockPos{x=95, y=63, z=440}, status: minecraft:features, currently generating: ResourceKey[minecraft:worldgen/placed_feature / ancient_elements:crystalsproud]
[22Mar2026 23:35:03.107] [Worker-Main-3/ERROR] [net.minecraft.Util/]: Detected setBlock in a far chunk [6, 27], pos: MutableBlockPos{x=98, y=59, z=435}, status: minecraft:features, currently generating: ResourceKey[minecraft:worldgen/placed_feature / ancient_elements:crystalsproud]
[22Mar2026 23:35:03.107] [Worker-Main-3/ERROR] [net.minecraft.Util/]: Detected setBlock in a far chunk [6, 27], pos: MutableBlockPos{x=103, y=60, z=433}, status: minecraft:features, currently generating: ResourceKey[minecraft:worldgen/placed_feature / ancient_elements:crystalsproud]
[22Mar2026 23:35:03.107] [Worker-Main-3/ERROR] [net.minecraft.Util/]: Detected setBlock in a far chunk [6, 27], pos: MutableBlockPos{x=97, y=58, z=436}, status: minecraft:features, currently generating: ResourceKey[minecraft:worldgen/placed_feature / ancient_elements:crystalsproud]
[22Mar2026 23:35:03.107] [Worker-Main-3/ERROR] [net.minecraft.Util/]: Detected setBlock in a far chunk [6, 27], pos: MutableBlockPos{x=108, y=54, z=434}, status: minecraft:features, currently generating: ResourceKey[minecraft:worldgen/placed_feature / ancient_elements:crystalsproud]
[22Mar2026 23:35:03.107] [Worker-Main-3/ERROR] [net.minecraft.Util/]: Detected setBlock in a far chunk [6, 27], pos: MutableBlockPos{x=105, y=58, z=433}, status: minecraft:features, currently generating: ResourceKey[minecraft:worldgen/placed_feature / ancient_elements:crystalsproud]
[22Mar2026 23:35:03.107] [Worker-Main-3/ERROR] [net.minecraft.Util/]: Detected setBlock in a far chunk [5, 27], pos: MutableBlockPos{x=92, y=64, z=432}, status: minecraft:features, currently generating: ResourceKey[minecraft:worldgen/placed_feature / ancient_elements:crystalsproud]
[22Mar2026 23:35:03.107] [Worker-Main-3/ERROR] [net.minecraft.Util/]: Detected setBlock in a far chunk [5, 27], pos: MutableBlockPos{x=90, y=60, z=441}, status: minecraft:features, currently generating: ResourceKey[minecraft:worldgen/placed_feature / ancient_elements:crystalsproud]
[22Mar2026 23:35:03.107] [Worker-Main-3/ERROR] [net.minecraft.Util/]: Detected setBlock in a far chunk [5, 27], pos: MutableBlockPos{x=86, y=53, z=432}, status: minecraft:features, currently generating: ResourceKey[minecraft:worldgen/placed_feature / ancient_elements:crystalsproud]
[22Mar2026 23:35:03.107] [Worker-Main-3/ERROR] [net.minecraft.Util/]: Detected setBlock in a far chunk [5, 27], pos: MutableBlockPos{x=93, y=51, z=437}, status: minecraft:features, currently generating: ResourceKey[minecraft:worldgen/placed_feature / ancient_elements:crystalsproud]
[22Mar2026 23:35:03.107] [Worker-Main-3/ERROR] [net.minecraft.Util/]: Detected setBlock in a far chunk [5, 27], pos: MutableBlockPos{x=92, y=48, z=432}, status: minecraft:features, currently generating: ResourceKey[minecraft:worldgen/placed_feature / ancient_elements:crystalsproud]
[22Mar2026 23:35:03.107] [Worker-Main-3/ERROR] [net.minecraft.Util/]: Detected setBlock in a far chunk [5, 27], pos: MutableBlockPos{x=86, y=51, z=437}, status: minecraft:features, currently generating: ResourceKey[minecraft:worldgen/placed_feature / ancient_elements:crystalsproud]
[22Mar2026 23:35:03.107] [Worker-Main-3/ERROR] [net.minecraft.Util/]: Detected setBlock in a far chunk [5, 27], pos: MutableBlockPos{x=89, y=49, z=438}, status: minecraft:features, currently generating: ResourceKey[minecraft:worldgen/placed_feature / ancient_elements:crystalsproud]
[22Mar2026 23:35:03.107] [Worker-Main-3/ERROR] [net.minecraft.Util/]: Detected setBlock in a far chunk [5, 27], pos: MutableBlockPos{x=86, y=47, z=434}, status: minecraft:features, currently generating: ResourceKey[minecraft:worldgen/placed_feature / ancient_elements:crystalsproud]
[22Mar2026 23:35:03.107] [Worker-Main-3/ERROR] [net.minecraft.Util/]: Detected setBlock in a far chunk [5, 27], pos: MutableBlockPos{x=85, y=44, z=437}, status: minecraft:features, currently generating: ResourceKey[minecraft:worldgen/placed_feature / ancient_elements:crystalsproud]
[22Mar2026 23:35:03.107] [Worker-Main-3/ERROR] [net.minecraft.Util/]: Detected setBlock in a far chunk [5, 27], pos: MutableBlockPos{x=94, y=47, z=435}, status: minecraft:features, currently generating: ResourceKey[minecraft:worldgen/placed_feature / ancient_elements:crystalsproud]
[22Mar2026 23:35:03.107] [Worker-Main-3/ERROR] [net.minecraft.Util/]: Detected setBlock in a far chunk [5, 27], pos: MutableBlockPos{x=89, y=50, z=432}, status: minecraft:features, currently generating: ResourceKey[minecraft:worldgen/placed_feature / ancient_elements:crystalsproud]
[22Mar2026 23:35:03.108] [Worker-Main-3/ERROR] [net.minecraft.Util/]: Detected setBlock in a far chunk [5, 27], pos: MutableBlockPos{x=86, y=51, z=435}, status: minecraft:features, currently generating: ResourceKey[minecraft:worldgen/placed_feature / ancient_elements:crystalsproud]
[22Mar2026 23:35:03.108] [Worker-Main-3/ERROR] [net.minecraft.Util/]: Detected setBlock in a far chunk [5, 27], pos: MutableBlockPos{x=89, y=49, z=432}, status: minecraft:features, currently generating: ResourceKey[minecraft:worldgen/placed_feature / ancient_elements:crystalsproud]
[22Mar2026 23:35:03.108] [Worker-Main-3/ERROR] [net.minecraft.Util/]: Detected setBlock in a far chunk [5, 27], pos: MutableBlockPos{x=91, y=52, z=432}, status: minecraft:features, currently generating: ResourceKey[minecraft:worldgen/placed_feature / ancient_elements:crystalsproud]
[22Mar2026 23:35:03.108] [Worker-Main-3/ERROR] [net.minecraft.Util/]: Detected setBlock in a far chunk [5, 27], pos: MutableBlockPos{x=92, y=46, z=436}, status: minecraft:features, currently generating: ResourceKey[minecraft:worldgen/placed_feature / ancient_elements:crystalsproud]
[22Mar2026 23:35:03.108] [Worker-Main-3/ERROR] [net.minecraft.Util/]: Detected setBlock in a far chunk [5, 27], pos: MutableBlockPos{x=88, y=52, z=432}, status: minecraft:features, currently generating: ResourceKey[minecraft:worldgen/placed_feature / ancient_elements:crystalsproud]
[22Mar2026 23:35:03.108] [Worker-Main-3/ERROR] [net.minecraft.Util/]: Detected setBlock in a far chunk [5, 27], pos: MutableBlockPos{x=86, y=47, z=432}, status: minecraft:features, currently generating: ResourceKey[minecraft:worldgen/placed_feature / ancient_elements:crystalsproud]
[22Mar2026 23:35:03.108] [Worker-Main-3/ERROR] [net.minecraft.Util/]: Detected setBlock in a far chunk [5, 27], pos: MutableBlockPos{x=89, y=45, z=433}, status: minecraft:features, currently generating: ResourceKey[minecraft:worldgen/placed_feature / ancient_elements:crystalsproud]
[22Mar2026 23:35:03.108] [Worker-Main-3/ERROR] [net.minecraft.Util/]: Detected setBlock in a far chunk [5, 27], pos: MutableBlockPos{x=95, y=42, z=432}, status: minecraft:features, currently generating: ResourceKey[minecraft:worldgen/placed_feature / ancient_elements:crystalsproud]
[22Mar2026 23:35:03.108] [Worker-Main-3/ERROR] [net.minecraft.Util/]: Detected setBlock in a far chunk [5, 27], pos: MutableBlockPos{x=83, y=48, z=432}, status: minecraft:features, currently generating: ResourceKey[minecraft:worldgen/placed_feature / ancient_elements:crystalsproud]
[22Mar2026 23:35:03.108] [Worker-Main-3/ERROR] [net.minecraft.Util/]: Detected setBlock in a far chunk [5, 27], pos: MutableBlockPos{x=93, y=50, z=435}, status: minecraft:features, currently generating: ResourceKey[minecraft:worldgen/placed_feature / ancient_elements:crystalsproud]
[22Mar2026 23:35:03.108] [Worker-Main-3/ERROR] [net.minecraft.Util/]: Detected setBlock in a far chunk [5, 27], pos: MutableBlockPos{x=94, y=-51, z=432}, status: minecraft:features, currently generating: ResourceKey[minecraft:worldgen/placed_feature / ancient_elements:crystalsproud]
[22Mar2026 23:35:03.108] [Worker-Main-3/ERROR] [net.minecraft.Util/]: Detected setBlock in a far chunk [5, 27], pos: MutableBlockPos{x=88, y=-51, z=434}, status: minecraft:features, currently generating: ResourceKey[minecraft:worldgen/placed_feature / ancient_elements:crystalsproud]
[22Mar2026 23:35:03.108] [Worker-Main-3/ERROR] [net.minecraft.Util/]: Detected setBlock in a far chunk [5, 27], pos: MutableBlockPos{x=93, y=-52, z=432}, status: minecraft:features, currently generating: ResourceKey[minecraft:worldgen/placed_feature / ancient_elements:crystalsproud]
[22Mar2026 23:35:03.108] [Worker-Main-3/ERROR] [net.minecraft.Util/]: Detected setBlock in a far chunk [5, 27], pos: MutableBlockPos{x=86, y=-53, z=436}, status: minecraft:features, currently generating: ResourceKey[minecraft:worldgen/placed_feature / ancient_elements:crystalsproud]
[22Mar2026 23:35:03.108] [Worker-Main-3/ERROR] [net.minecraft.Util/]: Detected setBlock in a far chunk [5, 27], pos: MutableBlockPos{x=95, y=-54, z=437}, status: minecraft:features, currently generating: ResourceKey[minecraft:worldgen/placed_feature / ancient_elements:crystalsproud]
[22Mar2026 23:35:03.109] [Worker-Main-3/ERROR] [net.minecraft.Util/]: Detected setBlock in a far chunk [6, 27], pos: MutableBlockPos{x=96, y=-54, z=436}, status: minecraft:features, currently generating: ResourceKey[minecraft:worldgen/placed_feature / ancient_elements:crystalsproud]
[22Mar2026 23:35:03.109] [Worker-Main-3/ERROR] [net.minecraft.Util/]: Detected setBlock in a far chunk [5, 27], pos: MutableBlockPos{x=91, y=-51, z=432}, status: minecraft:features, currently generating: ResourceKey[minecraft:worldgen/placed_feature / ancient_elements:crystalsproud]
[22Mar2026 23:35:03.109] [Worker-Main-3/ERROR] [net.minecraft.Util/]: Detected setBlock in a far chunk [5, 27], pos: MutableBlockPos{x=91, y=-51, z=436}, status: minecraft:features, currently generating: ResourceKey[minecraft:worldgen/placed_feature / ancient_elements:crystalsproud]
[22Mar2026 23:35:03.109] [Worker-Main-3/ERROR] [net.minecraft.Util/]: Detected setBlock in a far chunk [5, 27], pos: MutableBlockPos{x=91, y=-50, z=437}, status: minecraft:features, currently generating: ResourceKey[minecraft:worldgen/placed_feature / ancient_elements:crystalsproud]
[22Mar2026 23:35:03.109] [Worker-Main-3/ERROR] [net.minecraft.Util/]: Detected setBlock in a far chunk [5, 27], pos: MutableBlockPos{x=88, y=-55, z=436}, status: minecraft:features, currently generating: ResourceKey[minecraft:worldgen/placed_feature / ancient_elements:crystalsproud]
[22Mar2026 23:35:03.109] [Worker-Main-3/ERROR] [net.minecraft.Util/]: Detected setBlock in a far chunk [5, 27], pos: MutableBlockPos{x=87, y=-53, z=432}, status: minecraft:features, currently generating: ResourceKey[minecraft:worldgen/placed_feature / ancient_elements:crystalsproud]
[22Mar2026 23:35:03.109] [Worker-Main-3/ERROR] [net.minecraft.Util/]: Detected setBlock in a far chunk [6, 27], pos: MutableBlockPos{x=101, y=-51, z=439}, status: minecraft:features, currently generating: ResourceKey[minecraft:worldgen/placed_feature / ancient_elements:crystalsproud]
[22Mar2026 23:35:03.109] [Worker-Main-3/ERROR] [net.minecraft.Util/]: Detected setBlock in a far chunk [5, 27], pos: MutableBlockPos{x=87, y=-54, z=437}, status: minecraft:features, currently generating: ResourceKey[minecraft:worldgen/placed_feature / ancient_elements:crystalsproud]
[22Mar2026 23:35:03.109] [Worker-Main-3/ERROR] [net.minecraft.Util/]: Detected setBlock in a far chunk [4, 27], pos: MutableBlockPos{x=79, y=-52, z=435}, status: minecraft:features, currently generating: ResourceKey[minecraft:worldgen/placed_feature / ancient_elements:crystalsproud]
[22Mar2026 23:35:03.109] [Worker-Main-3/ERROR] [net.minecraft.Util/]: Detected setBlock in a far chunk [5, 27], pos: MutableBlockPos{x=87, y=-57, z=434}, status: minecraft:features, currently generating: ResourceKey[minecraft:worldgen/placed_feature / ancient_elements:crystalsproud]
[22Mar2026 23:35:03.109] [Worker-Main-3/ERROR] [net.minecraft.Util/]: Detected setBlock in a far chunk [6, 27], pos: MutableBlockPos{x=97, y=-54, z=433}, status: minecraft:features, currently generating: ResourceKey[minecraft:worldgen/placed_feature / ancient_elements:crystalsproud]
[22Mar2026 23:35:03.109] [Worker-Main-3/ERROR] [net.minecraft.Util/]: Detected setBlock in a far chunk [5, 27], pos: MutableBlockPos{x=89, y=-45, z=439}, status: minecraft:features, currently generating: ResourceKey[minecraft:worldgen/placed_feature / ancient_elements:crystalsproud]
[22Mar2026 23:35:03.109] [Worker-Main-3/ERROR] [net.minecraft.Util/]: Detected setBlock in a far chunk [5, 27], pos: MutableBlockPos{x=94, y=-48, z=434}, status: minecraft:features, currently generating: ResourceKey[minecraft:worldgen/placed_feature / ancient_elements:crystalsproud]
[22Mar2026 23:35:03.109] [Worker-Main-3/ERROR] [net.minecraft.Util/]: Detected setBlock in a far chunk [5, 27], pos: MutableBlockPos{x=85, y=-52, z=437}, status: minecraft:features, currently generating: ResourceKey[minecraft:worldgen/placed_feature / ancient_elements:crystalsproud]
[22Mar2026 23:35:03.109] [Worker-Main-3/ERROR] [net.minecraft.Util/]: Detected setBlock in a far chunk [5, 27], pos: MutableBlockPos{x=93, y=-46, z=438}, status: minecraft:features, currently generating: ResourceKey[minecraft:worldgen/placed_feature / ancient_elements:crystalsproud]
[22Mar2026 23:35:03.110] [Worker-Main-3/ERROR] [net.minecraft.Util/]: Detected setBlock in a far chunk [5, 27], pos: MutableBlockPos{x=84, y=-51, z=432}, status: minecraft:features, currently generating: ResourceKey[minecraft:worldgen/placed_feature / ancient_elements:crystalsproud]
[22Mar2026 23:35:03.110] [Worker-Main-3/ERROR] [net.minecraft.Util/]: Detected setBlock in a far chunk [5, 27], pos: MutableBlockPos{x=94, y=-52, z=434}, status: minecraft:features, currently generating: ResourceKey[minecraft:worldgen/placed_feature / ancient_elements:crystalsproud]
[22Mar2026 23:35:03.110] [Worker-Main-3/ERROR] [net.minecraft.Util/]: Detected setBlock in a far chunk [5, 27], pos: MutableBlockPos{x=95, y=-50, z=434}, status: minecraft:features, currently generating: ResourceKey[minecraft:worldgen/placed_feature / ancient_elements:crystalsproud]
[22Mar2026 23:35:03.110] [Worker-Main-3/ERROR] [net.minecraft.Util/]: Detected setBlock in a far chunk [5, 27], pos: MutableBlockPos{x=94, y=-54, z=433}, status: minecraft:features, currently generating: ResourceKey[minecraft:worldgen/placed_feature / ancient_elements:crystalsproud]
[22Mar2026 23:35:03.110] [Worker-Main-3/ERROR] [net.minecraft.Util/]: Detected setBlock in a far chunk [5, 27], pos: MutableBlockPos{x=87, y=-50, z=435}, status: minecraft:features, currently generating: ResourceKey[minecraft:worldgen/placed_feature / ancient_elements:crystalsproud]
[22Mar2026 23:35:03.110] [Worker-Main-3/ERROR] [net.minecraft.Util/]: Detected setBlock in a far chunk [6, 27], pos: MutableBlockPos{x=97, y=-51, z=433}, status: minecraft:features, currently generating: ResourceKey[minecraft:worldgen/placed_feature / ancient_elements:crystalsproud]
[22Mar2026 23:35:03.110] [Worker-Main-3/ERROR] [net.minecraft.Util/]: Detected setBlock in a far chunk [5, 27], pos: MutableBlockPos{x=90, y=-55, z=432}, status: minecraft:features, currently generating: ResourceKey[minecraft:worldgen/placed_feature / ancient_elements:crystalsproud]
[22Mar2026 23:35:03.110] [Worker-Main-3/ERROR] [net.minecraft.Util/]: Detected setBlock in a far chunk [6, 27], pos: MutableBlockPos{x=99, y=-50, z=441}, status: minecraft:features, currently generating: ResourceKey[minecraft:worldgen/placed_feature / ancient_elements:crystalsproud]
[22Mar2026 23:35:03.110] [Worker-Main-3/ERROR] [net.minecraft.Util/]: Detected setBlock in a far chunk [5, 27], pos: MutableBlockPos{x=89, y=-53, z=434}, status: minecraft:features, currently generating: ResourceKey[minecraft:worldgen/placed_feature / ancient_elements:crystalsproud]
[22Mar2026 23:35:03.110] [Worker-Main-3/ERROR] [net.minecraft.Util/]: Detected setBlock in a far chunk [5, 27], pos: MutableBlockPos{x=80, y=-54, z=442}, status: minecraft:features, currently generating: ResourceKey[minecraft:worldgen/placed_feature / ancient_elements:crystalsproud]
[22Mar2026 23:35:03.110] [Worker-Main-3/ERROR] [net.minecraft.Util/]: Detected setBlock in a far chunk [5, 27], pos: MutableBlockPos{x=95, y=-53, z=437}, status: minecraft:features, currently generating: ResourceKey[minecraft:worldgen/placed_feature / ancient_elements:crystalsproud]
[22Mar2026 23:35:03.110] [Worker-Main-3/ERROR] [net.minecraft.Util/]: Detected setBlock in a far chunk [6, 27], pos: MutableBlockPos{x=97, y=42, z=435}, status: minecraft:features, currently generating: ResourceKey[minecraft:worldgen/placed_feature / ancient_elements:crystalsproud]
[22Mar2026 23:35:03.110] [Worker-Main-3/ERROR] [net.minecraft.Util/]: Detected setBlock in a far chunk [5, 27], pos: MutableBlockPos{x=88, y=36, z=434}, status: minecraft:features, currently generating: ResourceKey[minecraft:worldgen/placed_feature / ancient_elements:crystalsproud]
[22Mar2026 23:35:03.110] [Worker-Main-3/ERROR] [net.minecraft.Util/]: Detected setBlock in a far chunk [5, 27], pos: MutableBlockPos{x=94, y=34, z=434}, status: minecraft:features, currently generating: ResourceKey[minecraft:worldgen/placed_feature / ancient_elements:crystalsproud]
[22Mar2026 23:35:03.110] [Worker-Main-3/ERROR] [net.minecraft.Util/]: Detected setBlock in a far chunk [6, 27], pos: MutableBlockPos{x=98, y=40, z=438}, status: minecraft:features, currently generating: ResourceKey[minecraft:worldgen/placed_feature / ancient_elements:crystalsproud]
[22Mar2026 23:35:03.110] [Worker-Main-3/ERROR] [net.minecraft.Util/]: Detected setBlock in a far chunk [5, 27], pos: MutableBlockPos{x=91, y=40, z=436}, status: minecraft:features, currently generating: ResourceKey[minecraft:worldgen/placed_feature / ancient_elements:crystalsproud]
[22Mar2026 23:35:03.110] [Worker-Main-3/ERROR] [net.minecraft.Util/]: Detected setBlock in a far chunk [5, 27], pos: MutableBlockPos{x=86, y=34, z=436}, status: minecraft:features, currently generating: ResourceKey[minecraft:worldgen/placed_feature / ancient_elements:crystalsproud]
[22Mar2026 23:35:03.110] [Worker-Main-3/ERROR] [net.minecraft.Util/]: Detected setBlock in a far chunk [6, 27], pos: MutableBlockPos{x=101, y=36, z=437}, status: minecraft:features, currently generating: ResourceKey[minecraft:worldgen/placed_feature / ancient_elements:crystalsproud]
[22Mar2026 23:35:03.110] [Worker-Main-3/ERROR] [net.minecraft.Util/]: Detected setBlock in a far chunk [5, 27], pos: MutableBlockPos{x=89, y=34, z=434}, status: minecraft:features, currently generating: ResourceKey[minecraft:worldgen/placed_feature / ancient_elements:crystalsproud]
[22Mar2026 23:35:03.111] [Worker-Main-3/ERROR] [net.minecraft.Util/]: Detected setBlock in a far chunk [5, 27], pos: MutableBlockPos{x=92, y=35, z=438}, status: minecraft:features, currently generating: ResourceKey[minecraft:worldgen/placed_feature / ancient_elements:crystalsproud]
[22Mar2026 23:35:03.111] [Worker-Main-3/ERROR] [net.minecraft.Util/]: Detected setBlock in a far chunk [5, 27], pos: MutableBlockPos{x=88, y=32, z=436}, status: minecraft:features, currently generating: ResourceKey[minecraft:worldgen/placed_feature / ancient_elements:crystalsproud]
[22Mar2026 23:35:03.111] [Worker-Main-3/ERROR] [net.minecraft.Util/]: Detected setBlock in a far chunk [5, 27], pos: MutableBlockPos{x=91, y=40, z=433}, status: minecraft:features, currently generating: ResourceKey[minecraft:worldgen/placed_feature / ancient_elements:crystalsproud]
[22Mar2026 23:35:03.111] [Worker-Main-3/ERROR] [net.minecraft.Util/]: Detected setBlock in a far chunk [5, 27], pos: MutableBlockPos{x=90, y=33, z=434}, status: minecraft:features, currently generating: ResourceKey[minecraft:worldgen/placed_feature / ancient_elements:crystalsproud]
[22Mar2026 23:35:03.111] [Worker-Main-3/ERROR] [net.minecraft.Util/]: Detected setBlock in a far chunk [5, 27], pos: MutableBlockPos{x=85, y=39, z=432}, status: minecraft:features, currently generating: ResourceKey[minecraft:worldgen/placed_feature / ancient_elements:crystalsproud]
[22Mar2026 23:35:03.111] [Worker-Main-3/ERROR] [net.minecraft.Util/]: Detected setBlock in a far chunk [5, 27], pos: MutableBlockPos{x=87, y=40, z=432}, status: minecraft:features, currently generating: ResourceKey[minecraft:worldgen/placed_feature / ancient_elements:crystalsproud]
[22Mar2026 23:35:03.111] [Worker-Main-3/ERROR] [net.minecraft.Util/]: Detected setBlock in a far chunk [5, 27], pos: MutableBlockPos{x=95, y=34, z=434}, status: minecraft:features, currently generating: ResourceKey[minecraft:worldgen/placed_feature / ancient_elements:crystalsproud]
[22Mar2026 23:35:03.111] [Worker-Main-3/ERROR] [net.minecraft.Util/]: Detected setBlock in a far chunk [5, 27], pos: MutableBlockPos{x=83, y=37, z=432}, status: minecraft:features, currently generating: ResourceKey[minecraft:worldgen/placed_feature / ancient_elements:crystalsproud]
[22Mar2026 23:35:03.111] [Worker-Main-3/ERROR] [net.minecraft.Util/]: Detected setBlock in a far chunk [6, 27], pos: MutableBlockPos{x=100, y=40, z=435}, status: minecraft:features, currently generating: ResourceKey[minecraft:worldgen/placed_feature / ancient_elements:crystalsproud]
[22Mar2026 23:35:03.111] [Worker-Main-3/ERROR] [net.minecraft.Util/]: Detected setBlock in a far chunk [4, 27], pos: MutableBlockPos{x=77, y=44, z=432}, status: minecraft:features, currently generating: ResourceKey[minecraft:worldgen/placed_feature / ancient_elements:crystalsproud]
[22Mar2026 23:35:03.111] [Worker-Main-3/ERROR] [net.minecraft.Util/]: Detected setBlock in a far chunk [5, 27], pos: MutableBlockPos{x=83, y=39, z=434}, status: minecraft:features, currently generating: ResourceKey[minecraft:worldgen/placed_feature / ancient_elements:crystalsproud]
[22Mar2026 23:35:03.111] [Worker-Main-3/ERROR] [net.minecraft.Util/]: Detected setBlock in a far chunk [5, 27], pos: MutableBlockPos{x=85, y=39, z=432}, status: minecraft:features, currently generating: ResourceKey[minecraft:worldgen/placed_feature / ancient_elements:crystalsproud]
[22Mar2026 23:35:03.111] [Worker-Main-3/ERROR] [net.minecraft.Util/]: Detected setBlock in a far chunk [4, 27], pos: MutableBlockPos{x=75, y=41, z=432}, status: minecraft:features, currently generating: ResourceKey[minecraft:worldgen/placed_feature / ancient_elements:crystalsproud]
[22Mar2026 23:35:03.111] [Worker-Main-3/ERROR] [net.minecraft.Util/]: Detected setBlock in a far chunk [5, 27], pos: MutableBlockPos{x=87, y=39, z=433}, status: minecraft:features, currently generating: ResourceKey[minecraft:worldgen/placed_feature / ancient_elements:crystalsproud]
[22Mar2026 23:35:03.111] [Worker-Main-3/ERROR] [net.minecraft.Util/]: Detected setBlock in a far chunk [5, 27], pos: MutableBlockPos{x=91, y=35, z=435}, status: minecraft:features, currently generating: ResourceKey[minecraft:worldgen/placed_feature / ancient_elements:crystalsproud]
[22Mar2026 23:35:03.112] [Worker-Main-3/ERROR] [net.minecraft.Util/]: Detected setBlock in a far chunk [5, 27], pos: MutableBlockPos{x=86, y=34, z=433}, status: minecraft:features, currently generating: ResourceKey[minecraft:worldgen/placed_feature / ancient_elements:crystalsproud]
[22Mar2026 23:35:03.112] [Worker-Main-3/ERROR] [net.minecraft.Util/]: Detected setBlock in a far chunk [4, 27], pos: MutableBlockPos{x=74, y=29, z=434}, status: minecraft:features, currently generating: ResourceKey[minecraft:worldgen/placed_feature / ancient_elements:crystalsproud]
[22Mar2026 23:35:03.112] [Worker-Main-3/ERROR] [net.minecraft.Util/]: Detected setBlock in a far chunk [5, 27], pos: MutableBlockPos{x=88, y=33, z=432}, status: minecraft:features, currently generating: ResourceKey[minecraft:worldgen/placed_feature / ancient_elements:crystalsproud]
[22Mar2026 23:35:03.112] [Worker-Main-3/ERROR] [net.minecraft.Util/]: Detected setBlock in a far chunk [5, 27], pos: MutableBlockPos{x=85, y=28, z=434}, status: minecraft:features, currently generating: ResourceKey[minecraft:worldgen/placed_feature / ancient_elements:crystalsproud]
[22Mar2026 23:35:03.112] [Worker-Main-3/ERROR] [net.minecraft.Util/]: Detected setBlock in a far chunk [5, 27], pos: MutableBlockPos{x=82, y=31, z=434}, status: minecraft:features, currently generating: ResourceKey[minecraft:worldgen/placed_feature / ancient_elements:crystalsproud]
[22Mar2026 23:35:03.112] [Worker-Main-3/ERROR] [net.minecraft.Util/]: Detected setBlock in a far chunk [5, 27], pos: MutableBlockPos{x=82, y=27, z=435}, status: minecraft:features, currently generating: ResourceKey[minecraft:worldgen/placed_feature / ancient_elements:crystalsproud]
[22Mar2026 23:35:03.115] [Worker-Main-3/ERROR] [net.minecraft.Util/]: Detected setBlock in a far chunk [5, 27], pos: MutableBlockPos{x=90, y=37, z=437}, status: minecraft:features, currently generating: ResourceKey[minecraft:worldgen/placed_feature / ancient_elements:crystalsproud]
[22Mar2026 23:35:03.115] [Worker-Main-3/ERROR] [net.minecraft.Util/]: Detected setBlock in a far chunk [6, 27], pos: MutableBlockPos{x=96, y=32, z=432}, status: minecraft:features, currently generating: ResourceKey[minecraft:worldgen/placed_feature / ancient_elements:crystalsproud]
[22Mar2026 23:35:03.115] [Worker-Main-3/ERROR] [net.minecraft.Util/]: Detected setBlock in a far chunk [5, 27], pos: MutableBlockPos{x=85, y=32, z=434}, status: minecraft:features, currently generating: ResourceKey[minecraft:worldgen/placed_feature / ancient_elements:crystalsproud]
[22Mar2026 23:35:03.115] [Worker-Main-3/ERROR] [net.minecraft.Util/]: Detected setBlock in a far chunk [5, 27], pos: MutableBlockPos{x=83, y=35, z=433}, status: minecraft:features, currently generating: ResourceKey[minecraft:worldgen/placed_feature / ancient_elements:crystalsproud]
[22Mar2026 23:35:03.115] [Worker-Main-3/ERROR] [net.minecraft.Util/]: Detected setBlock in a far chunk [6, 27], pos: MutableBlockPos{x=96, y=35, z=432}, status: minecraft:features, currently generating: ResourceKey[minecraft:worldgen/placed_feature / ancient_elements:crystalsproud]
[22Mar2026 23:35:03.115] [Worker-Main-3/ERROR] [net.minecraft.Util/]: Detected setBlock in a far chunk [5, 27], pos: MutableBlockPos{x=82, y=41, z=432}, status: minecraft:features, currently generating: ResourceKey[minecraft:worldgen/placed_feature / ancient_elements:crystalsproud]
[22Mar2026 23:35:03.115] [Worker-Main-3/ERROR] [net.minecraft.Util/]: Detected setBlock in a far chunk [5, 27], pos: MutableBlockPos{x=88, y=37, z=433}, status: minecraft:features, currently generating: ResourceKey[minecraft:worldgen/placed_feature / ancient_elements:crystalsproud]
[22Mar2026 23:35:03.115] [Worker-Main-3/ERROR] [net.minecraft.Util/]: Detected setBlock in a far chunk [6, 27], pos: MutableBlockPos{x=99, y=33, z=432}, status: minecraft:features, currently generating: ResourceKey[minecraft:worldgen/placed_feature / ancient_elements:crystalsproud]
[22Mar2026 23:35:03.116] [Worker-Main-3/ERROR] [net.minecraft.Util/]: Detected setBlock in a far chunk [5, 27], pos: MutableBlockPos{x=80, y=38, z=432}, status: minecraft:features, currently generating: ResourceKey[minecraft:worldgen/placed_feature / ancient_elements:crystalsproud]
[22Mar2026 23:35:03.116] [Worker-Main-3/ERROR] [net.minecraft.Util/]: Detected setBlock in a far chunk [5, 27], pos: MutableBlockPos{x=87, y=31, z=432}, status: minecraft:features, currently generating: ResourceKey[minecraft:worldgen/placed_feature / ancient_elements:crystalsproud]
[22Mar2026 23:35:03.116] [Worker-Main-3/ERROR] [net.minecraft.Util/]: Detected setBlock in a far chunk [5, 27], pos: MutableBlockPos{x=91, y=40, z=432}, status: minecraft:features, currently generating: ResourceKey[minecraft:worldgen/placed_feature / ancient_elements:crystalsproud]
[22Mar2026 23:35:03.116] [Worker-Main-3/ERROR] [net.minecraft.Util/]: Detected setBlock in a far chunk [5, 27], pos: MutableBlockPos{x=95, y=36, z=433}, status: minecraft:features, currently generating: ResourceKey[minecraft:worldgen/placed_feature / ancient_elements:crystalsproud]
[22Mar2026 23:35:03.116] [Worker-Main-3/ERROR] [net.minecraft.Util/]: Detected setBlock in a far chunk [5, 27], pos: MutableBlockPos{x=91, y=30, z=433}, status: minecraft:features, currently generating: ResourceKey[minecraft:worldgen/placed_feature / ancient_elements:crystalsproud]
[22Mar2026 23:35:03.116] [Worker-Main-3/ERROR] [net.minecraft.Util/]: Detected setBlock in a far chunk [5, 27], pos: MutableBlockPos{x=85, y=35, z=432}, status: minecraft:features, currently generating: ResourceKey[minecraft:worldgen/placed_feature / ancient_elements:crystalsproud]
[22Mar2026 23:35:03.116] [Worker-Main-3/ERROR] [net.minecraft.Util/]: Detected setBlock in a far chunk [5, 27], pos: MutableBlockPos{x=87, y=36, z=436}, status: minecraft:features, currently generating: ResourceKey[minecraft:worldgen/placed_feature / ancient_elements:crystalsproud]
[22Mar2026 23:35:03.116] [Worker-Main-3/ERROR] [net.minecraft.Util/]: Detected setBlock in a far chunk [5, 27], pos: MutableBlockPos{x=93, y=41, z=432}, status: minecraft:features, currently generating: ResourceKey[minecraft:worldgen/placed_feature / ancient_elements:crystalsproud]
[22Mar2026 23:35:03.117] [Worker-Main-3/ERROR] [net.minecraft.Util/]: Detected setBlock in a far chunk [5, 27], pos: MutableBlockPos{x=95, y=33, z=437}, status: minecraft:features, currently generating: ResourceKey[minecraft:worldgen/placed_feature / ancient_elements:crystalsproud]
[22Mar2026 23:35:03.117] [Worker-Main-3/ERROR] [net.minecraft.Util/]: Detected setBlock in a far chunk [5, 27], pos: MutableBlockPos{x=83, y=36, z=432}, status: minecraft:features, currently generating: ResourceKey[minecraft:worldgen/placed_feature / ancient_elements:crystalsproud]
[22Mar2026 23:35:03.117] [Worker-Main-3/ERROR] [net.minecraft.Util/]: Detected setBlock in a far chunk [5, 27], pos: MutableBlockPos{x=86, y=34, z=434}, status: minecraft:features, currently generating: ResourceKey[minecraft:worldgen/placed_feature / ancient_elements:crystalsproud]
[22Mar2026 23:35:03.117] [Worker-Main-3/ERROR] [net.minecraft.Util/]: Detected setBlock in a far chunk [5, 27], pos: MutableBlockPos{x=86, y=34, z=432}, status: minecraft:features, currently generating: ResourceKey[minecraft:worldgen/placed_feature / ancient_elements:crystalsproud]
[22Mar2026 23:35:03.117] [Worker-Main-3/ERROR] [net.minecraft.Util/]: Detected setBlock in a far chunk [4, 27], pos: MutableBlockPos{x=76, y=32, z=433}, status: minecraft:features, currently generating: ResourceKey[minecraft:worldgen/placed_feature / ancient_elements:crystalsproud]
[22Mar2026 23:35:03.117] [Worker-Main-3/ERROR] [net.minecraft.Util/]: Detected setBlock in a far chunk [4, 27], pos: MutableBlockPos{x=79, y=37, z=437}, status: minecraft:features, currently generating: ResourceKey[minecraft:worldgen/placed_feature / ancient_elements:crystalsproud]
[22Mar2026 23:35:03.117] [Worker-Main-3/ERROR] [net.minecraft.Util/]: Detected setBlock in a far chunk [5, 27], pos: MutableBlockPos{x=80, y=34, z=437}, status: minecraft:features, currently generating: ResourceKey[minecraft:worldgen/placed_feature / ancient_elements:crystalsproud]
[22Mar2026 23:35:03.118] [Worker-Main-3/ERROR] [net.minecraft.Util/]: Detected setBlock in a far chunk [5, 27], pos: MutableBlockPos{x=80, y=34, z=435}, status: minecraft:features, currently generating: ResourceKey[minecraft:worldgen/placed_feature / ancient_elements:crystalsproud]
[22Mar2026 23:35:03.119] [Worker-Main-3/ERROR] [net.minecraft.Util/]: Detected setBlock in a far chunk [4, 27], pos: MutableBlockPos{x=79, y=32, z=434}, status: minecraft:features, currently generating: ResourceKey[minecraft:worldgen/placed_feature / ancient_elements:crystalsproud]
[22Mar2026 23:35:03.119] [Worker-Main-3/ERROR] [net.minecraft.Util/]: Detected setBlock in a far chunk [4, 27], pos: MutableBlockPos{x=78, y=38, z=438}, status: minecraft:features, currently generating: ResourceKey[minecraft:worldgen/placed_feature / ancient_elements:crystalsproud]
[22Mar2026 23:35:03.119] [Worker-Main-3/ERROR] [net.minecraft.Util/]: Detected setBlock in a far chunk [4, 27], pos: MutableBlockPos{x=78, y=30, z=439}, status: minecraft:features, currently generating: ResourceKey[minecraft:worldgen/placed_feature / ancient_elements:crystalsproud]
[22Mar2026 23:35:03.119] [Worker-Main-3/ERROR] [net.minecraft.Util/]: Detected setBlock in a far chunk [5, 27], pos: MutableBlockPos{x=83, y=27, z=438}, status: minecraft:features, currently generating: ResourceKey[minecraft:worldgen/placed_feature / ancient_elements:crystalsproud]
[22Mar2026 23:35:03.119] [Worker-Main-3/ERROR] [net.minecraft.Util/]: Detected setBlock in a far chunk [5, 27], pos: MutableBlockPos{x=89, y=34, z=433}, status: minecraft:features, currently generating: ResourceKey[minecraft:worldgen/placed_feature / ancient_elements:crystalsproud]
[22Mar2026 23:35:03.120] [Worker-Main-3/ERROR] [net.minecraft.Util/]: Detected setBlock in a far chunk [5, 27], pos: MutableBlockPos{x=81, y=34, z=438}, status: minecraft:features, currently generating: ResourceKey[minecraft:worldgen/placed_feature / ancient_elements:crystalsproud]
[22Mar2026 23:35:03.120] [Worker-Main-3/ERROR] [net.minecraft.Util/]: Detected setBlock in a far chunk [5, 27], pos: MutableBlockPos{x=84, y=35, z=438}, status: minecraft:features, currently generating: ResourceKey[minecraft:worldgen/placed_feature / ancient_elements:crystalsproud]
[22Mar2026 23:35:03.120] [Worker-Main-3/ERROR] [net.minecraft.Util/]: Detected setBlock in a far chunk [5, 27], pos: MutableBlockPos{x=85, y=33, z=435}, status: minecraft:features, currently generating: ResourceKey[minecraft:worldgen/placed_feature / ancient_elements:crystalsproud]
[22Mar2026 23:35:03.120] [Worker-Main-3/ERROR] [net.minecraft.Util/]: Detected setBlock in a far chunk [5, 27], pos: MutableBlockPos{x=81, y=32, z=434}, status: minecraft:features, currently generating: ResourceKey[minecraft:worldgen/placed_feature / ancient_elements:crystalsproud]
[22Mar2026 23:35:03.122] [Worker-Main-3/ERROR] [net.minecraft.Util/]: Detected setBlock in a far chunk [5, 27], pos: MutableBlockPos{x=84, y=30, z=434}, status: minecraft:features, currently generating: ResourceKey[minecraft:worldgen/placed_feature / ancient_elements:crystalsproud]
[22Mar2026 23:35:03.122] [Worker-Main-3/ERROR] [net.minecraft.Util/]: Detected setBlock in a far chunk [5, 27], pos: MutableBlockPos{x=81, y=33, z=434}, status: minecraft:features, currently generating: ResourceKey[minecraft:worldgen/placed_feature / ancient_elements:crystalsproud]
[22Mar2026 23:35:03.122] [Worker-Main-3/ERROR] [net.minecraft.Util/]: Detected setBlock in a far chunk [5, 27], pos: MutableBlockPos{x=81, y=31, z=438}, status: minecraft:features, currently generating: ResourceKey[minecraft:worldgen/placed_feature / ancient_elements:crystalsproud]
[22Mar2026 23:35:03.122] [Worker-Main-3/ERROR] [net.minecraft.Util/]: Detected setBlock in a far chunk [5, 27], pos: MutableBlockPos{x=80, y=41, z=435}, status: minecraft:features, currently generating: ResourceKey[minecraft:worldgen/placed_feature / ancient_elements:crystalsproud]
[22Mar2026 23:35:03.122] [Worker-Main-3/ERROR] [net.minecraft.Util/]: Detected setBlock in a far chunk [4, 27], pos: MutableBlockPos{x=79, y=41, z=434}, status: minecraft:features, currently generating: ResourceKey[minecraft:worldgen/placed_feature / ancient_elements:crystalsproud]
[22Mar2026 23:35:03.122] [Worker-Main-3/ERROR] [net.minecraft.Util/]: Detected setBlock in a far chunk [5, 27], pos: MutableBlockPos{x=87, y=39, z=433}, status: minecraft:features, currently generating: ResourceKey[minecraft:worldgen/placed_feature / ancient_elements:crystalsproud]
[22Mar2026 23:35:03.122] [Worker-Main-3/ERROR] [net.minecraft.Util/]: Detected setBlock in a far chunk [5, 27], pos: MutableBlockPos{x=85, y=36, z=434}, status: minecraft:features, currently generating: ResourceKey[minecraft:worldgen/placed_feature / ancient_elements:crystalsproud]
[22Mar2026 23:35:03.123] [Worker-Main-3/ERROR] [net.minecraft.Util/]: Detected setBlock in a far chunk [5, 27], pos: MutableBlockPos{x=87, y=40, z=432}, status: minecraft:features, currently generating: ResourceKey[minecraft:worldgen/placed_feature / ancient_elements:crystalsproud]
[22Mar2026 23:35:03.123] [Worker-Main-3/ERROR] [net.minecraft.Util/]: Detected setBlock in a far chunk [5, 27], pos: MutableBlockPos{x=87, y=38, z=433}, status: minecraft:features, currently generating: ResourceKey[minecraft:worldgen/placed_feature / ancient_elements:crystalsproud]
[22Mar2026 23:35:03.123] [Worker-Main-3/ERROR] [net.minecraft.Util/]: Detected setBlock in a far chunk [6, 27], pos: MutableBlockPos{x=101, y=-55, z=434}, status: minecraft:features, currently generating: ResourceKey[minecraft:worldgen/placed_feature / ancient_elements:crystalsproud]
[22Mar2026 23:35:03.123] [Worker-Main-3/ERROR] [net.minecraft.Util/]: Detected setBlock in a far chunk [6, 27], pos: MutableBlockPos{x=96, y=-51, z=435}, status: minecraft:features, currently generating: ResourceKey[minecraft:worldgen/placed_feature / ancient_elements:crystalsproud]
[22Mar2026 23:35:03.123] [Worker-Main-3/ERROR] [net.minecraft.Util/]: Detected setBlock in a far chunk [5, 27], pos: MutableBlockPos{x=92, y=-54, z=437}, status: minecraft:features, currently generating: ResourceKey[minecraft:worldgen/placed_feature / ancient_elements:crystalsproud]
[22Mar2026 23:35:03.123] [Worker-Main-3/ERROR] [net.minecraft.Util/]: Detected setBlock in a far chunk [5, 27], pos: MutableBlockPos{x=93, y=-56, z=433}, status: minecraft:features, currently generating: ResourceKey[minecraft:worldgen/placed_feature / ancient_elements:crystalsproud]
[22Mar2026 23:35:03.123] [Worker-Main-3/ERROR] [net.minecraft.Util/]: Detected setBlock in a far chunk [5, 27], pos: MutableBlockPos{x=95, y=-53, z=433}, status: minecraft:features, currently generating: ResourceKey[minecraft:worldgen/placed_feature / ancient_elements:crystalsproud]
[22Mar2026 23:35:03.124] [Worker-Main-3/ERROR] [net.minecraft.Util/]: Detected setBlock in a far chunk [6, 27], pos: MutableBlockPos{x=108, y=-52, z=432}, status: minecraft:features, currently generating: ResourceKey[minecraft:worldgen/placed_feature / ancient_elements:crystalsproud]
[22Mar2026 23:35:03.124] [Worker-Main-3/ERROR] [net.minecraft.Util/]: Detected setBlock in a far chunk [6, 27], pos: MutableBlockPos{x=105, y=-54, z=432}, status: minecraft:features, currently generating: ResourceKey[minecraft:worldgen/placed_feature / ancient_elements:crystalsproud]
[22Mar2026 23:35:03.124] [Worker-Main-3/ERROR] [net.minecraft.Util/]: Detected setBlock in a far chunk [6, 27], pos: MutableBlockPos{x=102, y=-57, z=436}, status: minecraft:features, currently generating: ResourceKey[minecraft:worldgen/placed_feature / ancient_elements:crystalsproud]
[22Mar2026 23:35:03.124] [Worker-Main-3/ERROR] [net.minecraft.Util/]: Detected setBlock in a far chunk [6, 27], pos: MutableBlockPos{x=98, y=-57, z=433}, status: minecraft:features, currently generating: ResourceKey[minecraft:worldgen/placed_feature / ancient_elements:crystalsproud]
[22Mar2026 23:35:03.124] [Worker-Main-3/ERROR] [net.minecraft.Util/]: Detected setBlock in a far chunk [6, 27], pos: MutableBlockPos{x=98, y=-55, z=433}, status: minecraft:features, currently generating: ResourceKey[minecraft:worldgen/placed_feature / ancient_elements:crystalsproud]
[22Mar2026 23:35:03.157] [Server thread/INFO] [net.minecraft.server.network.ServerGamePacketListenerImpl/]: Kekin lost connection: Disconnected
[22Mar2026 23:35:03.158] [Server thread/INFO] [net.minecraft.server.MinecraftServer/]: Kekin left the game
[22Mar2026 23:35:03.159] [Server thread/INFO] [com.alrex.parcool.ParCool/]: Limitation of 6447abfc-ec7a-33ab-946c-e8e797ff1ad1 was unloaded
[22Mar2026 23:35:03.159] [Server thread/INFO] [voicechat/]: [voicechat] Disconnecting client Kekin
[22Mar2026 23:35:03.210] [Server thread/WARN] [net.minecraft.server.network.ServerGamePacketListenerImpl/]: SebasGEO moved too quickly! -8.132055502940887,0.001335979112141672,-5.965415986786411
[22Mar2026 23:35:03.230] [Server thread/INFO] [net.minecraft.server.MinecraftServer/]: [Not Secure] <SebasGEO> maldito servidor legueado
[22Mar2026 23:35:04.959] [Worker-Main-1/ERROR] [net.minecraft.Util/]: Detected setBlock in a far chunk [5, 26], pos: MutableBlockPos{x=80, y=60, z=417}, status: minecraft:features, currently generating: ResourceKey[minecraft:worldgen/placed_feature / ancient_elements:crystalsproud]
[22Mar2026 23:35:04.959] [Worker-Main-1/ERROR] [net.minecraft.Util/]: Detected setBlock in a far chunk [4, 26], pos: MutableBlockPos{x=73, y=50, z=420}, status: minecraft:features, currently generating: ResourceKey[minecraft:worldgen/placed_feature / ancient_elements:crystalsproud]
[22Mar2026 23:35:04.959] [Worker-Main-1/ERROR] [net.minecraft.Util/]: Detected setBlock in a far chunk [5, 26], pos: MutableBlockPos{x=82, y=48, z=418}, status: minecraft:features, currently generating: ResourceKey[minecraft:worldgen/placed_feature / ancient_elements:crystalsproud]
[22Mar2026 23:35:04.959] [Worker-Main-1/ERROR] [net.minecraft.Util/]: Detected setBlock in a far chunk [5, 26], pos: MutableBlockPos{x=83, y=57, z=423}, status: minecraft:features, currently generating: ResourceKey[minecraft:worldgen/placed_feature / ancient_elements:crystalsproud]
[22Mar2026 23:35:04.959] [Worker-Main-1/ERROR] [net.minecraft.Util/]: Detected setBlock in a far chunk [5, 26], pos: MutableBlockPos{x=87, y=60, z=417}, status: minecraft:features, currently generating: ResourceKey[minecraft:worldgen/placed_feature / ancient_elements:crystalsproud]
[22Mar2026 23:35:04.959] [Worker-Main-1/ERROR] [net.minecraft.Util/]: Detected setBlock in a far chunk [4, 26], pos: MutableBlockPos{x=73, y=57, z=419}, status: minecraft:features, currently generating: ResourceKey[minecraft:worldgen/placed_feature / ancient_elements:crystalsproud]
[22Mar2026 23:35:04.959] [Worker-Main-1/ERROR] [net.minecraft.Util/]: Detected setBlock in a far chunk [4, 26], pos: MutableBlockPos{x=72, y=51, z=422}, status: minecraft:features, currently generating: ResourceKey[minecraft:worldgen/placed_feature / ancient_elements:crystalsproud]
[22Mar2026 23:35:04.959] [Worker-Main-1/ERROR] [net.minecraft.Util/]: Detected setBlock in a far chunk [4, 26], pos: MutableBlockPos{x=72, y=57, z=419}, status: minecraft:features, currently generating: ResourceKey[minecraft:worldgen/placed_feature / ancient_elements:crystalsproud]
[22Mar2026 23:35:04.959] [Worker-Main-1/ERROR] [net.minecraft.Util/]: Detected setBlock in a far chunk [4, 26], pos: MutableBlockPos{x=79, y=55, z=417}, status: minecraft:features, currently generating: ResourceKey[minecraft:worldgen/placed_feature / ancient_elements:crystalsproud]
[22Mar2026 23:35:04.960] [Worker-Main-1/ERROR] [net.minecraft.Util/]: Detected setBlock in a far chunk [5, 26], pos: MutableBlockPos{x=90, y=53, z=416}, status: minecraft:features, currently generating: ResourceKey[minecraft:worldgen/placed_feature / ancient_elements:crystalsproud]
[22Mar2026 23:35:04.960] [Worker-Main-1/ERROR] [net.minecraft.Util/]: Detected setBlock in a far chunk [5, 26], pos: MutableBlockPos{x=80, y=50, z=422}, status: minecraft:features, currently generating: ResourceKey[minecraft:worldgen/placed_feature / ancient_elements:crystalsproud]
[22Mar2026 23:35:04.960] [Worker-Main-1/ERROR] [net.minecraft.Util/]: Detected setBlock in a far chunk [4, 26], pos: MutableBlockPos{x=71, y=55, z=420}, status: minecraft:features, currently generating: ResourceKey[minecraft:worldgen/placed_feature / ancient_elements:crystalsproud]
[22Mar2026 23:35:04.960] [Worker-Main-1/ERROR] [net.minecraft.Util/]: Detected setBlock in a far chunk [4, 26], pos: MutableBlockPos{x=77, y=53, z=417}, status: minecraft:features, currently generating: ResourceKey[minecraft:worldgen/placed_feature / ancient_elements:crystalsproud]
[22Mar2026 23:35:04.960] [Worker-Main-1/ERROR] [net.minecraft.Util/]: Detected setBlock in a far chunk [4, 26], pos: MutableBlockPos{x=78, y=54, z=422}, status: minecraft:features, currently generating: ResourceKey[minecraft:worldgen/placed_feature / ancient_elements:crystalsproud]
[22Mar2026 23:35:04.960] [Worker-Main-1/ERROR] [net.minecraft.Util/]: Detected setBlock in a far chunk [5, 26], pos: MutableBlockPos{x=81, y=51, z=416}, status: minecraft:features, currently generating: ResourceKey[minecraft:worldgen/placed_feature / ancient_elements:crystalsproud]
[22Mar2026 23:35:04.960] [Worker-Main-1/ERROR] [net.minecraft.Util/]: Detected setBlock in a far chunk [5, 26], pos: MutableBlockPos{x=80, y=55, z=420}, status: minecraft:features, currently generating: ResourceKey[minecraft:worldgen/placed_feature / ancient_elements:crystalsproud]
[22Mar2026 23:35:04.960] [Worker-Main-1/ERROR] [net.minecraft.Util/]: Detected setBlock in a far chunk [5, 26], pos: MutableBlockPos{x=86, y=55, z=423}, status: minecraft:features, currently generating: ResourceKey[minecraft:worldgen/placed_feature / ancient_elements:crystalsproud]
[22Mar2026 23:35:04.960] [Worker-Main-1/ERROR] [net.minecraft.Util/]: Detected setBlock in a far chunk [4, 26], pos: MutableBlockPos{x=77, y=52, z=418}, status: minecraft:features, currently generating: ResourceKey[minecraft:worldgen/placed_feature / ancient_elements:crystalsproud]
[22Mar2026 23:35:04.960] [Worker-Main-1/ERROR] [net.minecraft.Util/]: Detected setBlock in a far chunk [5, 26], pos: MutableBlockPos{x=81, y=54, z=418}, status: minecraft:features, currently generating: ResourceKey[minecraft:worldgen/placed_feature / ancient_elements:crystalsproud]
[22Mar2026 23:35:04.960] [Worker-Main-1/ERROR] [net.minecraft.Util/]: Detected setBlock in a far chunk [4, 26], pos: MutableBlockPos{x=79, y=53, z=418}, status: minecraft:features, currently generating: ResourceKey[minecraft:worldgen/placed_feature / ancient_elements:crystalsproud]
[22Mar2026 23:35:04.960] [Worker-Main-1/ERROR] [net.minecraft.Util/]: Detected setBlock in a far chunk [5, 26], pos: MutableBlockPos{x=80, y=53, z=418}, status: minecraft:features, currently generating: ResourceKey[minecraft:worldgen/placed_feature / ancient_elements:crystalsproud]
[22Mar2026 23:35:04.960] [Worker-Main-1/ERROR] [net.minecraft.Util/]: Detected setBlock in a far chunk [4, 26], pos: MutableBlockPos{x=74, y=52, z=421}, status: minecraft:features, currently generating: ResourceKey[minecraft:worldgen/placed_feature / ancient_elements:crystalsproud]
[22Mar2026 23:35:04.960] [Worker-Main-1/ERROR] [net.minecraft.Util/]: Detected setBlock in a far chunk [5, 26], pos: MutableBlockPos{x=83, y=53, z=416}, status: minecraft:features, currently generating: ResourceKey[minecraft:worldgen/placed_feature / ancient_elements:crystalsproud]
[22Mar2026 23:35:04.960] [Worker-Main-1/ERROR] [net.minecraft.Util/]: Detected setBlock in a far chunk [4, 26], pos: MutableBlockPos{x=73, y=68, z=416}, status: minecraft:features, currently generating: ResourceKey[minecraft:worldgen/placed_feature / ancient_elements:crystalsproud]
[22Mar2026 23:35:04.961] [Worker-Main-1/ERROR] [net.minecraft.Util/]: Detected setBlock in a far chunk [4, 26], pos: MutableBlockPos{x=73, y=60, z=418}, status: minecraft:features, currently generating: ResourceKey[minecraft:worldgen/placed_feature / ancient_elements:crystalsproud]
[22Mar2026 23:35:04.961] [Worker-Main-1/ERROR] [net.minecraft.Util/]: Detected setBlock in a far chunk [4, 26], pos: MutableBlockPos{x=73, y=61, z=416}, status: minecraft:features, currently generating: ResourceKey[minecraft:worldgen/placed_feature / ancient_elements:crystalsproud]
[22Mar2026 23:35:04.961] [Worker-Main-1/ERROR] [net.minecraft.Util/]: Detected setBlock in a far chunk [5, 26], pos: MutableBlockPos{x=83, y=66, z=416}, status: minecraft:features, currently generating: ResourceKey[minecraft:worldgen/placed_feature / ancient_elements:crystalsproud]
[22Mar2026 23:35:04.961] [Worker-Main-1/ERROR] [net.minecraft.Util/]: Detected setBlock in a far chunk [4, 26], pos: MutableBlockPos{x=69, y=62, z=420}, status: minecraft:features, currently generating: ResourceKey[minecraft:worldgen/placed_feature / ancient_elements:crystalsproud]
[22Mar2026 23:35:04.961] [Worker-Main-1/ERROR] [net.minecraft.Util/]: Detected setBlock in a far chunk [4, 26], pos: MutableBlockPos{x=75, y=63, z=416}, status: minecraft:features, currently generating: ResourceKey[minecraft:worldgen/placed_feature / ancient_elements:crystalsproud]
[22Mar2026 23:35:04.961] [Worker-Main-1/ERROR] [net.minecraft.Util/]: Detected setBlock in a far chunk [4, 26], pos: MutableBlockPos{x=77, y=49, z=417}, status: minecraft:features, currently generating: ResourceKey[minecraft:worldgen/placed_feature / ancient_elements:crystalsproud]
[22Mar2026 23:35:04.961] [Worker-Main-1/ERROR] [net.minecraft.Util/]: Detected setBlock in a far chunk [4, 26], pos: MutableBlockPos{x=74, y=51, z=418}, status: minecraft:features, currently generating: ResourceKey[minecraft:worldgen/placed_feature / ancient_elements:crystalsproud]
[22Mar2026 23:35:04.961] [Worker-Main-1/ERROR] [net.minecraft.Util/]: Detected setBlock in a far chunk [3, 26], pos: MutableBlockPos{x=63, y=50, z=416}, status: minecraft:features, currently generating: ResourceKey[minecraft:worldgen/placed_feature / ancient_elements:crystalsproud]
[22Mar2026 23:35:04.961] [Worker-Main-1/ERROR] [net.minecraft.Util/]: Detected setBlock in a far chunk [3, 26], pos: MutableBlockPos{x=62, y=53, z=416}, status: minecraft:features, currently generating: ResourceKey[minecraft:worldgen/placed_feature / ancient_elements:crystalsproud]
[22Mar2026 23:35:04.961] [Worker-Main-1/ERROR] [net.minecraft.Util/]: Detected setBlock in a far chunk [4, 26], pos: MutableBlockPos{x=70, y=48, z=417}, status: minecraft:features, currently generating: ResourceKey[minecraft:worldgen/placed_feature / ancient_elements:crystalsproud]
[22Mar2026 23:35:04.962] [Worker-Main-1/ERROR] [net.minecraft.Util/]: Detected setBlock in a far chunk [4, 26], pos: MutableBlockPos{x=70, y=52, z=416}, status: minecraft:features, currently generating: ResourceKey[minecraft:worldgen/placed_feature / ancient_elements:crystalsproud]
[22Mar2026 23:35:04.962] [Worker-Main-1/ERROR] [net.minecraft.Util/]: Detected setBlock in a far chunk [3, 26], pos: MutableBlockPos{x=63, y=49, z=418}, status: minecraft:features, currently generating: ResourceKey[minecraft:worldgen/placed_feature / ancient_elements:crystalsproud]
[22Mar2026 23:35:04.962] [Worker-Main-1/ERROR] [net.minecraft.Util/]: Detected setBlock in a far chunk [4, 26], pos: MutableBlockPos{x=69, y=33, z=419}, status: minecraft:features, currently generating: ResourceKey[minecraft:worldgen/placed_feature / ancient_elements:crystalsproud]
[22Mar2026 23:35:04.962] [Worker-Main-1/ERROR] [net.minecraft.Util/]: Detected setBlock in a far chunk [4, 26], pos: MutableBlockPos{x=71, y=36, z=419}, status: minecraft:features, currently generating: ResourceKey[minecraft:worldgen/placed_feature / ancient_elements:crystalsproud]
[22Mar2026 23:35:04.962] [Worker-Main-1/ERROR] [net.minecraft.Util/]: Detected setBlock in a far chunk [4, 26], pos: MutableBlockPos{x=67, y=37, z=419}, status: minecraft:features, currently generating: ResourceKey[minecraft:worldgen/placed_feature / ancient_elements:crystalsproud]
[22Mar2026 23:35:04.962] [Worker-Main-1/ERROR] [net.minecraft.Util/]: Detected setBlock in a far chunk [4, 26], pos: MutableBlockPos{x=78, y=34, z=418}, status: minecraft:features, currently generating: ResourceKey[minecraft:worldgen/placed_feature / ancient_elements:crystalsproud]
[22Mar2026 23:35:04.962] [Worker-Main-1/ERROR] [net.minecraft.Util/]: Detected setBlock in a far chunk [5, 26], pos: MutableBlockPos{x=80, y=33, z=417}, status: minecraft:features, currently generating: ResourceKey[minecraft:worldgen/placed_feature / ancient_elements:crystalsproud]
[22Mar2026 23:35:04.962] [Worker-Main-1/ERROR] [net.minecraft.Util/]: Detected setBlock in a far chunk [4, 26], pos: MutableBlockPos{x=73, y=36, z=416}, status: minecraft:features, currently generating: ResourceKey[minecraft:worldgen/placed_feature / ancient_elements:crystalsproud]
[22Mar2026 23:35:04.962] [Worker-Main-1/ERROR] [net.minecraft.Util/]: Detected setBlock in a far chunk [4, 26], pos: MutableBlockPos{x=66, y=45, z=416}, status: minecraft:features, currently generating: ResourceKey[minecraft:worldgen/placed_feature / ancient_elements:crystalsproud]
[22Mar2026 23:35:04.962] [Worker-Main-1/ERROR] [net.minecraft.Util/]: Detected setBlock in a far chunk [4, 26], pos: MutableBlockPos{x=69, y=42, z=418}, status: minecraft:features, currently generating: ResourceKey[minecraft:worldgen/placed_feature / ancient_elements:crystalsproud]
[22Mar2026 23:35:04.962] [Worker-Main-1/ERROR] [net.minecraft.Util/]: Detected setBlock in a far chunk [3, 26], pos: MutableBlockPos{x=63, y=44, z=416}, status: minecraft:features, currently generating: ResourceKey[minecraft:worldgen/placed_feature / ancient_elements:crystalsproud]
[22Mar2026 23:35:04.962] [Worker-Main-1/ERROR] [net.minecraft.Util/]: Detected setBlock in a far chunk [3, 26], pos: MutableBlockPos{x=63, y=42, z=416}, status: minecraft:features, currently generating: ResourceKey[minecraft:worldgen/placed_feature / ancient_elements:crystalsproud]
[22Mar2026 23:35:04.962] [Worker-Main-1/ERROR] [net.minecraft.Util/]: Detected setBlock in a far chunk [4, 26], pos: MutableBlockPos{x=69, y=43, z=418}, status: minecraft:features, currently generating: ResourceKey[minecraft:worldgen/placed_feature / ancient_elements:crystalsproud]
[22Mar2026 23:35:04.962] [Worker-Main-1/ERROR] [net.minecraft.Util/]: Detected setBlock in a far chunk [4, 26], pos: MutableBlockPos{x=66, y=41, z=416}, status: minecraft:features, currently generating: ResourceKey[minecraft:worldgen/placed_feature / ancient_elements:crystalsproud]
[22Mar2026 23:35:04.963] [Worker-Main-1/ERROR] [net.minecraft.Util/]: Detected setBlock in a far chunk [4, 26], pos: MutableBlockPos{x=76, y=40, z=421}, status: minecraft:features, currently generating: ResourceKey[minecraft:worldgen/placed_feature / ancient_elements:crystalsproud]
[22Mar2026 23:35:04.963] [Worker-Main-1/ERROR] [net.minecraft.Util/]: Detected setBlock in a far chunk [4, 26], pos: MutableBlockPos{x=76, y=33, z=420}, status: minecraft:features, currently generating: ResourceKey[minecraft:worldgen/placed_feature / ancient_elements:crystalsproud]
[22Mar2026 23:35:04.963] [Worker-Main-1/ERROR] [net.minecraft.Util/]: Detected setBlock in a far chunk [5, 26], pos: MutableBlockPos{x=81, y=36, z=418}, status: minecraft:features, currently generating: ResourceKey[minecraft:worldgen/placed_feature / ancient_elements:crystalsproud]
[22Mar2026 23:35:04.963] [Worker-Main-1/ERROR] [net.minecraft.Util/]: Detected setBlock in a far chunk [4, 26], pos: MutableBlockPos{x=71, y=34, z=416}, status: minecraft:features, currently generating: ResourceKey[minecraft:worldgen/placed_feature / ancient_elements:crystalsproud]
[22Mar2026 23:35:04.963] [Worker-Main-1/ERROR] [net.minecraft.Util/]: Detected setBlock in a far chunk [4, 26], pos: MutableBlockPos{x=78, y=35, z=416}, status: minecraft:features, currently generating: ResourceKey[minecraft:worldgen/placed_feature / ancient_elements:crystalsproud]
[22Mar2026 23:35:04.963] [Worker-Main-1/ERROR] [net.minecraft.Util/]: Detected setBlock in a far chunk [4, 26], pos: MutableBlockPos{x=78, y=31, z=417}, status: minecraft:features, currently generating: ResourceKey[minecraft:worldgen/placed_feature / ancient_elements:crystalsproud]
[22Mar2026 23:35:04.963] [Worker-Main-1/ERROR] [net.minecraft.Util/]: Detected setBlock in a far chunk [5, 26], pos: MutableBlockPos{x=81, y=37, z=423}, status: minecraft:features, currently generating: ResourceKey[minecraft:worldgen/placed_feature / ancient_elements:crystalsproud]
[22Mar2026 23:35:04.963] [Worker-Main-1/ERROR] [net.minecraft.Util/]: Detected setBlock in a far chunk [4, 26], pos: MutableBlockPos{x=72, y=35, z=419}, status: minecraft:features, currently generating: ResourceKey[minecraft:worldgen/placed_feature / ancient_elements:crystalsproud]
[22Mar2026 23:35:04.963] [Worker-Main-1/ERROR] [net.minecraft.Util/]: Detected setBlock in a far chunk [4, 26], pos: MutableBlockPos{x=73, y=38, z=420}, status: minecraft:features, currently generating: ResourceKey[minecraft:worldgen/placed_feature / ancient_elements:crystalsproud]
[22Mar2026 23:35:04.963] [Worker-Main-1/ERROR] [net.minecraft.Util/]: Detected setBlock in a far chunk [4, 26], pos: MutableBlockPos{x=79, y=32, z=421}, status: minecraft:features, currently generating: ResourceKey[minecraft:worldgen/placed_feature / ancient_elements:crystalsproud]
[22Mar2026 23:35:04.963] [Worker-Main-1/ERROR] [net.minecraft.Util/]: Detected setBlock in a far chunk [4, 26], pos: MutableBlockPos{x=69, y=36, z=419}, status: minecraft:features, currently generating: ResourceKey[minecraft:worldgen/placed_feature / ancient_elements:crystalsproud]
[22Mar2026 23:35:04.963] [Worker-Main-1/ERROR] [net.minecraft.Util/]: Detected setBlock in a far chunk [4, 26], pos: MutableBlockPos{x=77, y=35, z=418}, status: minecraft:features, currently generating: ResourceKey[minecraft:worldgen/placed_feature / ancient_elements:crystalsproud]
[22Mar2026 23:35:04.963] [Worker-Main-1/ERROR] [net.minecraft.Util/]: Detected setBlock in a far chunk [4, 26], pos: MutableBlockPos{x=66, y=39, z=421}, status: minecraft:features, currently generating: ResourceKey[minecraft:worldgen/placed_feature / ancient_elements:crystalsproud]
[22Mar2026 23:35:04.963] [Worker-Main-1/ERROR] [net.minecraft.Util/]: Detected setBlock in a far chunk [4, 26], pos: MutableBlockPos{x=71, y=35, z=418}, status: minecraft:features, currently generating: ResourceKey[minecraft:worldgen/placed_feature / ancient_elements:crystalsproud]
[22Mar2026 23:35:04.963] [Worker-Main-1/ERROR] [net.minecraft.Util/]: Detected setBlock in a far chunk [5, 26], pos: MutableBlockPos{x=83, y=35, z=416}, status: minecraft:features, currently generating: ResourceKey[minecraft:worldgen/placed_feature / ancient_elements:crystalsproud]
[22Mar2026 23:35:04.963] [Worker-Main-1/ERROR] [net.minecraft.Util/]: Detected setBlock in a far chunk [5, 26], pos: MutableBlockPos{x=81, y=33, z=420}, status: minecraft:features, currently generating: ResourceKey[minecraft:worldgen/placed_feature / ancient_elements:crystalsproud]
[22Mar2026 23:35:04.964] [Worker-Main-1/ERROR] [net.minecraft.Util/]: Detected setBlock in a far chunk [4, 26], pos: MutableBlockPos{x=74, y=36, z=418}, status: minecraft:features, currently generating: ResourceKey[minecraft:worldgen/placed_feature / ancient_elements:crystalsproud]
[22Mar2026 23:35:04.964] [Worker-Main-1/ERROR] [net.minecraft.Util/]: Detected setBlock in a far chunk [4, 26], pos: MutableBlockPos{x=77, y=36, z=417}, status: minecraft:features, currently generating: ResourceKey[minecraft:worldgen/placed_feature / ancient_elements:crystalsproud]
[22Mar2026 23:35:04.964] [Worker-Main-1/ERROR] [net.minecraft.Util/]: Detected setBlock in a far chunk [5, 26], pos: MutableBlockPos{x=83, y=35, z=424}, status: minecraft:features, currently generating: ResourceKey[minecraft:worldgen/placed_feature / ancient_elements:crystalsproud]
[22Mar2026 23:35:04.964] [Worker-Main-1/ERROR] [net.minecraft.Util/]: Detected setBlock in a far chunk [4, 26], pos: MutableBlockPos{x=76, y=34, z=418}, status: minecraft:features, currently generating: ResourceKey[minecraft:worldgen/placed_feature / ancient_elements:crystalsproud]
[22Mar2026 23:35:04.964] [Worker-Main-1/ERROR] [net.minecraft.Util/]: Detected setBlock in a far chunk [4, 26], pos: MutableBlockPos{x=69, y=37, z=416}, status: minecraft:features, currently generating: ResourceKey[minecraft:worldgen/placed_feature / ancient_elements:crystalsproud]
[22Mar2026 23:35:04.964] [Worker-Main-1/ERROR] [net.minecraft.Util/]: Detected setBlock in a far chunk [4, 26], pos: MutableBlockPos{x=77, y=37, z=416}, status: minecraft:features, currently generating: ResourceKey[minecraft:worldgen/placed_feature / ancient_elements:crystalsproud]
[22Mar2026 23:35:04.964] [Worker-Main-1/ERROR] [net.minecraft.Util/]: Detected setBlock in a far chunk [4, 26], pos: MutableBlockPos{x=73, y=38, z=418}, status: minecraft:features, currently generating: ResourceKey[minecraft:worldgen/placed_feature / ancient_elements:crystalsproud]
[22Mar2026 23:35:04.964] [Worker-Main-1/ERROR] [net.minecraft.Util/]: Detected setBlock in a far chunk [4, 26], pos: MutableBlockPos{x=75, y=38, z=421}, status: minecraft:features, currently generating: ResourceKey[minecraft:worldgen/placed_feature / ancient_elements:crystalsproud]
[22Mar2026 23:35:04.964] [Worker-Main-1/ERROR] [net.minecraft.Util/]: Detected setBlock in a far chunk [4, 26], pos: MutableBlockPos{x=69, y=36, z=416}, status: minecraft:features, currently generating: ResourceKey[minecraft:worldgen/placed_feature / ancient_elements:crystalsproud]
[22Mar2026 23:35:04.964] [Worker-Main-1/ERROR] [net.minecraft.Util/]: Detected setBlock in a far chunk [5, 26], pos: MutableBlockPos{x=82, y=32, z=420}, status: minecraft:features, currently generating: ResourceKey[minecraft:worldgen/placed_feature / ancient_elements:crystalsproud]
[22Mar2026 23:35:04.964] [Worker-Main-1/ERROR] [net.minecraft.Util/]: Detected setBlock in a far chunk [4, 26], pos: MutableBlockPos{x=79, y=33, z=422}, status: minecraft:features, currently generating: ResourceKey[minecraft:worldgen/placed_feature / ancient_elements:crystalsproud]
[22Mar2026 23:35:04.964] [Worker-Main-1/ERROR] [net.minecraft.Util/]: Detected setBlock in a far chunk [4, 26], pos: MutableBlockPos{x=75, y=34, z=422}, status: minecraft:features, currently generating: ResourceKey[minecraft:worldgen/placed_feature / ancient_elements:crystalsproud]
[22Mar2026 23:35:04.964] [Worker-Main-1/ERROR] [net.minecraft.Util/]: Detected setBlock in a far chunk [4, 26], pos: MutableBlockPos{x=75, y=37, z=418}, status: minecraft:features, currently generating: ResourceKey[minecraft:worldgen/placed_feature / ancient_elements:crystalsproud]
[22Mar2026 23:35:04.964] [Worker-Main-1/ERROR] [net.minecraft.Util/]: Detected setBlock in a far chunk [5, 26], pos: MutableBlockPos{x=89, y=32, z=422}, status: minecraft:features, currently generating: ResourceKey[minecraft:worldgen/placed_feature / ancient_elements:crystalsproud]
[22Mar2026 23:35:04.964] [Worker-Main-1/ERROR] [net.minecraft.Util/]: Detected setBlock in a far chunk [4, 26], pos: MutableBlockPos{x=70, y=35, z=418}, status: minecraft:features, currently generating: ResourceKey[minecraft:worldgen/placed_feature / ancient_elements:crystalsproud]
[22Mar2026 23:35:04.964] [Worker-Main-1/ERROR] [net.minecraft.Util/]: Detected setBlock in a far chunk [4, 26], pos: MutableBlockPos{x=71, y=34, z=417}, status: minecraft:features, currently generating: ResourceKey[minecraft:worldgen/placed_feature / ancient_elements:crystalsproud]
[22Mar2026 23:35:04.964] [Worker-Main-1/ERROR] [net.minecraft.Util/]: Detected setBlock in a far chunk [4, 26], pos: MutableBlockPos{x=74, y=29, z=416}, status: minecraft:features, currently generating: ResourceKey[minecraft:worldgen/placed_feature / ancient_elements:crystalsproud]
[22Mar2026 23:35:04.964] [Worker-Main-1/ERROR] [net.minecraft.Util/]: Detected setBlock in a far chunk [4, 26], pos: MutableBlockPos{x=73, y=32, z=422}, status: minecraft:features, currently generating: ResourceKey[minecraft:worldgen/placed_feature / ancient_elements:crystalsproud]
[22Mar2026 23:35:04.965] [Worker-Main-1/ERROR] [net.minecraft.Util/]: Detected setBlock in a far chunk [4, 26], pos: MutableBlockPos{x=76, y=34, z=420}, status: minecraft:features, currently generating: ResourceKey[minecraft:worldgen/placed_feature / ancient_elements:crystalsproud]
[22Mar2026 23:35:04.965] [Worker-Main-1/ERROR] [net.minecraft.Util/]: Detected setBlock in a far chunk [5, 26], pos: MutableBlockPos{x=85, y=32, z=417}, status: minecraft:features, currently generating: ResourceKey[minecraft:worldgen/placed_feature / ancient_elements:crystalsproud]
[22Mar2026 23:35:04.965] [Worker-Main-1/ERROR] [net.minecraft.Util/]: Detected setBlock in a far chunk [5, 26], pos: MutableBlockPos{x=83, y=34, z=420}, status: minecraft:features, currently generating: ResourceKey[minecraft:worldgen/placed_feature / ancient_elements:crystalsproud]
[22Mar2026 23:35:04.965] [Worker-Main-1/ERROR] [net.minecraft.Util/]: Detected setBlock in a far chunk [5, 26], pos: MutableBlockPos{x=82, y=35, z=416}, status: minecraft:features, currently generating: ResourceKey[minecraft:worldgen/placed_feature / ancient_elements:crystalsproud]
[22Mar2026 23:35:04.965] [Worker-Main-1/ERROR] [net.minecraft.Util/]: Detected setBlock in a far chunk [4, 26], pos: MutableBlockPos{x=75, y=31, z=420}, status: minecraft:features, currently generating: ResourceKey[minecraft:worldgen/placed_feature / ancient_elements:crystalsproud]
[22Mar2026 23:35:04.965] [Worker-Main-1/ERROR] [net.minecraft.Util/]: Detected setBlock in a far chunk [4, 26], pos: MutableBlockPos{x=74, y=41, z=418}, status: minecraft:features, currently generating: ResourceKey[minecraft:worldgen/placed_feature / ancient_elements:crystalsproud]
[22Mar2026 23:35:04.965] [Worker-Main-1/ERROR] [net.minecraft.Util/]: Detected setBlock in a far chunk [4, 26], pos: MutableBlockPos{x=66, y=37, z=417}, status: minecraft:features, currently generating: ResourceKey[minecraft:worldgen/placed_feature / ancient_elements:crystalsproud]
[22Mar2026 23:35:04.965] [Worker-Main-1/ERROR] [net.minecraft.Util/]: Detected setBlock in a far chunk [3, 26], pos: MutableBlockPos{x=62, y=42, z=416}, status: minecraft:features, currently generating: ResourceKey[minecraft:worldgen/placed_feature / ancient_elements:crystalsproud]
[22Mar2026 23:35:04.965] [Worker-Main-1/ERROR] [net.minecraft.Util/]: Detected setBlock in a far chunk [4, 26], pos: MutableBlockPos{x=69, y=41, z=419}, status: minecraft:features, currently generating: ResourceKey[minecraft:worldgen/placed_feature / ancient_elements:crystalsproud]
[22Mar2026 23:35:04.965] [Worker-Main-1/ERROR] [net.minecraft.Util/]: Detected setBlock in a far chunk [3, 26], pos: MutableBlockPos{x=58, y=42, z=419}, status: minecraft:features, currently generating: ResourceKey[minecraft:worldgen/placed_feature / ancient_elements:crystalsproud]
[22Mar2026 23:35:04.965] [Worker-Main-1/ERROR] [net.minecraft.Util/]: Detected setBlock in a far chunk [4, 26], pos: MutableBlockPos{x=66, y=42, z=416}, status: minecraft:features, currently generating: ResourceKey[minecraft:worldgen/placed_feature / ancient_elements:crystalsproud]
[22Mar2026 23:35:04.965] [Worker-Main-1/ERROR] [net.minecraft.Util/]: Detected setBlock in a far chunk [4, 26], pos: MutableBlockPos{x=67, y=36, z=416}, status: minecraft:features, currently generating: ResourceKey[minecraft:worldgen/placed_feature / ancient_elements:crystalsproud]
[22Mar2026 23:35:04.965] [Worker-Main-1/ERROR] [net.minecraft.Util/]: Detected setBlock in a far chunk [3, 26], pos: MutableBlockPos{x=61, y=44, z=419}, status: minecraft:features, currently generating: ResourceKey[minecraft:worldgen/placed_feature / ancient_elements:crystalsproud]
[22Mar2026 23:35:04.965] [Worker-Main-1/ERROR] [net.minecraft.Util/]: Detected setBlock in a far chunk [4, 26], pos: MutableBlockPos{x=78, y=43, z=416}, status: minecraft:features, currently generating: ResourceKey[minecraft:worldgen/placed_feature / ancient_elements:crystalsproud]
[22Mar2026 23:35:04.966] [Worker-Main-1/ERROR] [net.minecraft.Util/]: Detected setBlock in a far chunk [4, 26], pos: MutableBlockPos{x=64, y=45, z=417}, status: minecraft:features, currently generating: ResourceKey[minecraft:worldgen/placed_feature / ancient_elements:crystalsproud]
[22Mar2026 23:35:04.966] [Worker-Main-1/ERROR] [net.minecraft.Util/]: Detected setBlock in a far chunk [4, 26], pos: MutableBlockPos{x=69, y=43, z=417}, status: minecraft:features, currently generating: ResourceKey[minecraft:worldgen/placed_feature / ancient_elements:crystalsproud]
[22Mar2026 23:35:04.966] [Worker-Main-1/ERROR] [net.minecraft.Util/]: Detected setBlock in a far chunk [3, 26], pos: MutableBlockPos{x=62, y=27, z=417}, status: minecraft:features, currently generating: ResourceKey[minecraft:worldgen/placed_feature / ancient_elements:crystalsproud]
[22Mar2026 23:35:04.969] [Worker-Main-1/ERROR] [net.minecraft.Util/]: Detected setBlock in a far chunk [3, 26], pos: MutableBlockPos{x=60, y=36, z=416}, status: minecraft:features, currently generating: ResourceKey[minecraft:worldgen/placed_feature / ancient_elements:crystalsproud]
[22Mar2026 23:35:04.969] [Worker-Main-1/ERROR] [net.minecraft.Util/]: Detected setBlock in a far chunk [4, 26], pos: MutableBlockPos{x=71, y=31, z=419}, status: minecraft:features, currently generating: ResourceKey[minecraft:worldgen/placed_feature / ancient_elements:crystalsproud]
[22Mar2026 23:35:04.969] [Worker-Main-1/ERROR] [net.minecraft.Util/]: Detected setBlock in a far chunk [3, 26], pos: MutableBlockPos{x=63, y=39, z=416}, status: minecraft:features, currently generating: ResourceKey[minecraft:worldgen/placed_feature / ancient_elements:crystalsproud]
[22Mar2026 23:35:04.969] [Worker-Main-1/ERROR] [net.minecraft.Util/]: Detected setBlock in a far chunk [4, 26], pos: MutableBlockPos{x=65, y=32, z=416}, status: minecraft:features, currently generating: ResourceKey[minecraft:worldgen/placed_feature / ancient_elements:crystalsproud]
[22Mar2026 23:35:04.969] [Worker-Main-1/ERROR] [net.minecraft.Util/]: Detected setBlock in a far chunk [4, 26], pos: MutableBlockPos{x=76, y=31, z=418}, status: minecraft:features, currently generating: ResourceKey[minecraft:worldgen/placed_feature / ancient_elements:crystalsproud]
[22Mar2026 23:35:04.969] [Worker-Main-1/ERROR] [net.minecraft.Util/]: Detected setBlock in a far chunk [4, 26], pos: MutableBlockPos{x=72, y=32, z=419}, status: minecraft:features, currently generating: ResourceKey[minecraft:worldgen/placed_feature / ancient_elements:crystalsproud]
[22Mar2026 23:35:04.969] [Worker-Main-1/ERROR] [net.minecraft.Util/]: Detected setBlock in a far chunk [4, 26], pos: MutableBlockPos{x=67, y=39, z=418}, status: minecraft:features, currently generating: ResourceKey[minecraft:worldgen/placed_feature / ancient_elements:crystalsproud]
[22Mar2026 23:35:04.969] [Worker-Main-1/ERROR] [net.minecraft.Util/]: Detected setBlock in a far chunk [3, 26], pos: MutableBlockPos{x=63, y=30, z=421}, status: minecraft:features, currently generating: ResourceKey[minecraft:worldgen/placed_feature / ancient_elements:crystalsproud]
[22Mar2026 23:35:04.969] [Worker-Main-1/ERROR] [net.minecraft.Util/]: Detected setBlock in a far chunk [4, 26], pos: MutableBlockPos{x=77, y=35, z=421}, status: minecraft:features, currently generating: ResourceKey[minecraft:worldgen/placed_feature / ancient_elements:crystalsproud]
[22Mar2026 23:35:04.969] [Worker-Main-1/ERROR] [net.minecraft.Util/]: Detected setBlock in a far chunk [4, 26], pos: MutableBlockPos{x=76, y=34, z=417}, status: minecraft:features, currently generating: ResourceKey[minecraft:worldgen/placed_feature / ancient_elements:crystalsproud]
[22Mar2026 23:35:04.969] [Worker-Main-1/ERROR] [net.minecraft.Util/]: Detected setBlock in a far chunk [4, 26], pos: MutableBlockPos{x=76, y=33, z=419}, status: minecraft:features, currently generating: ResourceKey[minecraft:worldgen/placed_feature / ancient_elements:crystalsproud]
[22Mar2026 23:35:04.969] [Worker-Main-1/ERROR] [net.minecraft.Util/]: Detected setBlock in a far chunk [3, 26], pos: MutableBlockPos{x=59, y=39, z=420}, status: minecraft:features, currently generating: ResourceKey[minecraft:worldgen/placed_feature / ancient_elements:crystalsproud]
[22Mar2026 23:35:04.970] [Worker-Main-1/ERROR] [net.minecraft.Util/]: Detected setBlock in a far chunk [5, 26], pos: MutableBlockPos{x=82, y=24, z=420}, status: minecraft:features, currently generating: ResourceKey[minecraft:worldgen/placed_feature / ancient_elements:crystalsproud]
[22Mar2026 23:35:04.970] [Worker-Main-1/ERROR] [net.minecraft.Util/]: Detected setBlock in a far chunk [4, 26], pos: MutableBlockPos{x=76, y=25, z=419}, status: minecraft:features, currently generating: ResourceKey[minecraft:worldgen/placed_feature / ancient_elements:crystalsproud]
[22Mar2026 23:35:11.990] [Server thread/INFO] [net.minecraft.server.MinecraftServer/]: SebasGEO was slain by Grizzly Bear
[22Mar2026 23:35:28.988] [Worker-Main-1/ERROR] [net.minecraft.Util/]: Detected setBlock in a far chunk [4, 26], pos: MutableBlockPos{x=71, y=28, z=421}, status: minecraft:features, currently generating: ResourceKey[minecraft:worldgen/placed_feature / ancient_elements:crystalsproud]
[22Mar2026 23:35:28.988] [Worker-Main-1/ERROR] [net.minecraft.Util/]: Detected setBlock in a far chunk [4, 26], pos: MutableBlockPos{x=66, y=26, z=418}, status: minecraft:features, currently generating: ResourceKey[minecraft:worldgen/placed_feature / ancient_elements:crystalsproud]
[22Mar2026 23:35:28.988] [Worker-Main-1/ERROR] [net.minecraft.Util/]: Detected setBlock in a far chunk [3, 26], pos: MutableBlockPos{x=62, y=20, z=416}, status: minecraft:features, currently generating: ResourceKey[minecraft:worldgen/placed_feature / ancient_elements:crystalsproud]
[22Mar2026 23:35:28.988] [Worker-Main-1/ERROR] [net.minecraft.Util/]: Detected setBlock in a far chunk [4, 26], pos: MutableBlockPos{x=79, y=24, z=417}, status: minecraft:features, currently generating: ResourceKey[minecraft:worldgen/placed_feature / ancient_elements:crystalsproud]
[22Mar2026 23:35:28.988] [Worker-Main-1/ERROR] [net.minecraft.Util/]: Detected setBlock in a far chunk [4, 26], pos: MutableBlockPos{x=78, y=20, z=416}, status: minecraft:features, currently generating: ResourceKey[minecraft:worldgen/placed_feature / ancient_elements:crystalsproud]
[22Mar2026 23:35:28.988] [Worker-Main-1/ERROR] [net.minecraft.Util/]: Detected setBlock in a far chunk [4, 26], pos: MutableBlockPos{x=74, y=27, z=421}, status: minecraft:features, currently generating: ResourceKey[minecraft:worldgen/placed_feature / ancient_elements:crystalsproud]
[22Mar2026 23:35:28.988] [Worker-Main-1/ERROR] [net.minecraft.Util/]: Detected setBlock in a far chunk [4, 26], pos: MutableBlockPos{x=77, y=25, z=420}, status: minecraft:features, currently generating: ResourceKey[minecraft:worldgen/placed_feature / ancient_elements:crystalsproud]
[22Mar2026 23:35:28.988] [Worker-Main-1/ERROR] [net.minecraft.Util/]: Detected setBlock in a far chunk [4, 26], pos: MutableBlockPos{x=74, y=25, z=419}, status: minecraft:features, currently generating: ResourceKey[minecraft:worldgen/placed_feature / ancient_elements:crystalsproud]
[22Mar2026 23:35:28.988] [Worker-Main-1/ERROR] [net.minecraft.Util/]: Detected setBlock in a far chunk [4, 26], pos: MutableBlockPos{x=72, y=29, z=417}, status: minecraft:features, currently generating: ResourceKey[minecraft:worldgen/placed_feature / ancient_elements:crystalsproud]
[22Mar2026 23:35:28.988] [Worker-Main-1/ERROR] [net.minecraft.Util/]: Detected setBlock in a far chunk [4, 26], pos: MutableBlockPos{x=76, y=22, z=421}, status: minecraft:features, currently generating: ResourceKey[minecraft:worldgen/placed_feature / ancient_elements:crystalsproud]
[22Mar2026 23:35:28.988] [Worker-Main-1/ERROR] [net.minecraft.Util/]: Detected setBlock in a far chunk [4, 26], pos: MutableBlockPos{x=66, y=24, z=417}, status: minecraft:features, currently generating: ResourceKey[minecraft:worldgen/placed_feature / ancient_elements:crystalsproud]
[22Mar2026 23:35:28.988] [Worker-Main-1/ERROR] [net.minecraft.Util/]: Detected setBlock in a far chunk [4, 26], pos: MutableBlockPos{x=67, y=27, z=420}, status: minecraft:features, currently generating: ResourceKey[minecraft:worldgen/placed_feature / ancient_elements:crystalsproud]
[22Mar2026 23:35:28.988] [Worker-Main-1/ERROR] [net.minecraft.Util/]: Detected setBlock in a far chunk [4, 26], pos: MutableBlockPos{x=71, y=25, z=417}, status: minecraft:features, currently generating: ResourceKey[minecraft:worldgen/placed_feature / ancient_elements:crystalsproud]
[22Mar2026 23:35:28.988] [Worker-Main-1/ERROR] [net.minecraft.Util/]: Detected setBlock in a far chunk [5, 26], pos: MutableBlockPos{x=81, y=28, z=419}, status: minecraft:features, currently generating: ResourceKey[minecraft:worldgen/placed_feature / ancient_elements:crystalsproud]
[22Mar2026 23:35:28.988] [Worker-Main-1/ERROR] [net.minecraft.Util/]: Detected setBlock in a far chunk [4, 26], pos: MutableBlockPos{x=71, y=23, z=418}, status: minecraft:features, currently generating: ResourceKey[minecraft:worldgen/placed_feature / ancient_elements:crystalsproud]
[22Mar2026 23:35:28.988] [Worker-Main-1/ERROR] [net.minecraft.Util/]: Detected setBlock in a far chunk [4, 26], pos: MutableBlockPos{x=68, y=25, z=418}, status: minecraft:features, currently generating: ResourceKey[minecraft:worldgen/placed_feature / ancient_elements:crystalsproud]
[22Mar2026 23:35:28.989] [Worker-Main-1/ERROR] [net.minecraft.Util/]: Detected setBlock in a far chunk [4, 26], pos: MutableBlockPos{x=73, y=20, z=418}, status: minecraft:features, currently generating: ResourceKey[minecraft:worldgen/placed_feature / ancient_elements:crystalsproud]
[22Mar2026 23:35:28.989] [Worker-Main-1/ERROR] [net.minecraft.Util/]: Detected setBlock in a far chunk [4, 26], pos: MutableBlockPos{x=74, y=22, z=420}, status: minecraft:features, currently generating: ResourceKey[minecraft:worldgen/placed_feature / ancient_elements:crystalsproud]
[22Mar2026 23:35:28.989] [Worker-Main-1/ERROR] [net.minecraft.Util/]: Detected setBlock in a far chunk [4, 26], pos: MutableBlockPos{x=72, y=29, z=418}, status: minecraft:features, currently generating: ResourceKey[minecraft:worldgen/placed_feature / ancient_elements:crystalsproud]
[22Mar2026 23:35:28.989] [Worker-Main-1/ERROR] [net.minecraft.Util/]: Detected setBlock in a far chunk [4, 26], pos: MutableBlockPos{x=79, y=7, z=416}, status: minecraft:features, currently generating: ResourceKey[minecraft:worldgen/placed_feature / ancient_elements:crystalsproud]
[22Mar2026 23:35:28.989] [Worker-Main-1/ERROR] [net.minecraft.Util/]: Detected setBlock in a far chunk [4, 26], pos: MutableBlockPos{x=65, y=9, z=418}, status: minecraft:features, currently generating: ResourceKey[minecraft:worldgen/placed_feature / ancient_elements:crystalsproud]
[22Mar2026 23:35:28.989] [Worker-Main-1/ERROR] [net.minecraft.Util/]: Detected setBlock in a far chunk [4, 26], pos: MutableBlockPos{x=75, y=1, z=417}, status: minecraft:features, currently generating: ResourceKey[minecraft:worldgen/placed_feature / ancient_elements:crystalsproud]
[22Mar2026 23:35:28.989] [Worker-Main-1/ERROR] [net.minecraft.Util/]: Detected setBlock in a far chunk [3, 26], pos: MutableBlockPos{x=61, y=4, z=417}, status: minecraft:features, currently generating: ResourceKey[minecraft:worldgen/placed_feature / ancient_elements:crystalsproud]
[22Mar2026 23:35:28.989] [Worker-Main-1/ERROR] [net.minecraft.Util/]: Detected setBlock in a far chunk [4, 26], pos: MutableBlockPos{x=73, y=3, z=417}, status: minecraft:features, currently generating: ResourceKey[minecraft:worldgen/placed_feature / ancient_elements:crystalsproud]
[22Mar2026 23:35:28.989] [Worker-Main-1/ERROR] [net.minecraft.Util/]: Detected setBlock in a far chunk [4, 26], pos: MutableBlockPos{x=68, y=0, z=417}, status: minecraft:features, currently generating: ResourceKey[minecraft:worldgen/placed_feature / ancient_elements:crystalsproud]
[22Mar2026 23:35:28.989] [Worker-Main-1/ERROR] [net.minecraft.Util/]: Detected setBlock in a far chunk [3, 26], pos: MutableBlockPos{x=62, y=7, z=419}, status: minecraft:features, currently generating: ResourceKey[minecraft:worldgen/placed_feature / ancient_elements:crystalsproud]
[22Mar2026 23:35:28.989] [Worker-Main-1/ERROR] [net.minecraft.Util/]: Detected setBlock in a far chunk [3, 26], pos: MutableBlockPos{x=59, y=7, z=417}, status: minecraft:features, currently generating: ResourceKey[minecraft:worldgen/placed_feature / ancient_elements:crystalsproud]
[22Mar2026 23:35:28.989] [Worker-Main-1/ERROR] [net.minecraft.Util/]: Detected setBlock in a far chunk [4, 26], pos: MutableBlockPos{x=76, y=3, z=416}, status: minecraft:features, currently generating: ResourceKey[minecraft:worldgen/placed_feature / ancient_elements:crystalsproud]
[22Mar2026 23:35:28.989] [Worker-Main-1/ERROR] [net.minecraft.Util/]: Detected setBlock in a far chunk [3, 26], pos: MutableBlockPos{x=63, y=2, z=416}, status: minecraft:features, currently generating: ResourceKey[minecraft:worldgen/placed_feature / ancient_elements:crystalsproud]
[22Mar2026 23:35:28.989] [Worker-Main-1/ERROR] [net.minecraft.Util/]: Detected setBlock in a far chunk [4, 26], pos: MutableBlockPos{x=77, y=4, z=416}, status: minecraft:features, currently generating: ResourceKey[minecraft:worldgen/placed_feature / ancient_elements:crystalsproud]
[22Mar2026 23:35:28.989] [Worker-Main-1/ERROR] [net.minecraft.Util/]: Detected setBlock in a far chunk [3, 26], pos: MutableBlockPos{x=61, y=-1, z=416}, status: minecraft:features, currently generating: ResourceKey[minecraft:worldgen/placed_feature / ancient_elements:crystalsproud]
[22Mar2026 23:35:28.989] [Worker-Main-1/ERROR] [net.minecraft.Util/]: Detected setBlock in a far chunk [4, 26], pos: MutableBlockPos{x=72, y=5, z=416}, status: minecraft:features, currently generating: ResourceKey[minecraft:worldgen/placed_feature / ancient_elements:crystalsproud]
[22Mar2026 23:35:28.989] [Worker-Main-1/ERROR] [net.minecraft.Util/]: Detected setBlock in a far chunk [4, 26], pos: MutableBlockPos{x=72, y=4, z=416}, status: minecraft:features, currently generating: ResourceKey[minecraft:worldgen/placed_feature / ancient_elements:crystalsproud]
[22Mar2026 23:35:28.989] [Worker-Main-1/ERROR] [net.minecraft.Util/]: Detected setBlock in a far chunk [4, 26], pos: MutableBlockPos{x=70, y=4, z=416}, status: minecraft:features, currently generating: ResourceKey[minecraft:worldgen/placed_feature / ancient_elements:crystalsproud]
[22Mar2026 23:35:28.989] [Worker-Main-1/ERROR] [net.minecraft.Util/]: Detected setBlock in a far chunk [4, 26], pos: MutableBlockPos{x=76, y=4, z=418}, status: minecraft:features, currently generating: ResourceKey[minecraft:worldgen/placed_feature / ancient_elements:crystalsproud]
[22Mar2026 23:35:28.989] [Worker-Main-1/ERROR] [net.minecraft.Util/]: Detected setBlock in a far chunk [4, 26], pos: MutableBlockPos{x=70, y=1, z=418}, status: minecraft:features, currently generating: ResourceKey[minecraft:worldgen/placed_feature / ancient_elements:crystalsproud]
[22Mar2026 23:35:28.990] [Worker-Main-1/ERROR] [net.minecraft.Util/]: Detected setBlock in a far chunk [4, 26], pos: MutableBlockPos{x=66, y=4, z=417}, status: minecraft:features, currently generating: ResourceKey[minecraft:worldgen/placed_feature / ancient_elements:crystalsproud]
[22Mar2026 23:35:28.990] [Worker-Main-1/ERROR] [net.minecraft.Util/]: Detected setBlock in a far chunk [4, 26], pos: MutableBlockPos{x=68, y=8, z=418}, status: minecraft:features, currently generating: ResourceKey[minecraft:worldgen/placed_feature / ancient_elements:crystalsproud]
[22Mar2026 23:35:28.990] [Worker-Main-1/ERROR] [net.minecraft.Util/]: Detected setBlock in a far chunk [4, 26], pos: MutableBlockPos{x=72, y=3, z=417}, status: minecraft:features, currently generating: ResourceKey[minecraft:worldgen/placed_feature / ancient_elements:crystalsproud]
[22Mar2026 23:35:28.990] [Worker-Main-1/ERROR] [net.minecraft.Util/]: Detected setBlock in a far chunk [4, 26], pos: MutableBlockPos{x=65, y=6, z=420}, status: minecraft:features, currently generating: ResourceKey[minecraft:worldgen/placed_feature / ancient_elements:crystalsproud]
[22Mar2026 23:35:28.990] [Worker-Main-1/ERROR] [net.minecraft.Util/]: Detected setBlock in a far chunk [4, 26], pos: MutableBlockPos{x=79, y=4, z=417}, status: minecraft:features, currently generating: ResourceKey[minecraft:worldgen/placed_feature / ancient_elements:crystalsproud]
[22Mar2026 23:35:28.990] [Worker-Main-1/ERROR] [net.minecraft.Util/]: Detected setBlock in a far chunk [4, 26], pos: MutableBlockPos{x=77, y=4, z=422}, status: minecraft:features, currently generating: ResourceKey[minecraft:worldgen/placed_feature / ancient_elements:crystalsproud]
[22Mar2026 23:35:28.991] [Worker-Main-1/ERROR] [net.minecraft.Util/]: Detected setBlock in a far chunk [4, 26], pos: MutableBlockPos{x=72, y=0, z=416}, status: minecraft:features, currently generating: ResourceKey[minecraft:worldgen/placed_feature / ancient_elements:crystalsproud]
[22Mar2026 23:35:28.991] [Worker-Main-1/ERROR] [net.minecraft.Util/]: Detected setBlock in a far chunk [4, 26], pos: MutableBlockPos{x=78, y=5, z=422}, status: minecraft:features, currently generating: ResourceKey[minecraft:worldgen/placed_feature / ancient_elements:crystalsproud]
[22Mar2026 23:35:28.991] [Worker-Main-1/ERROR] [net.minecraft.Util/]: Detected setBlock in a far chunk [4, 26], pos: MutableBlockPos{x=72, y=3, z=422}, status: minecraft:features, currently generating: ResourceKey[minecraft:worldgen/placed_feature / ancient_elements:crystalsproud]
[22Mar2026 23:35:28.991] [Worker-Main-1/ERROR] [net.minecraft.Util/]: Detected setBlock in a far chunk [4, 26], pos: MutableBlockPos{x=64, y=6, z=417}, status: minecraft:features, currently generating: ResourceKey[minecraft:worldgen/placed_feature / ancient_elements:crystalsproud]
[22Mar2026 23:35:28.991] [Worker-Main-1/ERROR] [net.minecraft.Util/]: Detected setBlock in a far chunk [3, 26], pos: MutableBlockPos{x=62, y=4, z=420}, status: minecraft:features, currently generating: ResourceKey[minecraft:worldgen/placed_feature / ancient_elements:crystalsproud]
[22Mar2026 23:35:28.991] [Worker-Main-1/ERROR] [net.minecraft.Util/]: Detected setBlock in a far chunk [4, 26], pos: MutableBlockPos{x=70, y=9, z=418}, status: minecraft:features, currently generating: ResourceKey[minecraft:worldgen/placed_feature / ancient_elements:crystalsproud]
[22Mar2026 23:35:28.991] [Worker-Main-1/ERROR] [net.minecraft.Util/]: Detected setBlock in a far chunk [4, 26], pos: MutableBlockPos{x=68, y=3, z=420}, status: minecraft:features, currently generating: ResourceKey[minecraft:worldgen/placed_feature / ancient_elements:crystalsproud]
[22Mar2026 23:35:28.991] [Worker-Main-1/ERROR] [net.minecraft.Util/]: Detected setBlock in a far chunk [4, 26], pos: MutableBlockPos{x=78, y=2, z=417}, status: minecraft:features, currently generating: ResourceKey[minecraft:worldgen/placed_feature / ancient_elements:crystalsproud]
[22Mar2026 23:35:28.991] [Worker-Main-1/ERROR] [net.minecraft.Util/]: Detected setBlock in a far chunk [3, 26], pos: MutableBlockPos{x=62, y=3, z=420}, status: minecraft:features, currently generating: ResourceKey[minecraft:worldgen/placed_feature / ancient_elements:crystalsproud]
[22Mar2026 23:35:29.033] [Server thread/INFO] [net.minecraft.server.network.ServerLoginPacketListenerImpl/]: com.mojang.authlib.GameProfile@7717c381[id=<null>,name=Kekin,properties={},legacy=false] (/127.68.214.94:58851) lost connection: Disconnected
[22Mar2026 23:35:29.034] [Server thread/INFO] [tombstone/]: The player SebasGEO has successfully been saved
[22Mar2026 23:35:30.161] [Server thread/INFO] [net.minecraft.server.MinecraftServer/]: [Not Secure] <SebasGEO> xd
[22Mar2026 23:35:30.202] [Server thread/INFO] [com.alrex.parcool.ParCool/]: Sent Server Limitation of [SebasGEO]
[22Mar2026 23:35:30.203] [Server thread/INFO] [com.alrex.parcool.ParCool/]: Received Client Information of [SebasGEO]
[22Mar2026 23:35:32.986] [Server thread/ERROR] [net.minecraft.stats.ServerRecipeBook/]: Tried to load unrecognized recipe: dtbop:infested_seed_to_biomesoplenty_dead_sapling removed now.
[22Mar2026 23:35:32.987] [Server thread/ERROR] [net.minecraft.stats.ServerRecipeBook/]: Tried to load unrecognized recipe: dynamictrees:minecraft_birch_sapling_to_birch_seed removed now.
[22Mar2026 23:35:32.987] [Server thread/ERROR] [net.minecraft.stats.ServerRecipeBook/]: Tried to load unrecognized recipe: dtbop:silk_seed_to_biomesoplenty_dead_sapling removed now.
[22Mar2026 23:35:32.987] [Server thread/ERROR] [net.minecraft.stats.ServerRecipeBook/]: Tried to load unrecognized recipe: dynamictrees:minecraft_dark_oak_sapling_to_dark_oak_seed removed now.
[22Mar2026 23:35:32.987] [Server thread/ERROR] [net.minecraft.stats.ServerRecipeBook/]: Tried to load unrecognized recipe: dynamictrees:minecraft_azalea_to_azalea_seed removed now.
[22Mar2026 23:35:32.987] [Server thread/ERROR] [net.minecraft.stats.ServerRecipeBook/]: Tried to load unrecognized recipe: dtquark:quark_ancient_fruit_to_ancient_seed removed now.
[22Mar2026 23:35:32.988] [Server thread/ERROR] [net.minecraft.stats.ServerRecipeBook/]: Tried to load unrecognized recipe: dtbop:biomesoplenty_dead_sapling_to_tall_dying_seed removed now.
[22Mar2026 23:35:32.988] [Server thread/ERROR] [net.minecraft.stats.ServerRecipeBook/]: Tried to load unrecognized recipe: dtquark:ancient_seed_to_quark_ancient_sapling removed now.
[22Mar2026 23:35:32.988] [Server thread/ERROR] [net.minecraft.stats.ServerRecipeBook/]: Tried to load unrecognized recipe: dtbop:rainbow_birch_seed_to_biomesoplenty_rainbow_birch_sapling removed now.
[22Mar2026 23:35:32.988] [Server thread/ERROR] [net.minecraft.stats.ServerRecipeBook/]: Tried to load unrecognized recipe: dynamictrees:minecraft_mangrove_propagule_to_mangrove_seed removed now.
[22Mar2026 23:35:32.989] [Server thread/ERROR] [net.minecraft.stats.ServerRecipeBook/]: Tried to load unrecognized recipe: dtbop:umbran_seed_to_biomesoplenty_umbran_sapling removed now.
[22Mar2026 23:35:32.989] [Server thread/ERROR] [net.minecraft.stats.ServerRecipeBook/]: Tried to load unrecognized recipe: dynamictrees:minecraft_cherry_sapling_to_cherry_seed removed now.
[22Mar2026 23:35:32.989] [Server thread/ERROR] [net.minecraft.stats.ServerRecipeBook/]: Tried to load unrecognized recipe: dynamictrees:crimson_seed_to_minecraft_crimson_fungus removed now.
[22Mar2026 23:35:32.989] [Server thread/ERROR] [net.minecraft.stats.ServerRecipeBook/]: Tried to load unrecognized recipe: dtbop:biomesoplenty_orange_maple_sapling_to_orange_maple_seed removed now.
[22Mar2026 23:35:32.990] [Server thread/ERROR] [net.minecraft.stats.ServerRecipeBook/]: Tried to load unrecognized recipe: dynamictrees:warped_seed_to_minecraft_warped_fungus removed now.
[22Mar2026 23:35:32.990] [Server thread/ERROR] [net.minecraft.stats.ServerRecipeBook/]: Tried to load unrecognized recipe: dtquark:serene_blossom_seed_to_quark_lavender_blossom_sapling removed now.
[22Mar2026 23:35:32.990] [Server thread/ERROR] [net.minecraft.stats.ServerRecipeBook/]: Tried to load unrecognized recipe: dtquark:quark_ancient_sapling_to_ancient_seed removed now.
[22Mar2026 23:35:32.990] [Server thread/ERROR] [net.minecraft.stats.ServerRecipeBook/]: Tried to load unrecognized recipe: dynamictrees:minecraft_apple_to_apple_oak_seed removed now.
[22Mar2026 23:35:32.991] [Server thread/ERROR] [net.minecraft.stats.ServerRecipeBook/]: Tried to load unrecognized recipe: dtquark:quark_lavender_blossom_sapling_to_serene_blossom_seed removed now.
[22Mar2026 23:35:32.991] [Server thread/ERROR] [net.minecraft.stats.ServerRecipeBook/]: Tried to load unrecognized recipe: dtquark:quark_yellow_blossom_sapling_to_sunny_blossom_seed removed now.
[22Mar2026 23:35:32.991] [Server thread/ERROR] [net.minecraft.stats.ServerRecipeBook/]: Tried to load unrecognized recipe: dtbop:biomesoplenty_dead_sapling_to_silk_seed removed now.
[22Mar2026 23:35:32.991] [Server thread/ERROR] [net.minecraft.stats.ServerRecipeBook/]: Tried to load unrecognized recipe: dtbop:small_redwood_seed_to_biomesoplenty_redwood_sapling removed now.
[22Mar2026 23:35:32.992] [Server thread/ERROR] [net.minecraft.stats.ServerRecipeBook/]: Tried to load unrecognized recipe: dtbop:mahogany_seed_to_biomesoplenty_mahogany_sapling removed now.
[22Mar2026 23:35:32.992] [Server thread/ERROR] [net.minecraft.stats.ServerRecipeBook/]: Tried to load unrecognized recipe: dtbop:biomesoplenty_red_maple_sapling_to_red_maple_seed removed now.
[22Mar2026 23:35:32.992] [Server thread/ERROR] [net.minecraft.stats.ServerRecipeBook/]: Tried to load unrecognized recipe: dtbop:red_maple_seed_to_biomesoplenty_red_maple_sapling removed now.
[22Mar2026 23:35:32.992] [Server thread/ERROR] [net.minecraft.stats.ServerRecipeBook/]: Tried to load unrecognized recipe: dynamictrees:acacia_seed_to_minecraft_acacia_sapling removed now.
[22Mar2026 23:35:32.992] [Server thread/ERROR] [net.minecraft.stats.ServerRecipeBook/]: Tried to load unrecognized recipe: dtbop:biomesoplenty_jacaranda_sapling_to_jacaranda_seed removed now.
[22Mar2026 23:35:32.992] [Server thread/ERROR] [net.minecraft.stats.ServerRecipeBook/]: Tried to load unrecognized recipe: dynamictrees:spruce_seed_to_minecraft_spruce_sapling removed now.
[22Mar2026 23:35:32.992] [Server thread/ERROR] [net.minecraft.stats.ServerRecipeBook/]: Tried to load unrecognized recipe: dtbop:fir_seed_to_biomesoplenty_fir_sapling removed now.
[22Mar2026 23:35:32.993] [Server thread/ERROR] [net.minecraft.stats.ServerRecipeBook/]: Tried to load unrecognized recipe: dtbop:jacaranda_seed_to_biomesoplenty_jacaranda_sapling removed now.
[22Mar2026 23:35:32.993] [Server thread/ERROR] [net.minecraft.stats.ServerRecipeBook/]: Tried to load unrecognized recipe: dtbop:tall_dying_seed_to_biomesoplenty_dead_sapling removed now.
[22Mar2026 23:35:32.993] [Server thread/ERROR] [net.minecraft.stats.ServerRecipeBook/]: Tried to load unrecognized recipe: dtbop:biomesoplenty_magic_sapling_to_magic_poplar_seed removed now.
[22Mar2026 23:35:32.993] [Server thread/ERROR] [net.minecraft.stats.ServerRecipeBook/]: Tried to load unrecognized recipe: dynamictrees:minecraft_warped_fungus_to_warped_seed removed now.
[22Mar2026 23:35:32.993] [Server thread/ERROR] [net.minecraft.stats.ServerRecipeBook/]: Tried to load unrecognized recipe: dtbop:biomesoplenty_dead_sapling_to_dying_seed removed now.
[22Mar2026 23:35:32.993] [Server thread/ERROR] [net.minecraft.stats.ServerRecipeBook/]: Tried to load unrecognized recipe: dtbop:orange_maple_seed_to_biomesoplenty_orange_maple_sapling removed now.
[22Mar2026 23:35:32.994] [Server thread/ERROR] [net.minecraft.stats.ServerRecipeBook/]: Tried to load unrecognized recipe: dtbop:biomesoplenty_willow_sapling_to_willow_seed removed now.
[22Mar2026 23:35:32.994] [Server thread/ERROR] [net.minecraft.stats.ServerRecipeBook/]: Tried to load unrecognized recipe: dynamictrees:minecraft_flowering_azalea_to_azalea_seed removed now.
[22Mar2026 23:35:32.994] [Server thread/ERROR] [net.minecraft.stats.ServerRecipeBook/]: Tried to load unrecognized recipe: dynamictrees:minecraft_oak_sapling_to_oak_seed removed now.
[22Mar2026 23:35:32.994] [Server thread/ERROR] [net.minecraft.stats.ServerRecipeBook/]: Tried to load unrecognized recipe: dynamictrees:jungle_seed_to_minecraft_jungle_sapling removed now.
[22Mar2026 23:35:32.994] [Server thread/ERROR] [net.minecraft.stats.ServerRecipeBook/]: Tried to load unrecognized recipe: dtquark:fiery_blossom_seed_to_quark_red_blossom_sapling removed now.
[22Mar2026 23:35:32.994] [Server thread/ERROR] [net.minecraft.stats.ServerRecipeBook/]: Tried to load unrecognized recipe: dtquark:frosty_blossom_seed_to_quark_blue_blossom_sapling removed now.
[22Mar2026 23:35:32.994] [Server thread/ERROR] [net.minecraft.stats.ServerRecipeBook/]: Tried to load unrecognized recipe: dtbop:biomesoplenty_mahogany_sapling_to_mahogany_seed removed now.
[22Mar2026 23:35:32.995] [Server thread/ERROR] [net.minecraft.stats.ServerRecipeBook/]: Tried to load unrecognized recipe: dtbop:biomesoplenty_hellbark_sapling_to_hellbark_bush_seed removed now.
[22Mar2026 23:35:32.995] [Server thread/ERROR] [net.minecraft.stats.ServerRecipeBook/]: Tried to load unrecognized recipe: dtbop:palm_seed_to_biomesoplenty_palm_sapling removed now.
[22Mar2026 23:35:32.995] [Server thread/ERROR] [net.minecraft.stats.ServerRecipeBook/]: Tried to load unrecognized recipe: dynamictrees:cherry_seed_to_minecraft_cherry_sapling removed now.
[22Mar2026 23:35:32.995] [Server thread/ERROR] [net.minecraft.stats.ServerRecipeBook/]: Tried to load unrecognized recipe: dtbop:flowering_oak_seed_to_biomesoplenty_flowering_oak_sapling removed now.
[22Mar2026 23:35:32.996] [Server thread/ERROR] [net.minecraft.stats.ServerRecipeBook/]: Tried to load unrecognized recipe: dynamictrees:minecraft_jungle_sapling_to_jungle_seed removed now.
[22Mar2026 23:35:32.996] [Server thread/ERROR] [net.minecraft.stats.ServerRecipeBook/]: Tried to load unrecognized recipe: dtquark:sunny_blossom_seed_to_quark_yellow_blossom_sapling removed now.
[22Mar2026 23:35:32.996] [Server thread/ERROR] [net.minecraft.stats.ServerRecipeBook/]: Tried to load unrecognized recipe: dtbop:magic_poplar_seed_to_biomesoplenty_magic_sapling removed now.
[22Mar2026 23:35:32.996] [Server thread/ERROR] [net.minecraft.stats.ServerRecipeBook/]: Tried to load unrecognized recipe: dtbop:biomesoplenty_palm_sapling_to_palm_seed removed now.
[22Mar2026 23:35:32.996] [Server thread/ERROR] [net.minecraft.stats.ServerRecipeBook/]: Tried to load unrecognized recipe: dtbop:snowblossom_seed_to_biomesoplenty_snowblossom_sapling removed now.
[22Mar2026 23:35:32.996] [Server thread/ERROR] [net.minecraft.stats.ServerRecipeBook/]: Tried to load unrecognized recipe: dtbop:biomesoplenty_yellow_maple_sapling_to_yellow_maple_seed removed now.
[22Mar2026 23:35:32.996] [Server thread/ERROR] [net.minecraft.stats.ServerRecipeBook/]: Tried to load unrecognized recipe: dynamictrees:minecraft_spruce_sapling_to_spruce_seed removed now.
[22Mar2026 23:35:32.997] [Server thread/ERROR] [net.minecraft.stats.ServerRecipeBook/]: Tried to load unrecognized recipe: dynamictrees:azalea_seed_to_minecraft_azalea removed now.
[22Mar2026 23:35:32.997] [Server thread/ERROR] [net.minecraft.stats.ServerRecipeBook/]: Tried to load unrecognized recipe: dtquark:warm_blossom_seed_to_quark_orange_blossom_sapling removed now.
[22Mar2026 23:35:32.997] [Server thread/ERROR] [net.minecraft.stats.ServerRecipeBook/]: Tried to load unrecognized recipe: dtbop:biomesoplenty_redwood_sapling_to_small_redwood_seed removed now.
[22Mar2026 23:35:32.998] [Server thread/ERROR] [net.minecraft.stats.ServerRecipeBook/]: Tried to load unrecognized recipe: dynamictrees:oak_seed_to_minecraft_oak_sapling removed now.
[22Mar2026 23:35:32.998] [Server thread/ERROR] [net.minecraft.stats.ServerRecipeBook/]: Tried to load unrecognized recipe: dtbop:dying_seed_to_biomesoplenty_dead_sapling removed now.
[22Mar2026 23:35:32.998] [Server thread/ERROR] [net.minecraft.stats.ServerRecipeBook/]: Tried to load unrecognized recipe: dtbop:biomesoplenty_pine_sapling_to_pine_seed removed now.
[22Mar2026 23:35:32.998] [Server thread/ERROR] [net.minecraft.stats.ServerRecipeBook/]: Tried to load unrecognized recipe: dtbop:hellbark_bush_seed_to_biomesoplenty_hellbark_sapling removed now.
[22Mar2026 23:35:32.999] [Server thread/ERROR] [net.minecraft.stats.ServerRecipeBook/]: Tried to load unrecognized recipe: dynamictrees:dark_oak_seed_to_minecraft_dark_oak_sapling removed now.
[22Mar2026 23:35:32.999] [Server thread/ERROR] [net.minecraft.stats.ServerRecipeBook/]: Tried to load unrecognized recipe: dtbop:willow_seed_to_biomesoplenty_willow_sapling removed now.
[22Mar2026 23:35:32.999] [Server thread/ERROR] [net.minecraft.stats.ServerRecipeBook/]: Tried to load unrecognized recipe: dtbop:biomesoplenty_flowering_oak_sapling_to_flowering_oak_seed removed now.
[22Mar2026 23:35:32.999] [Server thread/ERROR] [net.minecraft.stats.ServerRecipeBook/]: Tried to load unrecognized recipe: dtquark:quark_red_blossom_sapling_to_fiery_blossom_seed removed now.
[22Mar2026 23:35:32.999] [Server thread/ERROR] [net.minecraft.stats.ServerRecipeBook/]: Tried to load unrecognized recipe: dynamictrees:minecraft_crimson_fungus_to_crimson_seed removed now.
[22Mar2026 23:35:32.999] [Server thread/ERROR] [net.minecraft.stats.ServerRecipeBook/]: Tried to load unrecognized recipe: dynamictrees:mangrove_seed_to_minecraft_mangrove_propagule removed now.
[22Mar2026 23:35:33.000] [Server thread/ERROR] [net.minecraft.stats.ServerRecipeBook/]: Tried to load unrecognized recipe: dynamictrees:minecraft_acacia_sapling_to_acacia_seed removed now.
[22Mar2026 23:35:33.000] [Server thread/ERROR] [net.minecraft.stats.ServerRecipeBook/]: Tried to load unrecognized recipe: dtbop:biomesoplenty_rainbow_birch_sapling_to_rainbow_birch_seed removed now.
[22Mar2026 23:35:33.000] [Server thread/ERROR] [net.minecraft.stats.ServerRecipeBook/]: Tried to load unrecognized recipe: dtbop:biomesoplenty_snowblossom_sapling_to_snowblossom_seed removed now.
[22Mar2026 23:35:33.001] [Server thread/ERROR] [net.minecraft.stats.ServerRecipeBook/]: Tried to load unrecognized recipe: dtquark:quark_orange_blossom_sapling_to_warm_blossom_seed removed now.
[22Mar2026 23:35:33.001] [Server thread/ERROR] [net.minecraft.stats.ServerRecipeBook/]: Tried to load unrecognized recipe: dtbop:pine_seed_to_biomesoplenty_pine_sapling removed now.
[22Mar2026 23:35:33.001] [Server thread/ERROR] [net.minecraft.stats.ServerRecipeBook/]: Tried to load unrecognized recipe: dynamictrees:birch_seed_to_minecraft_birch_sapling removed now.
[22Mar2026 23:35:33.001] [Server thread/ERROR] [net.minecraft.stats.ServerRecipeBook/]: Tried to load unrecognized recipe: dynamictrees:azalea_seed_to_minecraft_flowering_azalea removed now.
[22Mar2026 23:35:33.002] [Server thread/ERROR] [net.minecraft.stats.ServerRecipeBook/]: Tried to load unrecognized recipe: dtbop:biomesoplenty_dead_sapling_to_infested_seed removed now.
[22Mar2026 23:35:33.002] [Server thread/ERROR] [net.minecraft.stats.ServerRecipeBook/]: Tried to load unrecognized recipe: dtbop:yellow_maple_seed_to_biomesoplenty_yellow_maple_sapling removed now.
[22Mar2026 23:35:33.002] [Server thread/ERROR] [net.minecraft.stats.ServerRecipeBook/]: Tried to load unrecognized recipe: dtbop:biomesoplenty_umbran_sapling_to_umbran_seed removed now.
[22Mar2026 23:35:33.002] [Server thread/ERROR] [net.minecraft.stats.ServerRecipeBook/]: Tried to load unrecognized recipe: dtquark:quark_blue_blossom_sapling_to_frosty_blossom_seed removed now.
[22Mar2026 23:35:33.002] [Server thread/ERROR] [net.minecraft.stats.ServerRecipeBook/]: Tried to load unrecognized recipe: dtbop:biomesoplenty_fir_sapling_to_fir_seed removed now.
[22Mar2026 23:35:33.002] [Server thread/ERROR] [net.minecraft.stats.ServerRecipeBook/]: Tried to load unrecognized recipe: dynamictrees:jungle_seed_to_minecraft_jungle_sapling removed now.
[22Mar2026 23:35:33.003] [Server thread/ERROR] [net.minecraft.stats.ServerRecipeBook/]: Tried to load unrecognized recipe: dtquark:fiery_blossom_seed_to_quark_red_blossom_sapling removed now.
[22Mar2026 23:35:33.003] [Server thread/ERROR] [net.minecraft.stats.ServerRecipeBook/]: Tried to load unrecognized recipe: dtbop:infested_seed_to_biomesoplenty_dead_sapling removed now.
[22Mar2026 23:35:33.003] [Server thread/ERROR] [net.minecraft.stats.ServerRecipeBook/]: Tried to load unrecognized recipe: dynamictrees:minecraft_birch_sapling_to_birch_seed removed now.
[22Mar2026 23:35:33.003] [Server thread/ERROR] [net.minecraft.stats.ServerRecipeBook/]: Tried to load unrecognized recipe: dtquark:frosty_blossom_seed_to_quark_blue_blossom_sapling removed now.
[22Mar2026 23:35:33.003] [Server thread/ERROR] [net.minecraft.stats.ServerRecipeBook/]: Tried to load unrecognized recipe: dtbop:biomesoplenty_mahogany_sapling_to_mahogany_seed removed now.
[22Mar2026 23:35:33.003] [Server thread/ERROR] [net.minecraft.stats.ServerRecipeBook/]: Tried to load unrecognized recipe: dtbop:silk_seed_to_biomesoplenty_dead_sapling removed now.
[22Mar2026 23:35:33.003] [Server thread/ERROR] [net.minecraft.stats.ServerRecipeBook/]: Tried to load unrecognized recipe: dynamictrees:minecraft_dark_oak_sapling_to_dark_oak_seed removed now.
[22Mar2026 23:35:33.003] [Server thread/ERROR] [net.minecraft.stats.ServerRecipeBook/]: Tried to load unrecognized recipe: dtbop:biomesoplenty_hellbark_sapling_to_hellbark_bush_seed removed now.
[22Mar2026 23:35:33.004] [Server thread/ERROR] [net.minecraft.stats.ServerRecipeBook/]: Tried to load unrecognized recipe: dtbop:palm_seed_to_biomesoplenty_palm_sapling removed now.
[22Mar2026 23:35:33.004] [Server thread/ERROR] [net.minecraft.stats.ServerRecipeBook/]: Tried to load unrecognized recipe: dynamictrees:cherry_seed_to_minecraft_cherry_sapling removed now.
[22Mar2026 23:35:33.004] [Server thread/ERROR] [net.minecraft.stats.ServerRecipeBook/]: Tried to load unrecognized recipe: dynamictrees:minecraft_azalea_to_azalea_seed removed now.
[22Mar2026 23:35:33.004] [Server thread/ERROR] [net.minecraft.stats.ServerRecipeBook/]: Tried to load unrecognized recipe: dtbop:flowering_oak_seed_to_biomesoplenty_flowering_oak_sapling removed now.
[22Mar2026 23:35:33.004] [Server thread/ERROR] [net.minecraft.stats.ServerRecipeBook/]: Tried to load unrecognized recipe: dynamictrees:minecraft_jungle_sapling_to_jungle_seed removed now.
[22Mar2026 23:35:33.004] [Server thread/ERROR] [net.minecraft.stats.ServerRecipeBook/]: Tried to load unrecognized recipe: dtquark:sunny_blossom_seed_to_quark_yellow_blossom_sapling removed now.
[22Mar2026 23:35:33.004] [Server thread/ERROR] [net.minecraft.stats.ServerRecipeBook/]: Tried to load unrecognized recipe: dtquark:quark_ancient_fruit_to_ancient_seed removed now.
[22Mar2026 23:35:33.004] [Server thread/ERROR] [net.minecraft.stats.ServerRecipeBook/]: Tried to load unrecognized recipe: dtbop:biomesoplenty_dead_sapling_to_tall_dying_seed removed now.
[22Mar2026 23:35:33.004] [Server thread/ERROR] [net.minecraft.stats.ServerRecipeBook/]: Tried to load unrecognized recipe: dtquark:ancient_seed_to_quark_ancient_sapling removed now.
[22Mar2026 23:35:33.005] [Server thread/ERROR] [net.minecraft.stats.ServerRecipeBook/]: Tried to load unrecognized recipe: dtbop:magic_poplar_seed_to_biomesoplenty_magic_sapling removed now.
[22Mar2026 23:35:33.005] [Server thread/ERROR] [net.minecraft.stats.ServerRecipeBook/]: Tried to load unrecognized recipe: dtbop:biomesoplenty_palm_sapling_to_palm_seed removed now.
[22Mar2026 23:35:33.005] [Server thread/ERROR] [net.minecraft.stats.ServerRecipeBook/]: Tried to load unrecognized recipe: dtbop:snowblossom_seed_to_biomesoplenty_snowblossom_sapling removed now.
[22Mar2026 23:35:33.005] [Server thread/ERROR] [net.minecraft.stats.ServerRecipeBook/]: Tried to load unrecognized recipe: dtbop:biomesoplenty_yellow_maple_sapling_to_yellow_maple_seed removed now.
[22Mar2026 23:35:33.005] [Server thread/ERROR] [net.minecraft.stats.ServerRecipeBook/]: Tried to load unrecognized recipe: dtbop:rainbow_birch_seed_to_biomesoplenty_rainbow_birch_sapling removed now.
[22Mar2026 23:35:33.005] [Server thread/ERROR] [net.minecraft.stats.ServerRecipeBook/]: Tried to load unrecognized recipe: dynamictrees:minecraft_spruce_sapling_to_spruce_seed removed now.
[22Mar2026 23:35:33.005] [Server thread/ERROR] [net.minecraft.stats.ServerRecipeBook/]: Tried to load unrecognized recipe: dynamictrees:minecraft_mangrove_propagule_to_mangrove_seed removed now.
[22Mar2026 23:35:33.005] [Server thread/ERROR] [net.minecraft.stats.ServerRecipeBook/]: Tried to load unrecognized recipe: dtbop:umbran_seed_to_biomesoplenty_umbran_sapling removed now.
[22Mar2026 23:35:33.006] [Server thread/ERROR] [net.minecraft.stats.ServerRecipeBook/]: Tried to load unrecognized recipe: dynamictrees:azalea_seed_to_minecraft_azalea removed now.
[22Mar2026 23:35:33.006] [Server thread/ERROR] [net.minecraft.stats.ServerRecipeBook/]: Tried to load unrecognized recipe: dynamictrees:minecraft_cherry_sapling_to_cherry_seed removed now.
[22Mar2026 23:35:33.006] [Server thread/ERROR] [net.minecraft.stats.ServerRecipeBook/]: Tried to load unrecognized recipe: dynamictrees:crimson_seed_to_minecraft_crimson_fungus removed now.
[22Mar2026 23:35:33.006] [Server thread/ERROR] [net.minecraft.stats.ServerRecipeBook/]: Tried to load unrecognized recipe: dtquark:warm_blossom_seed_to_quark_orange_blossom_sapling removed now.
[22Mar2026 23:35:33.007] [Server thread/ERROR] [net.minecraft.stats.ServerRecipeBook/]: Tried to load unrecognized recipe: dtbop:biomesoplenty_orange_maple_sapling_to_orange_maple_seed removed now.
[22Mar2026 23:35:33.007] [Server thread/ERROR] [net.minecraft.stats.ServerRecipeBook/]: Tried to load unrecognized recipe: dtbop:biomesoplenty_redwood_sapling_to_small_redwood_seed removed now.
[22Mar2026 23:35:33.007] [Server thread/ERROR] [net.minecraft.stats.ServerRecipeBook/]: Tried to load unrecognized recipe: dynamictrees:warped_seed_to_minecraft_warped_fungus removed now.
[22Mar2026 23:35:33.007] [Server thread/ERROR] [net.minecraft.stats.ServerRecipeBook/]: Tried to load unrecognized recipe: dtquark:serene_blossom_seed_to_quark_lavender_blossom_sapling removed now.
[22Mar2026 23:35:33.007] [Server thread/ERROR] [net.minecraft.stats.ServerRecipeBook/]: Tried to load unrecognized recipe: dtquark:quark_ancient_sapling_to_ancient_seed removed now.
[22Mar2026 23:35:33.009] [Server thread/ERROR] [net.minecraft.stats.ServerRecipeBook/]: Tried to load unrecognized recipe: dynamictrees:oak_seed_to_minecraft_oak_sapling removed now.
[22Mar2026 23:35:33.010] [Server thread/ERROR] [net.minecraft.stats.ServerRecipeBook/]: Tried to load unrecognized recipe: dynamictrees:minecraft_apple_to_apple_oak_seed removed now.
[22Mar2026 23:35:33.010] [Server thread/ERROR] [net.minecraft.stats.ServerRecipeBook/]: Tried to load unrecognized recipe: dtbop:dying_seed_to_biomesoplenty_dead_sapling removed now.
[22Mar2026 23:35:33.011] [Server thread/ERROR] [net.minecraft.stats.ServerRecipeBook/]: Tried to load unrecognized recipe: dtquark:quark_lavender_blossom_sapling_to_serene_blossom_seed removed now.
[22Mar2026 23:35:33.011] [Server thread/ERROR] [net.minecraft.stats.ServerRecipeBook/]: Tried to load unrecognized recipe: dtquark:quark_yellow_blossom_sapling_to_sunny_blossom_seed removed now.
[22Mar2026 23:35:33.011] [Server thread/ERROR] [net.minecraft.stats.ServerRecipeBook/]: Tried to load unrecognized recipe: dtbop:biomesoplenty_dead_sapling_to_silk_seed removed now.
[22Mar2026 23:35:33.011] [Server thread/ERROR] [net.minecraft.stats.ServerRecipeBook/]: Tried to load unrecognized recipe: dtbop:biomesoplenty_pine_sapling_to_pine_seed removed now.
[22Mar2026 23:35:33.011] [Server thread/ERROR] [net.minecraft.stats.ServerRecipeBook/]: Tried to load unrecognized recipe: dtbop:hellbark_bush_seed_to_biomesoplenty_hellbark_sapling removed now.
[22Mar2026 23:35:33.011] [Server thread/ERROR] [net.minecraft.stats.ServerRecipeBook/]: Tried to load unrecognized recipe: dynamictrees:dark_oak_seed_to_minecraft_dark_oak_sapling removed now.
[22Mar2026 23:35:33.011] [Server thread/ERROR] [net.minecraft.stats.ServerRecipeBook/]: Tried to load unrecognized recipe: dtbop:small_redwood_seed_to_biomesoplenty_redwood_sapling removed now.
[22Mar2026 23:35:33.012] [Server thread/ERROR] [net.minecraft.stats.ServerRecipeBook/]: Tried to load unrecognized recipe: dtbop:mahogany_seed_to_biomesoplenty_mahogany_sapling removed now.
[22Mar2026 23:35:33.012] [Server thread/ERROR] [net.minecraft.stats.ServerRecipeBook/]: Tried to load unrecognized recipe: dtbop:willow_seed_to_biomesoplenty_willow_sapling removed now.
[22Mar2026 23:35:33.012] [Server thread/ERROR] [net.minecraft.stats.ServerRecipeBook/]: Tried to load unrecognized recipe: dtbop:biomesoplenty_red_maple_sapling_to_red_maple_seed removed now.
[22Mar2026 23:35:33.012] [Server thread/ERROR] [net.minecraft.stats.ServerRecipeBook/]: Tried to load unrecognized recipe: dtbop:red_maple_seed_to_biomesoplenty_red_maple_sapling removed now.
[22Mar2026 23:35:33.012] [Server thread/ERROR] [net.minecraft.stats.ServerRecipeBook/]: Tried to load unrecognized recipe: dtbop:biomesoplenty_flowering_oak_sapling_to_flowering_oak_seed removed now.
[22Mar2026 23:35:33.013] [Server thread/ERROR] [net.minecraft.stats.ServerRecipeBook/]: Tried to load unrecognized recipe: dtquark:quark_red_blossom_sapling_to_fiery_blossom_seed removed now.
[22Mar2026 23:35:33.013] [Server thread/ERROR] [net.minecraft.stats.ServerRecipeBook/]: Tried to load unrecognized recipe: dynamictrees:acacia_seed_to_minecraft_acacia_sapling removed now.
[22Mar2026 23:35:33.013] [Server thread/ERROR] [net.minecraft.stats.ServerRecipeBook/]: Tried to load unrecognized recipe: dtbop:biomesoplenty_jacaranda_sapling_to_jacaranda_seed removed now.
[22Mar2026 23:35:33.013] [Server thread/ERROR] [net.minecraft.stats.ServerRecipeBook/]: Tried to load unrecognized recipe: dynamictrees:minecraft_crimson_fungus_to_crimson_seed removed now.
[22Mar2026 23:35:33.013] [Server thread/ERROR] [net.minecraft.stats.ServerRecipeBook/]: Tried to load unrecognized recipe: dynamictrees:mangrove_seed_to_minecraft_mangrove_propagule removed now.
[22Mar2026 23:35:33.013] [Server thread/ERROR] [net.minecraft.stats.ServerRecipeBook/]: Tried to load unrecognized recipe: dynamictrees:minecraft_acacia_sapling_to_acacia_seed removed now.
[22Mar2026 23:35:33.013] [Server thread/ERROR] [net.minecraft.stats.ServerRecipeBook/]: Tried to load unrecognized recipe: dynamictrees:spruce_seed_to_minecraft_spruce_sapling removed now.
[22Mar2026 23:35:33.013] [Server thread/ERROR] [net.minecraft.stats.ServerRecipeBook/]: Tried to load unrecognized recipe: dtbop:fir_seed_to_biomesoplenty_fir_sapling removed now.
[22Mar2026 23:35:33.013] [Server thread/ERROR] [net.minecraft.stats.ServerRecipeBook/]: Tried to load unrecognized recipe: dtbop:jacaranda_seed_to_biomesoplenty_jacaranda_sapling removed now.
[22Mar2026 23:35:33.014] [Server thread/ERROR] [net.minecraft.stats.ServerRecipeBook/]: Tried to load unrecognized recipe: dtbop:tall_dying_seed_to_biomesoplenty_dead_sapling removed now.
[22Mar2026 23:35:33.014] [Server thread/ERROR] [net.minecraft.stats.ServerRecipeBook/]: Tried to load unrecognized recipe: dtbop:biomesoplenty_magic_sapling_to_magic_poplar_seed removed now.
[22Mar2026 23:35:33.014] [Server thread/ERROR] [net.minecraft.stats.ServerRecipeBook/]: Tried to load unrecognized recipe: dtbop:biomesoplenty_rainbow_birch_sapling_to_rainbow_birch_seed removed now.
[22Mar2026 23:35:33.014] [Server thread/ERROR] [net.minecraft.stats.ServerRecipeBook/]: Tried to load unrecognized recipe: dynamictrees:minecraft_warped_fungus_to_warped_seed removed now.
[22Mar2026 23:35:33.015] [Server thread/ERROR] [net.minecraft.stats.ServerRecipeBook/]: Tried to load unrecognized recipe: dtbop:biomesoplenty_dead_sapling_to_dying_seed removed now.
[22Mar2026 23:35:33.015] [Server thread/ERROR] [net.minecraft.stats.ServerRecipeBook/]: Tried to load unrecognized recipe: dtbop:biomesoplenty_snowblossom_sapling_to_snowblossom_seed removed now.
[22Mar2026 23:35:33.015] [Server thread/ERROR] [net.minecraft.stats.ServerRecipeBook/]: Tried to load unrecognized recipe: dtbop:orange_maple_seed_to_biomesoplenty_orange_maple_sapling removed now.
[22Mar2026 23:35:33.015] [Server thread/ERROR] [net.minecraft.stats.ServerRecipeBook/]: Tried to load unrecognized recipe: dtquark:quark_orange_blossom_sapling_to_warm_blossom_seed removed now.
[22Mar2026 23:35:33.016] [Server thread/ERROR] [net.minecraft.stats.ServerRecipeBook/]: Tried to load unrecognized recipe: dtbop:pine_seed_to_biomesoplenty_pine_sapling removed now.
[22Mar2026 23:35:33.016] [Server thread/ERROR] [net.minecraft.stats.ServerRecipeBook/]: Tried to load unrecognized recipe: dynamictrees:birch_seed_to_minecraft_birch_sapling removed now.
[22Mar2026 23:35:33.017] [Server thread/ERROR] [net.minecraft.stats.ServerRecipeBook/]: Tried to load unrecognized recipe: dynamictrees:azalea_seed_to_minecraft_flowering_azalea removed now.
[22Mar2026 23:35:33.018] [Server thread/ERROR] [net.minecraft.stats.ServerRecipeBook/]: Tried to load unrecognized recipe: dtbop:biomesoplenty_dead_sapling_to_infested_seed removed now.
[22Mar2026 23:35:33.018] [Server thread/ERROR] [net.minecraft.stats.ServerRecipeBook/]: Tried to load unrecognized recipe: dtbop:biomesoplenty_willow_sapling_to_willow_seed removed now.
[22Mar2026 23:35:33.018] [Server thread/ERROR] [net.minecraft.stats.ServerRecipeBook/]: Tried to load unrecognized recipe: dtbop:yellow_maple_seed_to_biomesoplenty_yellow_maple_sapling removed now.
[22Mar2026 23:35:33.018] [Server thread/ERROR] [net.minecraft.stats.ServerRecipeBook/]: Tried to load unrecognized recipe: dynamictrees:minecraft_flowering_azalea_to_azalea_seed removed now.
[22Mar2026 23:35:33.018] [Server thread/ERROR] [net.minecraft.stats.ServerRecipeBook/]: Tried to load unrecognized recipe: dtbop:biomesoplenty_umbran_sapling_to_umbran_seed removed now.
[22Mar2026 23:35:33.018] [Server thread/ERROR] [net.minecraft.stats.ServerRecipeBook/]: Tried to load unrecognized recipe: dtquark:quark_blue_blossom_sapling_to_frosty_blossom_seed removed now.
[22Mar2026 23:35:33.018] [Server thread/ERROR] [net.minecraft.stats.ServerRecipeBook/]: Tried to load unrecognized recipe: dynamictrees:minecraft_oak_sapling_to_oak_seed removed now.
[22Mar2026 23:35:33.018] [Server thread/ERROR] [net.minecraft.stats.ServerRecipeBook/]: Tried to load unrecognized recipe: dtbop:biomesoplenty_fir_sapling_to_fir_seed removed now.
[22Mar2026 23:35:33.021] [Server thread/INFO] [net.minecraft.server.players.PlayerList/]: Kekin[/127.68.214.94:50181] logged in with entity id 25694 at (883.3074801885045, 63.0, 139.04695421593644)
[22Mar2026 23:35:33.043] [Server thread/INFO] [ModernFix/]: Using enhanced recipe sync for player Kekin
[22Mar2026 23:35:33.068] [Server thread/INFO] [net.minecraft.server.MinecraftServer/]: Kekin joined the game
[22Mar2026 23:35:33.102] [Server thread/WARN] [net.minecraft.world.scores.Scoreboard/]: Requested creation of existing team 'pillagers'
[22Mar2026 23:35:33.103] [Server thread/WARN] [net.minecraft.world.scores.Scoreboard/]: Requested creation of existing team 'villagers'
[22Mar2026 23:35:33.103] [Server thread/INFO] [Jade/]: Syncing config to Kekin (6447abfc-ec7a-33ab-946c-e8e797ff1ad1)
[22Mar2026 23:35:33.820] [Server thread/WARN] [ImprovableSkills/]: Skill tick took too long! (559 ms, expected <50 ms!). Time map: [improvableskills:ladder_king=559, improvableskills:luck_of_the_sea=0, improvableskills:silent_foot=0, improvableskills:obsidian_skin=0, improvableskills:attack_speed=0, improvableskills:dexterous_arms=0, improvableskills:huckster=0, improvableskills:fast_swimmer=0, improvableskills:growth=0, improvableskills:accelerated_furnace=0, improvableskills:pvp=0, improvableskills:xp_plus=0, improvableskills:soft_landing=0, improvableskills:cutting=0, improvableskills:treasure_sands=0, improvableskills:mob_repellent=0, improvableskills:mining=0, improvableskills:atkdmg_ranged=0, improvableskills:alchemist=0, improvableskills:leaper=0, improvableskills:atkdmg_melee=0, improvableskills:ender_manipulator=0, improvableskills:generic_protection=0, improvableskills:health=0, improvableskills:enchanter=0, improvableskills:digging=0, improvableskills:soul_speed=0]
[22Mar2026 23:35:33.825] [Server thread/INFO] [voicechat/]: [voicechat] Received secret request of Kekin (20)
[22Mar2026 23:35:33.825] [Server thread/INFO] [voicechat/]: [voicechat] Sent secret to Kekin
[22Mar2026 23:35:33.825] [Server thread/INFO] [com.alrex.parcool.ParCool/]: Limitation of 6447abfc-ec7a-33ab-946c-e8e797ff1ad1 was loaded
[22Mar2026 23:35:33.825] [Server thread/INFO] [com.alrex.parcool.ParCool/]: Sent Server Limitation of [Kekin]
[22Mar2026 23:35:33.826] [Server thread/INFO] [com.alrex.parcool.ParCool/]: Received Client Information of [Kekin]
[22Mar2026 23:35:33.826] [Server thread/INFO] [ImprovableSkills/]: Sending skill data to Kekin (6447abfc-ec7a-33ab-946c-e8e797ff1ad1)
[22Mar2026 23:35:37.970] [Server thread/INFO] [net.minecraft.server.MinecraftServer/]: SebasGEO has made the advancement [Ice Bucket Challenge]
[22Mar2026 23:35:38.755] [Server thread/WARN] [net.minecraft.server.MinecraftServer/]: Can't keep up! Is the server overloaded? Running 20689ms or 413 ticks behind
[22Mar2026 23:35:42.538] [Server thread/INFO] [net.minecraft.server.MinecraftServer/]: [Not Secure] <Kekin> se anda laggeando
[22Mar2026 23:35:52.651] [Server thread/INFO] [net.minecraft.server.MinecraftServer/]: [Not Secure] <SebasGEO> github no quiere que lo dejes solo
